{"type":"FeatureCollection","crs":{"type":"name","properties":{"name":"EPSG:4326"}},"features":[{"type":"Feature","geometry":{"type":"LineString","coordinates":[[-122.336936739241,47.6072908535864],[-122.335987399074,47.6076874371085]]},"properties":{"UNITDESC":"UNIVERSITY ST BETWEEN 2ND AVE AND 3RD AVE","PARKING_CATEGORY":"Paid Parking","PAID_SPACES":4,"WKD_RATE1":2.5,"WKD_RATE2":6,"WKD_RATE3":1.5,"PARKING_TIME_LIMIT":120,"PEAK_HOUR":null,"START_TIME_WKD":"08AM","END_TIME_WKD":"08PM"}},{"type":"Feature","geometry":{"type":"LineString","coordinates":[[-122.329032826859,47.6119834497045],[-122.328014705101,47.6124101878931]]},"properties":{"UNITDESC":"UNION ST BETWEEN TERRY AVE AND BOREN AVE","PARKING_CATEGORY":"Restricted Parking Zone","PAID_SPACES":8,"WKD_RATE1":1,"WKD_RATE2":7,"WKD_RATE3":6.5,"PARKING_TIME_LIMIT":120,"PEAK_HOUR":null,"START_TIME_WKD":"08AM","END_TIME_WKD":"08PM"}},{"type":"Feature","geometry":{"type":"LineString","coordinates":[[-122.338576094919,47.6123106648563],[-122.337839851467,47.6128801445276]]},"properties":{"UNITDESC":"STEWART ST BETWEEN 4TH AVE AND 5TH AVE","PARKING_CATEGORY":"Paid Parking","PAID_SPACES":8,"WKD_RATE1":1,"WKD_RATE2":2.5,"WKD_RATE3":1,"PARKING_TIME_LIMIT":120,"PEAK_HOUR":null,"START_TIME_WKD":"08AM","END_TIME_WKD":"08PM"}},{"type":"Feature","geometry":{"type":"LineString","coordinates":[[-122.341474520743,47.6138091680456],[-122.342632268477,47.6144937113075]]},"properties":{"UNITDESC":"4TH AVE BETWEEN LENORA ST AND BLANCHARD ST","PARKING_CATEGORY":"Paid Parking","PAID_SPACES":10,"WKD_RATE1":1,"WKD_RATE2":2.5,"WKD_RATE3":1,"PARKING_TIME_LIMIT":120,"PEAK_HOUR":null,"START_TIME_WKD":"08AM","END_TIME_WKD":"08PM"}},{"type":"Feature","geometry":{"type":"LineString","coordinates":[[-122.336854477835,47.6088430281272],[-122.335903600188,47.6092415002572]]},"properties":{"UNITDESC":"UNION ST BETWEEN 3RD AVE AND 4TH AVE","PARKING_CATEGORY":"Paid Parking","PAID_SPACES":1,"WKD_RATE1":2.5,"WKD_RATE2":6,"WKD_RATE3":1.5,"PARKING_TIME_LIMIT":30,"PEAK_HOUR":null,"START_TIME_WKD":"08AM","END_TIME_WKD":"08PM"}},{"type":"Feature","geometry":{"type":"LineString","coordinates":[[-122.333768436173,47.6038173390294],[-122.334321178724,47.604421752086]]},"properties":{"UNITDESC":"2ND AVE BETWEEN COLUMBIA ST AND MARION ST","PARKING_CATEGORY":"Paid Parking","PAID_SPACES":8,"WKD_RATE1":2,"WKD_RATE2":1.5,"WKD_RATE3":1,"PARKING_TIME_LIMIT":120,"PEAK_HOUR":"3-7PM","START_TIME_WKD":"08AM","END_TIME_WKD":"08PM"}},{"type":"Feature","geometry":{"type":"LineString","coordinates":[[-122.338872228158,47.6122854804384],[-122.340029555126,47.6129695879679]]},"properties":{"UNITDESC":"4TH AVE BETWEEN STEWART ST AND VIRGINIA ST","PARKING_CATEGORY":"Paid Parking","PAID_SPACES":8,"WKD_RATE1":1,"WKD_RATE2":2.5,"WKD_RATE3":1,"PARKING_TIME_LIMIT":120,"PEAK_HOUR":null,"START_TIME_WKD":"08AM","END_TIME_WKD":"08PM"}},{"type":"Feature","geometry":{"type":"LineString","coordinates":[[-122.345076139023,47.6126125331775],[-122.344288144874,47.6132217311569]]},"properties":{"UNITDESC":"BLANCHARD ST BETWEEN 1ST AVE AND 2ND AVE","PARKING_CATEGORY":"Paid Parking","PAID_SPACES":4,"WKD_RATE1":1,"WKD_RATE2":2.5,"WKD_RATE3":1,"PARKING_TIME_LIMIT":120,"PEAK_HOUR":null,"START_TIME_WKD":"08AM","END_TIME_WKD":"08PM"}},{"type":"Feature","geometry":{"type":"LineString","coordinates":[[-122.338521398515,47.6122777088059],[-122.337530589751,47.6126948689309]]},"properties":{"UNITDESC":"OLIVE WAY BETWEEN 4TH AVE AND 5TH AVE","PARKING_CATEGORY":"Paid Parking","PAID_SPACES":6,"WKD_RATE1":2.5,"WKD_RATE2":6,"WKD_RATE3":1.5,"PARKING_TIME_LIMIT":120,"PEAK_HOUR":"6-9AM 3-7PM","START_TIME_WKD":"08AM","END_TIME_WKD":"08PM"}},{"type":"Feature","geometry":{"type":"LineString","coordinates":[[-122.327503780449,47.6084293258344],[-122.328098590484,47.6090802540663]]},"properties":{"UNITDESC":"9TH AVE BETWEEN MADISON ST AND SPRING ST","PARKING_CATEGORY":"Paid Parking","PAID_SPACES":6,"WKD_RATE1":1,"WKD_RATE2":7,"WKD_RATE3":6.5,"PARKING_TIME_LIMIT":120,"PEAK_HOUR":null,"START_TIME_WKD":"08AM","END_TIME_WKD":"08PM"}},{"type":"Feature","geometry":{"type":"LineString","coordinates":[[-122.334826658436,47.6083251536192],[-122.333875659635,47.6087234465986]]},"properties":{"UNITDESC":"UNIVERSITY ST BETWEEN 4TH AVE AND 5TH AVE","PARKING_CATEGORY":"Paid Parking","PAID_SPACES":3,"WKD_RATE1":2.5,"WKD_RATE2":6,"WKD_RATE3":1.5,"PARKING_TIME_LIMIT":120,"PEAK_HOUR":null,"START_TIME_WKD":"08AM","END_TIME_WKD":"08PM"}},{"type":"Feature","geometry":{"type":"LineString","coordinates":[[-122.337369048625,47.6127529679584],[-122.336415613554,47.6131515564081]]},"properties":{"UNITDESC":"OLIVE WAY BETWEEN 5TH AVE AND 6TH AVE","PARKING_CATEGORY":"Paid Parking","PAID_SPACES":5,"WKD_RATE1":2.5,"WKD_RATE2":6,"WKD_RATE3":1.5,"PARKING_TIME_LIMIT":120,"PEAK_HOUR":"6-9AM 3-7PM","START_TIME_WKD":"08AM","END_TIME_WKD":"08PM"}},{"type":"Feature","geometry":{"type":"LineString","coordinates":[[-122.338315052518,47.6067920785952],[-122.339146611711,47.6077013065503]]},"properties":{"UNITDESC":"1ST AVE BETWEEN UNIVERSITY ST AND UNION ST","PARKING_CATEGORY":"Paid Parking","PAID_SPACES":8,"WKD_RATE1":2.5,"WKD_RATE2":6,"WKD_RATE3":1.5,"PARKING_TIME_LIMIT":120,"PEAK_HOUR":"6-9AM 3-7PM","START_TIME_WKD":"08AM","END_TIME_WKD":"08PM"}},{"type":"Feature","geometry":{"type":"LineString","coordinates":[[-122.335156628447,47.6136825905248],[-122.3342035962,47.6140777622479]]},"properties":{"UNITDESC":"OLIVE WAY BETWEEN 7TH AVE AND HOWELL ST","PARKING_CATEGORY":"Paid Parking","PAID_SPACES":5,"WKD_RATE1":2.5,"WKD_RATE2":6,"WKD_RATE3":1.5,"PARKING_TIME_LIMIT":120,"PEAK_HOUR":"3-7PM","START_TIME_WKD":"08AM","END_TIME_WKD":"08PM"}},{"type":"Feature","geometry":{"type":"LineString","coordinates":[[-122.339947196619,47.6088840459797],[-122.340798358292,47.6098145100592]]},"properties":{"UNITDESC":"1ST AVE BETWEEN PIKE ST AND PINE ST","PARKING_CATEGORY":"Paid Parking","PAID_SPACES":8,"WKD_RATE1":2.5,"WKD_RATE2":6,"WKD_RATE3":1.5,"PARKING_TIME_LIMIT":120,"PEAK_HOUR":null,"START_TIME_WKD":"08AM","END_TIME_WKD":"08PM"}},{"type":"Feature","geometry":{"type":"LineString","coordinates":[[-122.334228366385,47.612672672324],[-122.335057657077,47.613579206559]]},"properties":{"UNITDESC":"7TH AVE BETWEEN PINE ST AND OLIVE WAY","PARKING_CATEGORY":"Paid Parking","PAID_SPACES":10,"WKD_RATE1":2.5,"WKD_RATE2":6,"WKD_RATE3":1.5,"PARKING_TIME_LIMIT":120,"PEAK_HOUR":null,"START_TIME_WKD":"08AM","END_TIME_WKD":"08PM"}},{"type":"Feature","geometry":{"type":"LineString","coordinates":[[-122.340454555793,47.6145935242285],[-122.341627785949,47.615287254732]]},"properties":{"UNITDESC":"5TH AVE BETWEEN LENORA ST AND BLANCHARD ST","PARKING_CATEGORY":"Paid Parking","PAID_SPACES":7,"WKD_RATE1":1,"WKD_RATE2":2.5,"WKD_RATE3":1,"PARKING_TIME_LIMIT":120,"PEAK_HOUR":null,"START_TIME_WKD":"08AM","END_TIME_WKD":"08PM"}},{"type":"Feature","geometry":{"type":"LineString","coordinates":[[-122.337684930839,47.6060983441129],[-122.338282215247,47.6067509860773]]},"properties":{"UNITDESC":"1ST AVE BETWEEN SENECA ST AND UNIVERSITY ST","PARKING_CATEGORY":"Paid Parking","PAID_SPACES":4,"WKD_RATE1":2.5,"WKD_RATE2":6,"WKD_RATE3":1.5,"PARKING_TIME_LIMIT":120,"PEAK_HOUR":null,"START_TIME_WKD":"08AM","END_TIME_WKD":"08PM"}},{"type":"Feature","geometry":{"type":"LineString","coordinates":[[-122.336285751786,47.6132123714453],[-122.335335063687,47.6136112885738]]},"properties":{"UNITDESC":"OLIVE WAY BETWEEN 6TH AVE AND 7TH AVE","PARKING_CATEGORY":"Paid Parking","PAID_SPACES":4,"WKD_RATE1":2.5,"WKD_RATE2":6,"WKD_RATE3":1.5,"PARKING_TIME_LIMIT":120,"PEAK_HOUR":"3-7PM","START_TIME_WKD":"08AM","END_TIME_WKD":"08PM"}},{"type":"Feature","geometry":{"type":"LineString","coordinates":[[-122.339673504558,47.6102719705737],[-122.33872422163,47.6106690012159]]},"properties":{"UNITDESC":"PINE ST BETWEEN 2ND AVE AND 3RD AVE","PARKING_CATEGORY":"Paid Parking","PAID_SPACES":2,"WKD_RATE1":2.5,"WKD_RATE2":6,"WKD_RATE3":1.5,"PARKING_TIME_LIMIT":30,"PEAK_HOUR":null,"START_TIME_WKD":"08AM","END_TIME_WKD":"08PM"}},{"type":"Feature","geometry":{"type":"LineString","coordinates":[[-122.332032247938,47.6035705903218],[-122.331083607195,47.603967544268]]},"properties":{"UNITDESC":"CHERRY ST BETWEEN 3RD AVE AND 4TH AVE","PARKING_CATEGORY":"Paid Parking","PAID_SPACES":4,"WKD_RATE1":2,"WKD_RATE2":1.5,"WKD_RATE3":1,"PARKING_TIME_LIMIT":120,"PEAK_HOUR":"3-6PM","START_TIME_WKD":"08AM","END_TIME_WKD":"08PM"}},{"type":"Feature","geometry":{"type":"LineString","coordinates":[[-122.342497557822,47.6146143660803],[-122.341707741619,47.6152252886808]]},"properties":{"UNITDESC":"BLANCHARD ST BETWEEN 4TH AVE AND 5TH AVE","PARKING_CATEGORY":"Paid Parking","PAID_SPACES":4,"WKD_RATE1":1,"WKD_RATE2":2.5,"WKD_RATE3":1,"PARKING_TIME_LIMIT":120,"PEAK_HOUR":"6-9AM 3-7PM","START_TIME_WKD":"08AM","END_TIME_WKD":"08PM"}},{"type":"Feature","geometry":{"type":"LineString","coordinates":[[-122.331330745366,47.6128489719684],[-122.331896433368,47.6134786950517]]},"properties":{"UNITDESC":"9TH AVE BETWEEN 9TH AV I5 EXPRESS ON RP AND PINE ST","PARKING_CATEGORY":"Paid Parking","PAID_SPACES":5,"WKD_RATE1":2.5,"WKD_RATE2":6,"WKD_RATE3":1.5,"PARKING_TIME_LIMIT":120,"PEAK_HOUR":null,"START_TIME_WKD":"08AM","END_TIME_WKD":"08PM"}},{"type":"Feature","geometry":{"type":"LineString","coordinates":[[-122.33750710547,47.6062114217204],[-122.336565949155,47.6066048399355]]},"properties":{"UNITDESC":"SENECA ST BETWEEN 1ST AVE AND 2ND AVE","PARKING_CATEGORY":"Paid Parking","PAID_SPACES":5,"WKD_RATE1":2.5,"WKD_RATE2":6,"WKD_RATE3":1.5,"PARKING_TIME_LIMIT":120,"PEAK_HOUR":null,"START_TIME_WKD":"08AM","END_TIME_WKD":"08PM"}},{"type":"Feature","geometry":{"type":"LineString","coordinates":[[-122.337479639255,47.6042431596783],[-122.338076576276,47.6048957467498]]},"properties":{"UNITDESC":"WESTERN AVE BETWEEN MADISON ST AND SPRING ST","PARKING_CATEGORY":"Paid Parking","PAID_SPACES":6,"WKD_RATE1":1,"WKD_RATE2":8,"WKD_RATE3":5.5,"PARKING_TIME_LIMIT":120,"PEAK_HOUR":null,"START_TIME_WKD":"08AM","END_TIME_WKD":"08PM"}},{"type":"Feature","geometry":{"type":"LineString","coordinates":[[-122.341213204112,47.6083192595417],[-122.342072858561,47.6092546260521]]},"properties":{"UNITDESC":"WESTERN AVE BETWEEN PIKE ST AND PINE ST","PARKING_CATEGORY":"Paid Parking","PAID_SPACES":5,"WKD_RATE1":1,"WKD_RATE2":8,"WKD_RATE3":5.5,"PARKING_TIME_LIMIT":120,"PEAK_HOUR":null,"START_TIME_WKD":"08AM","END_TIME_WKD":"08PM"}},{"type":"Feature","geometry":{"type":"LineString","coordinates":[[-122.334549411509,47.6096469997395],[-122.33359836918,47.6100450612179]]},"properties":{"UNITDESC":"UNION ST BETWEEN 5TH AVE AND 6TH AVE","PARKING_CATEGORY":"Paid Parking","PAID_SPACES":4,"WKD_RATE1":2.5,"WKD_RATE2":6,"WKD_RATE3":1.5,"PARKING_TIME_LIMIT":120,"PEAK_HOUR":"7-9AM 4-6PM","START_TIME_WKD":"08AM","END_TIME_WKD":"08PM"}},{"type":"Feature","geometry":{"type":"LineString","coordinates":[[-122.3322154146,47.6054591799516],[-122.331197765296,47.6058852353843]]},"properties":{"UNITDESC":"MARION ST BETWEEN 4TH AVE AND 5TH AVE","PARKING_CATEGORY":"Paid Parking","PAID_SPACES":9,"WKD_RATE1":2,"WKD_RATE2":1.5,"WKD_RATE3":1,"PARKING_TIME_LIMIT":120,"PEAK_HOUR":null,"START_TIME_WKD":"08AM","END_TIME_WKD":"08PM"}},{"type":"Feature","geometry":{"type":"LineString","coordinates":[[-122.335953697224,47.6078691776078],[-122.335006172499,47.6082660885694]]},"properties":{"UNITDESC":"UNIVERSITY ST BETWEEN 3RD AVE AND 4TH AVE","PARKING_CATEGORY":"Paid Parking","PAID_SPACES":4,"WKD_RATE1":2.5,"WKD_RATE2":6,"WKD_RATE3":1.5,"PARKING_TIME_LIMIT":120,"PEAK_HOUR":null,"START_TIME_WKD":"08AM","END_TIME_WKD":"08PM"}},{"type":"Feature","geometry":{"type":"LineString","coordinates":[[-122.341037606319,47.6083930631685],[-122.341897258832,47.6093284310039]]},"properties":{"UNITDESC":"WESTERN AVE BETWEEN PIKE ST AND PINE ST","PARKING_CATEGORY":"Paid Parking","PAID_SPACES":6,"WKD_RATE1":1,"WKD_RATE2":8,"WKD_RATE3":5.5,"PARKING_TIME_LIMIT":120,"PEAK_HOUR":null,"START_TIME_WKD":"08AM","END_TIME_WKD":"08PM"}},{"type":"Feature","geometry":{"type":"LineString","coordinates":[[-122.345944029336,47.6119492650941],[-122.345156745231,47.6125585390924]]},"properties":{"UNITDESC":"BLANCHARD ST BETWEEN WESTERN AVE AND 1ST AVE","PARKING_CATEGORY":"Paid Parking","PAID_SPACES":6,"WKD_RATE1":1,"WKD_RATE2":2.5,"WKD_RATE3":1,"PARKING_TIME_LIMIT":120,"PEAK_HOUR":null,"START_TIME_WKD":"08AM","END_TIME_WKD":"08PM"}},{"type":"Feature","geometry":{"type":"LineString","coordinates":[[-122.335156026466,47.6136709071601],[-122.336065139474,47.6143118888864]]},"properties":{"UNITDESC":"7TH AVE BETWEEN OLIVE WAY AND STEWART ST","PARKING_CATEGORY":"Paid Parking","PAID_SPACES":6,"WKD_RATE1":1,"WKD_RATE2":6,"WKD_RATE3":6,"PARKING_TIME_LIMIT":120,"PEAK_HOUR":null,"START_TIME_WKD":"08AM","END_TIME_WKD":"08PM"}},{"type":"Feature","geometry":{"type":"LineString","coordinates":[[-122.344764970925,47.6112633960336],[-122.345983193436,47.6119835684162]]},"properties":{"UNITDESC":"WESTERN AVE BETWEEN LENORA ST AND BLANCHARD ST","PARKING_CATEGORY":"Paid Parking","PAID_SPACES":11,"WKD_RATE1":1,"WKD_RATE2":2.5,"WKD_RATE3":1,"PARKING_TIME_LIMIT":120,"PEAK_HOUR":null,"START_TIME_WKD":"08AM","END_TIME_WKD":"08PM"}},{"type":"Feature","geometry":{"type":"LineString","coordinates":[[-122.344438041961,47.6132265822546],[-122.345597721906,47.6139121837641]]},"properties":{"UNITDESC":"2ND AVE BETWEEN BLANCHARD ST AND BELL ST","PARKING_CATEGORY":"Paid Parking","PAID_SPACES":3,"WKD_RATE1":1,"WKD_RATE2":2.5,"WKD_RATE3":1,"PARKING_TIME_LIMIT":120,"PEAK_HOUR":null,"START_TIME_WKD":"08AM","END_TIME_WKD":"08PM"}},{"type":"Feature","geometry":{"type":"LineString","coordinates":[[-122.328552162395,47.6098160817271],[-122.327534416107,47.6102419044073]]},"properties":{"UNITDESC":"SENECA ST BETWEEN 9TH AVE AND TERRY AVE","PARKING_CATEGORY":"Paid Parking","PAID_SPACES":5,"WKD_RATE1":1,"WKD_RATE2":7,"WKD_RATE3":6.5,"PARKING_TIME_LIMIT":120,"PEAK_HOUR":null,"START_TIME_WKD":"08AM","END_TIME_WKD":"08PM"}},{"type":"Feature","geometry":{"type":"LineString","coordinates":[[-122.332009475431,47.6136123876704],[-122.332862476598,47.6145449046466]]},"properties":{"UNITDESC":"9TH AVE BETWEEN PINE ST AND OLIVE WAY","PARKING_CATEGORY":"Paid Parking","PAID_SPACES":1,"WKD_RATE1":2.5,"WKD_RATE2":6,"WKD_RATE3":1.5,"PARKING_TIME_LIMIT":null,"PEAK_HOUR":null,"START_TIME_WKD":"08AM","END_TIME_WKD":"08PM"}},{"type":"Feature","geometry":{"type":"LineString","coordinates":[[-122.339029206481,47.6092712219934],[-122.339880508346,47.6102015991814]]},"properties":{"UNITDESC":"2ND AVE BETWEEN PIKE ST AND PINE ST","PARKING_CATEGORY":"Paid Parking","PAID_SPACES":8,"WKD_RATE1":2.5,"WKD_RATE2":6,"WKD_RATE3":1.5,"PARKING_TIME_LIMIT":120,"PEAK_HOUR":"6-9AM 3-7PM","START_TIME_WKD":"08AM","END_TIME_WKD":"08PM"}},{"type":"Feature","geometry":{"type":"LineString","coordinates":[[-122.340860079573,47.6098819718189],[-122.341217621964,47.6102726847167]]},"properties":{"UNITDESC":"1ST AVE BETWEEN PINE ST AND STEWART ST","PARKING_CATEGORY":"Paid Parking","PAID_SPACES":4,"WKD_RATE1":2.5,"WKD_RATE2":6,"WKD_RATE3":1.5,"PARKING_TIME_LIMIT":120,"PEAK_HOUR":null,"START_TIME_WKD":"08AM","END_TIME_WKD":"08PM"}},{"type":"Feature","geometry":{"type":"LineString","coordinates":[[-122.336578125116,47.6065868029422],[-122.337132630724,47.6071928468093]]},"properties":{"UNITDESC":"2ND AVE BETWEEN SENECA ST AND UNIVERSITY ST","PARKING_CATEGORY":"Paid Parking","PAID_SPACES":9,"WKD_RATE1":2.5,"WKD_RATE2":6,"WKD_RATE3":1.5,"PARKING_TIME_LIMIT":120,"PEAK_HOUR":"6-9AM 3-7PM","START_TIME_WKD":"08AM","END_TIME_WKD":"08PM"}},{"type":"Feature","geometry":{"type":"LineString","coordinates":[[-122.33638009474,47.6066825592283],[-122.335431209973,47.6070794695431]]},"properties":{"UNITDESC":"SENECA ST BETWEEN 2ND AVE AND 3RD AVE","PARKING_CATEGORY":"Paid Parking","PAID_SPACES":4,"WKD_RATE1":2.5,"WKD_RATE2":6,"WKD_RATE3":1.5,"PARKING_TIME_LIMIT":120,"PEAK_HOUR":null,"START_TIME_WKD":"08AM","END_TIME_WKD":"08PM"}},{"type":"Feature","geometry":{"type":"LineString","coordinates":[[-122.338060459968,47.6038628001827],[-122.337414555488,47.6041361075017]]},"properties":{"UNITDESC":"MADISON ST BETWEEN ALASKAN E RDWY WAY AND WESTERN AVE","PARKING_CATEGORY":"Paid Parking","PAID_SPACES":4,"WKD_RATE1":1,"WKD_RATE2":8,"WKD_RATE3":5.5,"PARKING_TIME_LIMIT":120,"PEAK_HOUR":null,"START_TIME_WKD":"08AM","END_TIME_WKD":"08PM"}},{"type":"Feature","geometry":{"type":"LineString","coordinates":[[-122.338001237047,47.6129427699118],[-122.339176203844,47.6136375786575]]},"properties":{"UNITDESC":"5TH AVE BETWEEN STEWART ST AND VIRGINIA ST","PARKING_CATEGORY":"Paid Parking","PAID_SPACES":8,"WKD_RATE1":1,"WKD_RATE2":2.5,"WKD_RATE3":1,"PARKING_TIME_LIMIT":120,"PEAK_HOUR":null,"START_TIME_WKD":"08AM","END_TIME_WKD":"08PM"}},{"type":"Feature","geometry":{"type":"LineString","coordinates":[[-122.336687999553,47.610302379851],[-122.335737083357,47.6106999762979]]},"properties":{"UNITDESC":"PIKE ST BETWEEN 4TH AVE AND 5TH AVE","PARKING_CATEGORY":"Paid Parking","PAID_SPACES":3,"WKD_RATE1":2.5,"WKD_RATE2":6,"WKD_RATE3":1.5,"PARKING_TIME_LIMIT":120,"PEAK_HOUR":null,"START_TIME_WKD":"08AM","END_TIME_WKD":"08PM"}},{"type":"Feature","geometry":{"type":"LineString","coordinates":[[-122.342055788712,47.6131768943675],[-122.341351057109,47.6137215818712]]},"properties":{"UNITDESC":"LENORA ST BETWEEN 3RD AVE AND 4TH AVE","PARKING_CATEGORY":"Paid Parking","PAID_SPACES":8,"WKD_RATE1":1,"WKD_RATE2":2.5,"WKD_RATE3":1,"PARKING_TIME_LIMIT":120,"PEAK_HOUR":null,"START_TIME_WKD":"08AM","END_TIME_WKD":"08PM"}},{"type":"Feature","geometry":{"type":"LineString","coordinates":[[-122.334419355972,47.6112189159631],[-122.335228627561,47.612103560846]]},"properties":{"UNITDESC":"6TH AVE BETWEEN PIKE ST AND PINE ST","PARKING_CATEGORY":"Paid Parking","PAID_SPACES":11,"WKD_RATE1":2.5,"WKD_RATE2":6,"WKD_RATE3":1.5,"PARKING_TIME_LIMIT":120,"PEAK_HOUR":null,"START_TIME_WKD":"08AM","END_TIME_WKD":"08PM"}},{"type":"Feature","geometry":{"type":"LineString","coordinates":[[-122.343536351792,47.6104412054824],[-122.343116101468,47.6107718123884]]},"properties":{"UNITDESC":"VIRGINIA ST BETWEEN PIKE PL AND POST AL","PARKING_CATEGORY":"Paid Parking","PAID_SPACES":4,"WKD_RATE1":1,"WKD_RATE2":2.5,"WKD_RATE3":1,"PARKING_TIME_LIMIT":120,"PEAK_HOUR":null,"START_TIME_WKD":"08AM","END_TIME_WKD":"08PM"}},{"type":"Feature","geometry":{"type":"LineString","coordinates":[[-122.339562224603,47.6052730681701],[-122.340201939002,47.6059979439484]]},"properties":{"UNITDESC":"ALASKAN WAY BETWEEN SENECA ST AND UNIVERSITY ST","PARKING_CATEGORY":"Paid Parking","PAID_SPACES":1,"WKD_RATE1":1,"WKD_RATE2":8,"WKD_RATE3":5.5,"PARKING_TIME_LIMIT":null,"PEAK_HOUR":null,"START_TIME_WKD":"08AM","END_TIME_WKD":"08PM"}},{"type":"Feature","geometry":{"type":"LineString","coordinates":[[-122.337680160641,47.6139105329977],[-122.338288370585,47.6142703950623]]},"properties":{"UNITDESC":"6TH AVE BETWEEN WESTLAKE AVE AND VIRGINIA ST","PARKING_CATEGORY":"Paid Parking","PAID_SPACES":5,"WKD_RATE1":1,"WKD_RATE2":6,"WKD_RATE3":6,"PARKING_TIME_LIMIT":120,"PEAK_HOUR":null,"START_TIME_WKD":"08AM","END_TIME_WKD":"08PM"}},{"type":"Feature","geometry":{"type":"LineString","coordinates":[[-122.343014049212,47.6125774361897],[-122.344217359123,47.6132891045591]]},"properties":{"UNITDESC":"2ND AVE BETWEEN LENORA ST AND BLANCHARD ST","PARKING_CATEGORY":"Paid Parking","PAID_SPACES":10,"WKD_RATE1":1,"WKD_RATE2":2.5,"WKD_RATE3":1,"PARKING_TIME_LIMIT":120,"PEAK_HOUR":null,"START_TIME_WKD":"08AM","END_TIME_WKD":"08PM"}},{"type":"Feature","geometry":{"type":"LineString","coordinates":[[-122.328837874022,47.604881013431],[-122.329392370392,47.6054867932623]]},"properties":{"UNITDESC":"6TH AVE BETWEEN CHERRY ST AND COLUMBIA ST","PARKING_CATEGORY":"Paid Parking","PAID_SPACES":1,"WKD_RATE1":2,"WKD_RATE2":1.5,"WKD_RATE3":1,"PARKING_TIME_LIMIT":30,"PEAK_HOUR":null,"START_TIME_WKD":"08AM","END_TIME_WKD":"08PM"}},{"type":"Feature","geometry":{"type":"LineString","coordinates":[[-122.341088848222,47.6069944787445],[-122.341571355556,47.6074425495919],[-122.342066492303,47.607819993581]]},"properties":{"UNITDESC":"ALASKAN WAY BETWEEN UNION ST AND PIKE HILL CLIMB","PARKING_CATEGORY":"Paid Parking","PAID_SPACES":1,"WKD_RATE1":1,"WKD_RATE2":8,"WKD_RATE3":5.5,"PARKING_TIME_LIMIT":30,"PEAK_HOUR":null,"START_TIME_WKD":"08AM","END_TIME_WKD":"08PM"}},{"type":"Feature","geometry":{"type":"LineString","coordinates":[[-122.328941270405,47.6068418231897],[-122.32791647192,47.6072705873747]]},"properties":{"UNITDESC":"MARION ST BETWEEN 7TH AVE AND 8TH AVE","PARKING_CATEGORY":"Paid Parking","PAID_SPACES":4,"WKD_RATE1":1,"WKD_RATE2":7,"WKD_RATE3":6.5,"PARKING_TIME_LIMIT":120,"PEAK_HOUR":null,"START_TIME_WKD":"08AM","END_TIME_WKD":"08PM"}},{"type":"Feature","geometry":{"type":"LineString","coordinates":[[-122.333118612969,47.6131361663262],[-122.333971374639,47.6140682096212]]},"properties":{"UNITDESC":"8TH AVE BETWEEN PINE ST AND OLIVE WAY","PARKING_CATEGORY":"Paid Parking","PAID_SPACES":1,"WKD_RATE1":2.5,"WKD_RATE2":6,"WKD_RATE3":1.5,"PARKING_TIME_LIMIT":30,"PEAK_HOUR":null,"START_TIME_WKD":"08AM","END_TIME_WKD":"08PM"}},{"type":"Feature","geometry":{"type":"LineString","coordinates":[[-122.32725382313,47.6065199300065],[-122.327850659094,47.6071724222378]]},"properties":{"UNITDESC":"8TH AVE BETWEEN COLUMBIA ST AND MARION ST","PARKING_CATEGORY":"Paid Parking","PAID_SPACES":9,"WKD_RATE1":1,"WKD_RATE2":7,"WKD_RATE3":6.5,"PARKING_TIME_LIMIT":120,"PEAK_HOUR":null,"START_TIME_WKD":"08AM","END_TIME_WKD":"08PM"}},{"type":"Feature","geometry":{"type":"LineString","coordinates":[[-122.331479692756,47.6127877143636],[-122.332118048527,47.6134965618064]]},"properties":{"UNITDESC":"9TH AVE BETWEEN 9TH AV I5 EXPRESS ON RP AND PINE ST","PARKING_CATEGORY":"Paid Parking","PAID_SPACES":5,"WKD_RATE1":2.5,"WKD_RATE2":6,"WKD_RATE3":1.5,"PARKING_TIME_LIMIT":120,"PEAK_HOUR":null,"START_TIME_WKD":"08AM","END_TIME_WKD":"08PM"}},{"type":"Feature","geometry":{"type":"LineString","coordinates":[[-122.328772873213,47.6149921766022],[-122.328059689894,47.6152727850673]]},"properties":{"UNITDESC":"PINE ST BETWEEN MINOR AVE AND MELROSE AVE","PARKING_CATEGORY":"Paid Parking","PAID_SPACES":3,"WKD_RATE1":1,"WKD_RATE2":5,"WKD_RATE3":8,"PARKING_TIME_LIMIT":120,"PEAK_HOUR":null,"START_TIME_WKD":"08AM","END_TIME_WKD":"10PM"}},{"type":"Feature","geometry":{"type":"LineString","coordinates":[[-122.334087273609,47.6074968890377],[-122.333136188677,47.6078949971837]]},"properties":{"UNITDESC":"SENECA ST BETWEEN 4TH AVE AND 5TH AVE","PARKING_CATEGORY":"Paid Parking","PAID_SPACES":1,"WKD_RATE1":2.5,"WKD_RATE2":6,"WKD_RATE3":1.5,"PARKING_TIME_LIMIT":30,"PEAK_HOUR":null,"START_TIME_WKD":"08AM","END_TIME_WKD":"08PM"}},{"type":"Feature","geometry":{"type":"LineString","coordinates":[[-122.333070961754,47.6060876026811],[-122.333638835696,47.6067080757043]]},"properties":{"UNITDESC":"4TH AVE BETWEEN MADISON ST AND SPRING ST","PARKING_CATEGORY":"Paid Parking","PAID_SPACES":5,"WKD_RATE1":2,"WKD_RATE2":1.5,"WKD_RATE3":1,"PARKING_TIME_LIMIT":120,"PEAK_HOUR":null,"START_TIME_WKD":"08AM","END_TIME_WKD":"08PM"}},{"type":"Feature","geometry":{"type":"LineString","coordinates":[[-122.335188718417,47.6070326442733],[-122.334240021733,47.6074297299838]]},"properties":{"UNITDESC":"SENECA ST BETWEEN 3RD AVE AND 4TH AVE","PARKING_CATEGORY":"Paid Parking","PAID_SPACES":6,"WKD_RATE1":2.5,"WKD_RATE2":6,"WKD_RATE3":1.5,"PARKING_TIME_LIMIT":120,"PEAK_HOUR":null,"START_TIME_WKD":"08AM","END_TIME_WKD":"08PM"}},{"type":"Feature","geometry":{"type":"LineString","coordinates":[[-122.340305802168,47.6073263334824],[-122.341189909398,47.6082937692379]]},"properties":{"UNITDESC":"WESTERN AVE BETWEEN UNION ST AND PIKE ST","PARKING_CATEGORY":"Paid Parking","PAID_SPACES":9,"WKD_RATE1":1,"WKD_RATE2":8,"WKD_RATE3":5.5,"PARKING_TIME_LIMIT":120,"PEAK_HOUR":null,"START_TIME_WKD":"08AM","END_TIME_WKD":"08PM"}},{"type":"Feature","geometry":{"type":"LineString","coordinates":[[-122.34002855401,47.6060689289102],[-122.340937964357,47.6070636600404]]},"properties":{"UNITDESC":"ALASKAN WAY BETWEEN UNIVERSITY ST AND UNION ST","PARKING_CATEGORY":"Paid Parking","PAID_SPACES":5,"WKD_RATE1":1,"WKD_RATE2":8,"WKD_RATE3":5.5,"PARKING_TIME_LIMIT":120,"PEAK_HOUR":null,"START_TIME_WKD":"08AM","END_TIME_WKD":"08PM"}},{"type":"Feature","geometry":{"type":"LineString","coordinates":[[-122.34217167026,47.6132745713791],[-122.343329527609,47.6139591735376]]},"properties":{"UNITDESC":"3RD AVE BETWEEN LENORA ST AND BLANCHARD ST","PARKING_CATEGORY":"Paid Parking","PAID_SPACES":7,"WKD_RATE1":1,"WKD_RATE2":2.5,"WKD_RATE3":1,"PARKING_TIME_LIMIT":120,"PEAK_HOUR":null,"START_TIME_WKD":"08AM","END_TIME_WKD":"08PM"}},{"type":"Feature","geometry":{"type":"LineString","coordinates":[[-122.327952799201,47.6141963478144],[-122.328591608255,47.6148941425931]]},"properties":{"UNITDESC":"MINOR AVE BETWEEN PIKE ST AND PINE ST","PARKING_CATEGORY":"Paid Parking","PAID_SPACES":9,"WKD_RATE1":1,"WKD_RATE2":5,"WKD_RATE3":8,"PARKING_TIME_LIMIT":120,"PEAK_HOUR":null,"START_TIME_WKD":"08AM","END_TIME_WKD":"10PM"}},{"type":"Feature","geometry":{"type":"LineString","coordinates":[[-122.335259464246,47.6071415940058],[-122.335834823468,47.6077706110809]]},"properties":{"UNITDESC":"3RD AVE BETWEEN SENECA ST AND UNIVERSITY ST","PARKING_CATEGORY":"Paid Parking","PAID_SPACES":1,"WKD_RATE1":2.5,"WKD_RATE2":6,"WKD_RATE3":1.5,"PARKING_TIME_LIMIT":null,"PEAK_HOUR":null,"START_TIME_WKD":"08AM","END_TIME_WKD":"08PM"}},{"type":"Feature","geometry":{"type":"LineString","coordinates":[[-122.339736306416,47.6116088979278],[-122.340899787834,47.6122967564279]]},"properties":{"UNITDESC":"3RD AVE BETWEEN STEWART ST AND VIRGINIA ST","PARKING_CATEGORY":"Paid Parking","PAID_SPACES":3,"WKD_RATE1":1,"WKD_RATE2":2.5,"WKD_RATE3":1,"PARKING_TIME_LIMIT":120,"PEAK_HOUR":null,"START_TIME_WKD":"08AM","END_TIME_WKD":"08PM"}},{"type":"Feature","geometry":{"type":"LineString","coordinates":[[-122.333653907652,47.6086583064275],[-122.332668239883,47.6090710891199]]},"properties":{"UNITDESC":"UNIVERSITY ST BETWEEN 5TH AVE AND 6TH AVE","PARKING_CATEGORY":"Paid Parking","PAID_SPACES":1,"WKD_RATE1":2.5,"WKD_RATE2":6,"WKD_RATE3":1.5,"PARKING_TIME_LIMIT":30,"PEAK_HOUR":null,"START_TIME_WKD":"08AM","END_TIME_WKD":"08PM"}},{"type":"Feature","geometry":{"type":"LineString","coordinates":[[-122.34348995536,47.6140431319371],[-122.342710365277,47.6146455327038]]},"properties":{"UNITDESC":"BLANCHARD ST BETWEEN 3RD AVE AND 4TH AVE","PARKING_CATEGORY":"Paid Parking","PAID_SPACES":6,"WKD_RATE1":1,"WKD_RATE2":2.5,"WKD_RATE3":1,"PARKING_TIME_LIMIT":120,"PEAK_HOUR":null,"START_TIME_WKD":"08AM","END_TIME_WKD":"08PM"}},{"type":"Feature","geometry":{"type":"LineString","coordinates":[[-122.331017960838,47.6058186132389],[-122.330003686607,47.6062428492117]]},"properties":{"UNITDESC":"MARION ST BETWEEN 5TH AVE AND 6TH AVE","PARKING_CATEGORY":"Paid Parking","PAID_SPACES":9,"WKD_RATE1":2,"WKD_RATE2":1.5,"WKD_RATE3":1,"PARKING_TIME_LIMIT":120,"PEAK_HOUR":null,"START_TIME_WKD":"08AM","END_TIME_WKD":"08PM"}},{"type":"Feature","geometry":{"type":"LineString","coordinates":[[-122.341334317999,47.6139302153793],[-122.340616316737,47.6144852485181]]},"properties":{"UNITDESC":"LENORA ST BETWEEN 4TH AVE AND 5TH AVE","PARKING_CATEGORY":"Paid Parking","PAID_SPACES":5,"WKD_RATE1":1,"WKD_RATE2":2.5,"WKD_RATE3":1,"PARKING_TIME_LIMIT":120,"PEAK_HOUR":"6-9AM 3-7PM","START_TIME_WKD":"08AM","END_TIME_WKD":"08PM"}},{"type":"Feature","geometry":{"type":"LineString","coordinates":[[-122.341844161318,47.609979851592],[-122.341483587737,47.610268691181]]},"properties":{"UNITDESC":"STEWART ST BETWEEN POST AL AND 1ST AVE","PARKING_CATEGORY":"Paid Parking","PAID_SPACES":5,"WKD_RATE1":1,"WKD_RATE2":8,"WKD_RATE3":5.5,"PARKING_TIME_LIMIT":120,"PEAK_HOUR":null,"START_TIME_WKD":"08AM","END_TIME_WKD":"08PM"}},{"type":"Feature","geometry":{"type":"LineString","coordinates":[[-122.331986020365,47.6035673228474],[-122.332572087669,47.6042082988059]]},"properties":{"UNITDESC":"3RD AVE BETWEEN CHERRY ST AND COLUMBIA ST","PARKING_CATEGORY":"Paid Parking","PAID_SPACES":1,"WKD_RATE1":2,"WKD_RATE2":1.5,"WKD_RATE3":1,"PARKING_TIME_LIMIT":null,"PEAK_HOUR":null,"START_TIME_WKD":"08AM","END_TIME_WKD":"08PM"}},{"type":"Feature","geometry":{"type":"LineString","coordinates":[[-122.33846688737,47.6143650685598],[-122.339626517658,47.615050810911]]},"properties":{"UNITDESC":"6TH AVE BETWEEN VIRGINIA ST AND LENORA ST","PARKING_CATEGORY":"Paid Parking","PAID_SPACES":9,"WKD_RATE1":1,"WKD_RATE2":6,"WKD_RATE3":6,"PARKING_TIME_LIMIT":120,"PEAK_HOUR":null,"START_TIME_WKD":"08AM","END_TIME_WKD":"08PM"}},{"type":"Feature","geometry":{"type":"LineString","coordinates":[[-122.337313621081,47.6043110411459],[-122.336905934435,47.6044816706854]]},"properties":{"UNITDESC":"MADISON ST BETWEEN WESTERN AVE AND POST AVE","PARKING_CATEGORY":"Paid Parking","PAID_SPACES":2,"WKD_RATE1":1,"WKD_RATE2":8,"WKD_RATE3":5.5,"PARKING_TIME_LIMIT":120,"PEAK_HOUR":null,"START_TIME_WKD":"08AM","END_TIME_WKD":"08PM"}},{"type":"Feature","geometry":{"type":"LineString","coordinates":[[-122.342136073156,47.6092818421723],[-122.343631632681,47.610166764296],[-122.343675482242,47.6102232607451]]},"properties":{"UNITDESC":"WESTERN AVE BETWEEN PINE ST AND VIRGINIA ST","PARKING_CATEGORY":"Paid Parking","PAID_SPACES":12,"WKD_RATE1":1,"WKD_RATE2":2.5,"WKD_RATE3":1,"PARKING_TIME_LIMIT":120,"PEAK_HOUR":null,"START_TIME_WKD":"08AM","END_TIME_WKD":"08PM"}},{"type":"Feature","geometry":{"type":"LineString","coordinates":[[-122.333342212751,47.6049883034356],[-122.332321978208,47.6054145831741]]},"properties":{"UNITDESC":"MARION ST BETWEEN 3RD AVE AND 4TH AVE","PARKING_CATEGORY":"Paid Parking","PAID_SPACES":8,"WKD_RATE1":2,"WKD_RATE2":1.5,"WKD_RATE3":1,"PARKING_TIME_LIMIT":120,"PEAK_HOUR":"3-7PM","START_TIME_WKD":"08AM","END_TIME_WKD":"08PM"}},{"type":"Feature","geometry":{"type":"LineString","coordinates":[[-122.332161688506,47.6135390575296],[-122.332997631071,47.6144529226239]]},"properties":{"UNITDESC":"9TH AVE BETWEEN PINE ST AND OLIVE WAY","PARKING_CATEGORY":"Paid Parking","PAID_SPACES":7,"WKD_RATE1":2.5,"WKD_RATE2":6,"WKD_RATE3":1.5,"PARKING_TIME_LIMIT":120,"PEAK_HOUR":null,"START_TIME_WKD":"08AM","END_TIME_WKD":"08PM"}},{"type":"Feature","geometry":{"type":"LineString","coordinates":[[-122.338783074453,47.6046865642062],[-122.339332353268,47.605282741218]]},"properties":{"UNITDESC":"ALASKAN WAY BETWEEN SPRING ST AND SENECA ST","PARKING_CATEGORY":"Paid Parking","PAID_SPACES":8,"WKD_RATE1":1,"WKD_RATE2":8,"WKD_RATE3":5.5,"PARKING_TIME_LIMIT":120,"PEAK_HOUR":null,"START_TIME_WKD":"08AM","END_TIME_WKD":"08PM"}},{"type":"Feature","geometry":{"type":"LineString","coordinates":[[-122.338332058311,47.6038168649773],[-122.338909440311,47.604453793243],[-122.33892590484,47.604580447271]]},"properties":{"UNITDESC":"ALASKAN WR WAY BETWEEN MADISON ST AND SPRING ST","PARKING_CATEGORY":"Paid Parking","PAID_SPACES":1,"WKD_RATE1":1,"WKD_RATE2":8,"WKD_RATE3":5.5,"PARKING_TIME_LIMIT":30,"PEAK_HOUR":null,"START_TIME_WKD":"08AM","END_TIME_WKD":"08PM"}},{"type":"Feature","geometry":{"type":"LineString","coordinates":[[-122.33785406757,47.6130669744697],[-122.339029036537,47.6137617847153]]},"properties":{"UNITDESC":"5TH AVE BETWEEN STEWART ST AND VIRGINIA ST","PARKING_CATEGORY":"Paid Parking","PAID_SPACES":7,"WKD_RATE1":1,"WKD_RATE2":2.5,"WKD_RATE3":1,"PARKING_TIME_LIMIT":120,"PEAK_HOUR":null,"START_TIME_WKD":"08AM","END_TIME_WKD":"08PM"}},{"type":"Feature","geometry":{"type":"LineString","coordinates":[[-122.329508038317,47.6056027186924],[-122.330073433984,47.6062201036445]]},"properties":{"UNITDESC":"6TH AVE BETWEEN COLUMBIA ST AND MARION ST","PARKING_CATEGORY":"Paid Parking","PAID_SPACES":20,"WKD_RATE1":2,"WKD_RATE2":1.5,"WKD_RATE3":1,"PARKING_TIME_LIMIT":120,"PEAK_HOUR":null,"START_TIME_WKD":"08AM","END_TIME_WKD":"08PM"}},{"type":"Feature","geometry":{"type":"LineString","coordinates":[[-122.335735557015,47.6059628369343],[-122.336289937344,47.6065688017892]]},"properties":{"UNITDESC":"2ND AVE BETWEEN SPRING ST AND SENECA ST","PARKING_CATEGORY":"Paid Parking","PAID_SPACES":5,"WKD_RATE1":2,"WKD_RATE2":1.5,"WKD_RATE3":1,"PARKING_TIME_LIMIT":120,"PEAK_HOUR":"6-9AM 3-7PM","START_TIME_WKD":"08AM","END_TIME_WKD":"08PM"}},{"type":"Feature","geometry":{"type":"LineString","coordinates":[[-122.327781961813,47.6072849378712],[-122.328357525222,47.6079145133698]]},"properties":{"UNITDESC":"8TH AVE BETWEEN MARION ST AND MADISON ST","PARKING_CATEGORY":"Paid Parking","PAID_SPACES":3,"WKD_RATE1":1,"WKD_RATE2":7,"WKD_RATE3":6.5,"PARKING_TIME_LIMIT":120,"PEAK_HOUR":null,"START_TIME_WKD":"08AM","END_TIME_WKD":"08PM"}},{"type":"Feature","geometry":{"type":"LineString","coordinates":[[-122.327989652059,47.6091902487587],[-122.326943849294,47.6096278804947]]},"properties":{"UNITDESC":"SPRING ST BETWEEN 9TH AVE AND TERRY AVE","PARKING_CATEGORY":"Paid Parking","PAID_SPACES":1,"WKD_RATE1":1,"WKD_RATE2":7,"WKD_RATE3":6.5,"PARKING_TIME_LIMIT":30,"PEAK_HOUR":null,"START_TIME_WKD":"08AM","END_TIME_WKD":"08PM"}},{"type":"Feature","geometry":{"type":"LineString","coordinates":[[-122.335632320521,47.6092003177603],[-122.334681193613,47.6095982987651]]},"properties":{"UNITDESC":"UNION ST BETWEEN 4TH AVE AND 5TH AVE","PARKING_CATEGORY":"Paid Parking","PAID_SPACES":6,"WKD_RATE1":2.5,"WKD_RATE2":6,"WKD_RATE3":1.5,"PARKING_TIME_LIMIT":120,"PEAK_HOUR":null,"START_TIME_WKD":"08AM","END_TIME_WKD":"08PM"}},{"type":"Feature","geometry":{"type":"LineString","coordinates":[[-122.343172280818,47.6124634181188],[-122.34437559023,47.6131750839177]]},"properties":{"UNITDESC":"2ND AVE BETWEEN LENORA ST AND BLANCHARD ST","PARKING_CATEGORY":"Paid Parking","PAID_SPACES":1,"WKD_RATE1":1,"WKD_RATE2":2.5,"WKD_RATE3":1,"PARKING_TIME_LIMIT":30,"PEAK_HOUR":null,"START_TIME_WKD":"08AM","END_TIME_WKD":"08PM"}},{"type":"Feature","geometry":{"type":"LineString","coordinates":[[-122.329235313792,47.610526616453],[-122.328231210882,47.6109463257846]]},"properties":{"UNITDESC":"UNIVERSITY ST BETWEEN 9TH AVE AND TERRY AVE","PARKING_CATEGORY":"Paid Parking","PAID_SPACES":6,"WKD_RATE1":1,"WKD_RATE2":7,"WKD_RATE3":6.5,"PARKING_TIME_LIMIT":120,"PEAK_HOUR":null,"START_TIME_WKD":"08AM","END_TIME_WKD":"08PM"}},{"type":"Feature","geometry":{"type":"LineString","coordinates":[[-122.332623062108,47.6092450613316],[-122.333440026623,47.6101278184834]]},"properties":{"UNITDESC":"6TH AVE BETWEEN UNIVERSITY ST AND UNION ST","PARKING_CATEGORY":"Paid Parking","PAID_SPACES":4,"WKD_RATE1":2.5,"WKD_RATE2":6,"WKD_RATE3":1.5,"PARKING_TIME_LIMIT":120,"PEAK_HOUR":null,"START_TIME_WKD":"08AM","END_TIME_WKD":"08PM"}},{"type":"Feature","geometry":{"type":"LineString","coordinates":[[-122.337292670529,47.6043149390155],[-122.337889606029,47.604967527067]]},"properties":{"UNITDESC":"WESTERN AVE BETWEEN MADISON ST AND SPRING ST","PARKING_CATEGORY":"Paid Parking","PAID_SPACES":6,"WKD_RATE1":1,"WKD_RATE2":8,"WKD_RATE3":5.5,"PARKING_TIME_LIMIT":120,"PEAK_HOUR":null,"START_TIME_WKD":"08AM","END_TIME_WKD":"08PM"}},{"type":"Feature","geometry":{"type":"LineString","coordinates":[[-122.341740630987,47.6118298035956],[-122.342900247737,47.6125155980947]]},"properties":{"UNITDESC":"2ND AVE BETWEEN VIRGINIA ST AND LENORA ST","PARKING_CATEGORY":"Paid Parking","PAID_SPACES":7,"WKD_RATE1":1,"WKD_RATE2":2.5,"WKD_RATE3":1,"PARKING_TIME_LIMIT":120,"PEAK_HOUR":null,"START_TIME_WKD":"08AM","END_TIME_WKD":"08PM"}},{"type":"Feature","geometry":{"type":"LineString","coordinates":[[-122.330346842342,47.6051005923173],[-122.329400793741,47.6054961589644]]},"properties":{"UNITDESC":"COLUMBIA ST BETWEEN 5TH AVE AND 6TH AVE","PARKING_CATEGORY":"Paid Parking","PAID_SPACES":2,"WKD_RATE1":2,"WKD_RATE2":1.5,"WKD_RATE3":1,"PARKING_TIME_LIMIT":null,"PEAK_HOUR":null,"START_TIME_WKD":"08AM","END_TIME_WKD":"08PM"}},{"type":"Feature","geometry":{"type":"LineString","coordinates":[[-122.32755718421,47.6054101453941],[-122.328162826049,47.6060720191885]]},"properties":{"UNITDESC":"7TH AVE BETWEEN CHERRY ST AND COLUMBIA ST","PARKING_CATEGORY":"Paid Parking","PAID_SPACES":6,"WKD_RATE1":1,"WKD_RATE2":7,"WKD_RATE3":6.5,"PARKING_TIME_LIMIT":120,"PEAK_HOUR":null,"START_TIME_WKD":"08AM","END_TIME_WKD":"08PM"}},{"type":"Feature","geometry":{"type":"LineString","coordinates":[[-122.342634440733,47.6111720236186],[-122.341846437649,47.6117813135927]]},"properties":{"UNITDESC":"VIRGINIA ST BETWEEN 1ST AVE AND 2ND AVE","PARKING_CATEGORY":"Paid Parking","PAID_SPACES":5,"WKD_RATE1":1,"WKD_RATE2":2.5,"WKD_RATE3":1,"PARKING_TIME_LIMIT":120,"PEAK_HOUR":null,"START_TIME_WKD":"08AM","END_TIME_WKD":"08PM"}},{"type":"Feature","geometry":{"type":"LineString","coordinates":[[-122.337059117823,47.6137251734463],[-122.337467511093,47.6139668509142]]},"properties":{"UNITDESC":"6TH AVE BETWEEN STEWART ST AND WESTLAKE AVE","PARKING_CATEGORY":"Paid Parking","PAID_SPACES":1,"WKD_RATE1":1,"WKD_RATE2":6,"WKD_RATE3":6,"PARKING_TIME_LIMIT":30,"PEAK_HOUR":"4-6PM","START_TIME_WKD":"08AM","END_TIME_WKD":"08PM"}},{"type":"Feature","geometry":{"type":"LineString","coordinates":[[-122.339990404767,47.6060268420783],[-122.339340659133,47.6062983199828]]},"properties":{"UNITDESC":"UNIVERSITY ST BETWEEN ALASKAN WAY AND WESTERN AVE","PARKING_CATEGORY":"Paid Parking","PAID_SPACES":4,"WKD_RATE1":1,"WKD_RATE2":8,"WKD_RATE3":5.5,"PARKING_TIME_LIMIT":120,"PEAK_HOUR":null,"START_TIME_WKD":"08AM","END_TIME_WKD":"08PM"}},{"type":"Feature","geometry":{"type":"LineString","coordinates":[[-122.338146193978,47.608290301651],[-122.338956446096,47.6091760552498]]},"properties":{"UNITDESC":"2ND AVE BETWEEN UNION ST AND PIKE ST","PARKING_CATEGORY":"Paid Parking","PAID_SPACES":4,"WKD_RATE1":2.5,"WKD_RATE2":6,"WKD_RATE3":1.5,"PARKING_TIME_LIMIT":120,"PEAK_HOUR":"6-9AM 3-7PM","START_TIME_WKD":"08AM","END_TIME_WKD":"08PM"}},{"type":"Feature","geometry":{"type":"LineString","coordinates":[[-122.32814109196,47.6091267532571],[-122.328736250445,47.6097778608965]]},"properties":{"UNITDESC":"9TH AVE BETWEEN SPRING ST AND SENECA ST","PARKING_CATEGORY":"Paid Parking","PAID_SPACES":6,"WKD_RATE1":1,"WKD_RATE2":7,"WKD_RATE3":6.5,"PARKING_TIME_LIMIT":120,"PEAK_HOUR":null,"START_TIME_WKD":"08AM","END_TIME_WKD":"08PM"}},{"type":"Feature","geometry":{"type":"LineString","coordinates":[[-122.338532022966,47.6056403535399],[-122.33810354239,47.6058195765563]]},"properties":{"UNITDESC":"SENECA ST BETWEEN WESTERN AVE AND POST AVE","PARKING_CATEGORY":"Paid Parking","PAID_SPACES":3,"WKD_RATE1":1,"WKD_RATE2":8,"WKD_RATE3":5.5,"PARKING_TIME_LIMIT":120,"PEAK_HOUR":null,"START_TIME_WKD":"08AM","END_TIME_WKD":"08PM"}},{"type":"Feature","geometry":{"type":"LineString","coordinates":[[-122.334429115637,47.6045342364625],[-122.333414579729,47.6049580670894]]},"properties":{"UNITDESC":"MARION ST BETWEEN 2ND AVE AND 3RD AVE","PARKING_CATEGORY":"Paid Parking","PAID_SPACES":7,"WKD_RATE1":2,"WKD_RATE2":1.5,"WKD_RATE3":1,"PARKING_TIME_LIMIT":120,"PEAK_HOUR":null,"START_TIME_WKD":"08AM","END_TIME_WKD":"08PM"}},{"type":"Feature","geometry":{"type":"LineString","coordinates":[[-122.333783420095,47.603817699178],[-122.332834770304,47.6042144619474]]},"properties":{"UNITDESC":"COLUMBIA ST BETWEEN 2ND AVE AND 3RD AVE","PARKING_CATEGORY":"Paid Parking","PAID_SPACES":1,"WKD_RATE1":2,"WKD_RATE2":1.5,"WKD_RATE3":1,"PARKING_TIME_LIMIT":null,"PEAK_HOUR":null,"START_TIME_WKD":"08AM","END_TIME_WKD":"08PM"}},{"type":"Feature","geometry":{"type":"LineString","coordinates":[[-122.337226163201,47.6042154613687],[-122.336787642743,47.6043989954207]]},"properties":{"UNITDESC":"MADISON ST BETWEEN WESTERN AVE AND POST AVE","PARKING_CATEGORY":"Paid Parking","PAID_SPACES":5,"WKD_RATE1":1,"WKD_RATE2":8,"WKD_RATE3":5.5,"PARKING_TIME_LIMIT":120,"PEAK_HOUR":null,"START_TIME_WKD":"08AM","END_TIME_WKD":"08PM"}},{"type":"Feature","geometry":{"type":"LineString","coordinates":[[-122.342593721398,47.6146857747109],[-122.343753634555,47.6153713083403]]},"properties":{"UNITDESC":"4TH AVE BETWEEN BLANCHARD ST AND BELL ST","PARKING_CATEGORY":"Paid Parking","PAID_SPACES":15,"WKD_RATE1":1,"WKD_RATE2":2.5,"WKD_RATE3":1,"PARKING_TIME_LIMIT":120,"PEAK_HOUR":null,"START_TIME_WKD":"08AM","END_TIME_WKD":"08PM"}},{"type":"Feature","geometry":{"type":"LineString","coordinates":[[-122.330927599485,47.6040360348117],[-122.329975287553,47.6044343563349]]},"properties":{"UNITDESC":"CHERRY ST BETWEEN 4TH AVE AND 5TH AVE","PARKING_CATEGORY":"Paid Parking","PAID_SPACES":11,"WKD_RATE1":2,"WKD_RATE2":1.5,"WKD_RATE3":1,"PARKING_TIME_LIMIT":120,"PEAK_HOUR":"3-6PM","START_TIME_WKD":"08AM","END_TIME_WKD":"08PM"}},{"type":"Feature","geometry":{"type":"LineString","coordinates":[[-122.328002425626,47.6142403173892],[-122.327984982557,47.6152308640744]]},"properties":{"UNITDESC":"MELROSE AVE BETWEEN PIKE ST AND PINE ST","PARKING_CATEGORY":"Paid Parking","PAID_SPACES":4,"WKD_RATE1":1,"WKD_RATE2":5,"WKD_RATE3":8,"PARKING_TIME_LIMIT":120,"PEAK_HOUR":null,"START_TIME_WKD":"08AM","END_TIME_WKD":"10PM"}},{"type":"Feature","geometry":{"type":"LineString","coordinates":[[-122.343778840067,47.6118528876972],[-122.343060364237,47.6124084470881]]},"properties":{"UNITDESC":"LENORA ST BETWEEN 1ST AVE AND 2ND AVE","PARKING_CATEGORY":"Paid Parking","PAID_SPACES":8,"WKD_RATE1":1,"WKD_RATE2":2.5,"WKD_RATE3":1,"PARKING_TIME_LIMIT":120,"PEAK_HOUR":null,"START_TIME_WKD":"08AM","END_TIME_WKD":"08PM"}},{"type":"Feature","geometry":{"type":"LineString","coordinates":[[-122.337236818424,47.6072910906358],[-122.338079264547,47.6082119276365]]},"properties":{"UNITDESC":"2ND AVE BETWEEN UNIVERSITY ST AND UNION ST","PARKING_CATEGORY":"Paid Parking","PAID_SPACES":2,"WKD_RATE1":2.5,"WKD_RATE2":6,"WKD_RATE3":1.5,"PARKING_TIME_LIMIT":30,"PEAK_HOUR":"6-9AM 3-7PM","START_TIME_WKD":"08AM","END_TIME_WKD":"08PM"}},{"type":"Feature","geometry":{"type":"LineString","coordinates":[[-122.340791933223,47.6098074037003],[-122.339871871902,47.6101922253474]]},"properties":{"UNITDESC":"PINE ST BETWEEN 1ST AVE AND 2ND AVE","PARKING_CATEGORY":"Paid Parking","PAID_SPACES":1,"WKD_RATE1":2.5,"WKD_RATE2":6,"WKD_RATE3":1.5,"PARKING_TIME_LIMIT":30,"PEAK_HOUR":null,"START_TIME_WKD":"08AM","END_TIME_WKD":"08PM"}},{"type":"Feature","geometry":{"type":"LineString","coordinates":[[-122.334203497525,47.6140640103411],[-122.335366552384,47.6149076529553]]},"properties":{"UNITDESC":"8TH AVE BETWEEN OLIVE WAY AND STEWART ST","PARKING_CATEGORY":"Paid Parking","PAID_SPACES":6,"WKD_RATE1":1,"WKD_RATE2":6,"WKD_RATE3":6,"PARKING_TIME_LIMIT":120,"PEAK_HOUR":null,"START_TIME_WKD":"08AM","END_TIME_WKD":"08PM"}},{"type":"Feature","geometry":{"type":"LineString","coordinates":[[-122.338090615875,47.6039160684298],[-122.338641469458,47.6045396541335],[-122.338735071405,47.6045883134117]]},"properties":{"UNITDESC":"ALASKAN ER WAY BETWEEN MADISON ST AND SPRING ST","PARKING_CATEGORY":"Paid Parking","PAID_SPACES":8,"WKD_RATE1":1,"WKD_RATE2":8,"WKD_RATE3":5.5,"PARKING_TIME_LIMIT":120,"PEAK_HOUR":null,"START_TIME_WKD":"08AM","END_TIME_WKD":"08PM"}},{"type":"Feature","geometry":{"type":"LineString","coordinates":[[-122.328771105771,47.6098628942596],[-122.329338706744,47.6104835450799]]},"properties":{"UNITDESC":"9TH AVE BETWEEN SENECA ST AND UNIVERSITY ST","PARKING_CATEGORY":"Paid Parking","PAID_SPACES":4,"WKD_RATE1":1,"WKD_RATE2":7,"WKD_RATE3":6.5,"PARKING_TIME_LIMIT":120,"PEAK_HOUR":null,"START_TIME_WKD":"08AM","END_TIME_WKD":"08PM"}},{"type":"Feature","geometry":{"type":"LineString","coordinates":[[-122.335066834862,47.6032777418691],[-122.335652694876,47.6039191207771]]},"properties":{"UNITDESC":"1ST AVE BETWEEN COLUMBIA ST AND MARION ST","PARKING_CATEGORY":"Paid Parking","PAID_SPACES":3,"WKD_RATE1":1,"WKD_RATE2":8,"WKD_RATE3":5.5,"PARKING_TIME_LIMIT":120,"PEAK_HOUR":"6-9AM 3-7PM","START_TIME_WKD":"08AM","END_TIME_WKD":"08PM"}},{"type":"Feature","geometry":{"type":"LineString","coordinates":[[-122.334997208146,47.6082407002821],[-122.335806081612,47.6091245650281]]},"properties":{"UNITDESC":"4TH AVE BETWEEN UNIVERSITY ST AND UNION ST","PARKING_CATEGORY":"Paid Parking","PAID_SPACES":1,"WKD_RATE1":2.5,"WKD_RATE2":6,"WKD_RATE3":1.5,"PARKING_TIME_LIMIT":30,"PEAK_HOUR":"6-9AM 3-7PM","START_TIME_WKD":"08AM","END_TIME_WKD":"08PM"}},{"type":"Feature","geometry":{"type":"LineString","coordinates":[[-122.343907016568,47.6119286849517],[-122.343180559642,47.6124904180235]]},"properties":{"UNITDESC":"LENORA ST BETWEEN 1ST AVE AND 2ND AVE","PARKING_CATEGORY":"Paid Parking","PAID_SPACES":4,"WKD_RATE1":1,"WKD_RATE2":2.5,"WKD_RATE3":1,"PARKING_TIME_LIMIT":120,"PEAK_HOUR":null,"START_TIME_WKD":"08AM","END_TIME_WKD":"08PM"}},{"type":"Feature","geometry":{"type":"LineString","coordinates":[[-122.340331644561,47.6145096261271],[-122.339623960717,47.6150569288139]]},"properties":{"UNITDESC":"LENORA ST BETWEEN 5TH AVE AND 6TH AVE","PARKING_CATEGORY":"Paid Parking","PAID_SPACES":10,"WKD_RATE1":1,"WKD_RATE2":2.5,"WKD_RATE3":1,"PARKING_TIME_LIMIT":120,"PEAK_HOUR":null,"START_TIME_WKD":"08AM","END_TIME_WKD":"08PM"}},{"type":"Feature","geometry":{"type":"LineString","coordinates":[[-122.336893416475,47.6136161407445],[-122.336158685564,47.6141849008503]]},"properties":{"UNITDESC":"STEWART ST BETWEEN 6TH AVE AND 7TH AVE","PARKING_CATEGORY":"Paid Parking","PAID_SPACES":5,"WKD_RATE1":1,"WKD_RATE2":6,"WKD_RATE3":6,"PARKING_TIME_LIMIT":120,"PEAK_HOUR":"7-9AM","START_TIME_WKD":"08AM","END_TIME_WKD":"08PM"}},{"type":"Feature","geometry":{"type":"LineString","coordinates":[[-122.345199551184,47.6127003247547],[-122.346419914814,47.6134221198034]]},"properties":{"UNITDESC":"1ST AVE BETWEEN BLANCHARD ST AND BELL ST","PARKING_CATEGORY":"Paid Parking","PAID_SPACES":13,"WKD_RATE1":1,"WKD_RATE2":2.5,"WKD_RATE3":1,"PARKING_TIME_LIMIT":120,"PEAK_HOUR":null,"START_TIME_WKD":"08AM","END_TIME_WKD":"08PM"}},{"type":"Feature","geometry":{"type":"LineString","coordinates":[[-122.333096442402,47.6147798171161],[-122.332358818125,47.6153521920725]]},"properties":{"UNITDESC":"HOWELL ST BETWEEN 9TH AVE AND TERRY AVE","PARKING_CATEGORY":"Paid Parking","PAID_SPACES":12,"WKD_RATE1":2.5,"WKD_RATE2":7.5,"WKD_RATE3":2.5,"PARKING_TIME_LIMIT":240,"PEAK_HOUR":"3-7PM","START_TIME_WKD":"08AM","END_TIME_WKD":"08PM"}},{"type":"Feature","geometry":{"type":"LineString","coordinates":[[-122.338629610976,47.6057347305146],[-122.339222991155,47.606383056195]]},"properties":{"UNITDESC":"WESTERN AVE BETWEEN SENECA ST AND UNIVERSITY ST","PARKING_CATEGORY":"Paid Parking","PAID_SPACES":4,"WKD_RATE1":1,"WKD_RATE2":8,"WKD_RATE3":5.5,"PARKING_TIME_LIMIT":120,"PEAK_HOUR":null,"START_TIME_WKD":"08AM","END_TIME_WKD":"08PM"}},{"type":"Feature","geometry":{"type":"LineString","coordinates":[[-122.334172192507,47.6075999678579],[-122.334726835366,47.6082057524146]]},"properties":{"UNITDESC":"4TH AVE BETWEEN SENECA ST AND UNIVERSITY ST","PARKING_CATEGORY":"Paid Parking","PAID_SPACES":4,"WKD_RATE1":2.5,"WKD_RATE2":6,"WKD_RATE3":1.5,"PARKING_TIME_LIMIT":120,"PEAK_HOUR":"6-9AM 3-7PM","START_TIME_WKD":"08AM","END_TIME_WKD":"08PM"}},{"type":"Feature","geometry":{"type":"LineString","coordinates":[[-122.330691448883,47.6096249088806],[-122.330722776568,47.6100482377779],[-122.330707710085,47.6102587399558],[-122.330682130231,47.6104388792896],[-122.330645679197,47.6105918495882],[-122.330564476287,47.6108374007718],[-122.330456632092,47.6110778948695],[-122.330319182379,47.6113177284954],[-122.330170677935,47.6115249733486]]},"properties":{"UNITDESC":"HUBBELL PL BETWEEN UNIVERSITY ST AND 9TH AVE","PARKING_CATEGORY":"Paid Parking","PAID_SPACES":13,"WKD_RATE1":1,"WKD_RATE2":7,"WKD_RATE3":6.5,"PARKING_TIME_LIMIT":120,"PEAK_HOUR":null,"START_TIME_WKD":"08AM","END_TIME_WKD":"08PM"}},{"type":"Feature","geometry":{"type":"LineString","coordinates":[[-122.332193761015,47.612130213866],[-122.333044867232,47.6130607642573]]},"properties":{"UNITDESC":"8TH AVE BETWEEN PIKE ST AND PINE ST","PARKING_CATEGORY":"Paid Parking","PAID_SPACES":1,"WKD_RATE1":2.5,"WKD_RATE2":6,"WKD_RATE3":1.5,"PARKING_TIME_LIMIT":30,"PEAK_HOUR":null,"START_TIME_WKD":"08AM","END_TIME_WKD":"08PM"}},{"type":"Feature","geometry":{"type":"LineString","coordinates":[[-122.344643633063,47.6111803723107],[-122.343914207896,47.6117440812054]]},"properties":{"UNITDESC":"LENORA ST BETWEEN WESTERN AVE AND 1ST AVE","PARKING_CATEGORY":"Paid Parking","PAID_SPACES":9,"WKD_RATE1":1,"WKD_RATE2":2.5,"WKD_RATE3":1,"PARKING_TIME_LIMIT":120,"PEAK_HOUR":null,"START_TIME_WKD":"08AM","END_TIME_WKD":"08PM"}},{"type":"Feature","geometry":{"type":"LineString","coordinates":[[-122.339896753029,47.6130804140235],[-122.339109480337,47.613689170762]]},"properties":{"UNITDESC":"VIRGINIA ST BETWEEN 4TH AVE AND 5TH AVE","PARKING_CATEGORY":"Paid Parking","PAID_SPACES":3,"WKD_RATE1":1,"WKD_RATE2":2.5,"WKD_RATE3":1,"PARKING_TIME_LIMIT":120,"PEAK_HOUR":null,"START_TIME_WKD":"08AM","END_TIME_WKD":"08PM"}},{"type":"Feature","geometry":{"type":"LineString","coordinates":[[-122.341323667857,47.610394122881],[-122.340528433859,47.6110090663038]]},"properties":{"UNITDESC":"STEWART ST BETWEEN 1ST AVE AND 2ND AVE","PARKING_CATEGORY":"Paid Parking","PAID_SPACES":1,"WKD_RATE1":2.5,"WKD_RATE2":6,"WKD_RATE3":1.5,"PARKING_TIME_LIMIT":30,"PEAK_HOUR":null,"START_TIME_WKD":"08AM","END_TIME_WKD":"08PM"}},{"type":"Feature","geometry":{"type":"LineString","coordinates":[[-122.337765180776,47.6141684801834],[-122.338236546041,47.6144473732068]]},"properties":{"UNITDESC":"6TH AVE BETWEEN WESTLAKE AVE AND VIRGINIA ST","PARKING_CATEGORY":"Paid Parking","PAID_SPACES":3,"WKD_RATE1":1,"WKD_RATE2":6,"WKD_RATE3":6,"PARKING_TIME_LIMIT":120,"PEAK_HOUR":null,"START_TIME_WKD":"08AM","END_TIME_WKD":"08PM"}},{"type":"Feature","geometry":{"type":"LineString","coordinates":[[-122.342747710916,47.6145583194447],[-122.343907623261,47.6152438515068]]},"properties":{"UNITDESC":"4TH AVE BETWEEN BLANCHARD ST AND BELL ST","PARKING_CATEGORY":"Paid Parking","PAID_SPACES":9,"WKD_RATE1":1,"WKD_RATE2":2.5,"WKD_RATE3":1,"PARKING_TIME_LIMIT":120,"PEAK_HOUR":null,"START_TIME_WKD":"08AM","END_TIME_WKD":"08PM"}},{"type":"Feature","geometry":{"type":"LineString","coordinates":[[-122.327956724051,47.6091909655655],[-122.328551880963,47.6098420741682]]},"properties":{"UNITDESC":"9TH AVE BETWEEN SPRING ST AND SENECA ST","PARKING_CATEGORY":"Paid Parking","PAID_SPACES":2,"WKD_RATE1":1,"WKD_RATE2":7,"WKD_RATE3":6.5,"PARKING_TIME_LIMIT":30,"PEAK_HOUR":null,"START_TIME_WKD":"08AM","END_TIME_WKD":"08PM"}},{"type":"Feature","geometry":{"type":"LineString","coordinates":[[-122.336747708542,47.6087265118941],[-122.335796832206,47.609124983133]]},"properties":{"UNITDESC":"UNION ST BETWEEN 3RD AVE AND 4TH AVE","PARKING_CATEGORY":"Paid Parking","PAID_SPACES":6,"WKD_RATE1":2.5,"WKD_RATE2":6,"WKD_RATE3":1.5,"PARKING_TIME_LIMIT":120,"PEAK_HOUR":null,"START_TIME_WKD":"08AM","END_TIME_WKD":"08PM"}},{"type":"Feature","geometry":{"type":"LineString","coordinates":[[-122.328161889075,47.6060498202053],[-122.327144105318,47.60647558687]]},"properties":{"UNITDESC":"COLUMBIA ST BETWEEN 7TH AVE AND 8TH AVE","PARKING_CATEGORY":"Paid Parking","PAID_SPACES":7,"WKD_RATE1":1,"WKD_RATE2":7,"WKD_RATE3":6.5,"PARKING_TIME_LIMIT":120,"PEAK_HOUR":null,"START_TIME_WKD":"08AM","END_TIME_WKD":"08PM"}},{"type":"Feature","geometry":{"type":"LineString","coordinates":[[-122.336372880625,47.6047064795354],[-122.336944283751,47.6053311656197]]},"properties":{"UNITDESC":"1ST AVE BETWEEN MADISON ST AND SPRING ST","PARKING_CATEGORY":"Paid Parking","PAID_SPACES":6,"WKD_RATE1":1,"WKD_RATE2":8,"WKD_RATE3":5.5,"PARKING_TIME_LIMIT":30,"PEAK_HOUR":"6-9AM 3-7PM","START_TIME_WKD":"08AM","END_TIME_WKD":"08PM"}},{"type":"Feature","geometry":{"type":"LineString","coordinates":[[-122.339435593085,47.6053991452064],[-122.338795916411,47.6056711614899]]},"properties":{"UNITDESC":"SENECA ST BETWEEN ALASKAN WAY AND WESTERN AVE","PARKING_CATEGORY":"Paid Parking","PAID_SPACES":8,"WKD_RATE1":1,"WKD_RATE2":8,"WKD_RATE3":5.5,"PARKING_TIME_LIMIT":120,"PEAK_HOUR":null,"START_TIME_WKD":"08AM","END_TIME_WKD":"08PM"}},{"type":"Feature","geometry":{"type":"LineString","coordinates":[[-122.328121133823,47.6109923599756],[-122.327103118273,47.6114183430059]]},"properties":{"UNITDESC":"UNIVERSITY ST BETWEEN TERRY AVE AND BOREN AVE","PARKING_CATEGORY":"Restricted Parking Zone","PAID_SPACES":7,"WKD_RATE1":1,"WKD_RATE2":7,"WKD_RATE3":6.5,"PARKING_TIME_LIMIT":120,"PEAK_HOUR":null,"START_TIME_WKD":"08AM","END_TIME_WKD":"08PM"}},{"type":"Feature","geometry":{"type":"LineString","coordinates":[[-122.340595790519,47.6109360065257],[-122.341753094172,47.6116205096808]]},"properties":{"UNITDESC":"2ND AVE BETWEEN STEWART ST AND VIRGINIA ST","PARKING_CATEGORY":"Paid Parking","PAID_SPACES":14,"WKD_RATE1":1,"WKD_RATE2":2.5,"WKD_RATE3":1,"PARKING_TIME_LIMIT":120,"PEAK_HOUR":"6-9AM 3-7PM","START_TIME_WKD":"08AM","END_TIME_WKD":"08PM"}},{"type":"Feature","geometry":{"type":"LineString","coordinates":[[-122.336425157907,47.6131413826092],[-122.337025748214,47.6135447984442]]},"properties":{"UNITDESC":"6TH AVE BETWEEN OLIVE WAY AND STEWART ST","PARKING_CATEGORY":"Paid Parking","PAID_SPACES":3,"WKD_RATE1":1,"WKD_RATE2":6,"WKD_RATE3":6,"PARKING_TIME_LIMIT":120,"PEAK_HOUR":null,"START_TIME_WKD":"08AM","END_TIME_WKD":"08PM"}},{"type":"Feature","geometry":{"type":"LineString","coordinates":[[-122.33929826602,47.6137097456939],[-122.340473245452,47.6144042867385]]},"properties":{"UNITDESC":"5TH AVE BETWEEN VIRGINIA ST AND LENORA ST","PARKING_CATEGORY":"Paid Parking","PAID_SPACES":11,"WKD_RATE1":1,"WKD_RATE2":2.5,"WKD_RATE3":1,"PARKING_TIME_LIMIT":120,"PEAK_HOUR":null,"START_TIME_WKD":"08AM","END_TIME_WKD":"08PM"}},{"type":"Feature","geometry":{"type":"LineString","coordinates":[[-122.333444148576,47.610116073736],[-122.332493292174,47.6105140594274]]},"properties":{"UNITDESC":"UNION ST BETWEEN 6TH AVE AND 7TH AVE","PARKING_CATEGORY":"Paid Parking","PAID_SPACES":7,"WKD_RATE1":2.5,"WKD_RATE2":6,"WKD_RATE3":1.5,"PARKING_TIME_LIMIT":120,"PEAK_HOUR":null,"START_TIME_WKD":"08AM","END_TIME_WKD":"08PM"}},{"type":"Feature","geometry":{"type":"LineString","coordinates":[[-122.333757180114,47.608776286665],[-122.332799082381,47.6091775238903]]},"properties":{"UNITDESC":"UNIVERSITY ST BETWEEN 5TH AVE AND 6TH AVE","PARKING_CATEGORY":"Paid Parking","PAID_SPACES":4,"WKD_RATE1":2.5,"WKD_RATE2":6,"WKD_RATE3":1.5,"PARKING_TIME_LIMIT":120,"PEAK_HOUR":null,"START_TIME_WKD":"08AM","END_TIME_WKD":"08PM"}},{"type":"Feature","geometry":{"type":"LineString","coordinates":[[-122.330908008912,47.6040409805342],[-122.331462204119,47.6046468983901]]},"properties":{"UNITDESC":"4TH AVE BETWEEN CHERRY ST AND COLUMBIA ST","PARKING_CATEGORY":"Paid Parking","PAID_SPACES":1,"WKD_RATE1":2,"WKD_RATE2":1.5,"WKD_RATE3":1,"PARKING_TIME_LIMIT":null,"PEAK_HOUR":"6-9AM 3-7PM","START_TIME_WKD":"08AM","END_TIME_WKD":"08PM"}},{"type":"Feature","geometry":{"type":"LineString","coordinates":[[-122.340183711082,47.6060040526107],[-122.341093123288,47.6069987834016]]},"properties":{"UNITDESC":"ALASKAN WAY BETWEEN UNIVERSITY ST AND UNION ST","PARKING_CATEGORY":"Paid Parking","PAID_SPACES":1,"WKD_RATE1":1,"WKD_RATE2":8,"WKD_RATE3":5.5,"PARKING_TIME_LIMIT":30,"PEAK_HOUR":null,"START_TIME_WKD":"08AM","END_TIME_WKD":"08PM"}},{"type":"Feature","geometry":{"type":"LineString","coordinates":[[-122.328886824668,47.6135671294997],[-122.327881577317,47.6139882713295]]},"properties":{"UNITDESC":"PIKE ST BETWEEN BOREN AVE AND MELROSE AVE","PARKING_CATEGORY":"Paid Parking","PAID_SPACES":6,"WKD_RATE1":1,"WKD_RATE2":5,"WKD_RATE3":8,"PARKING_TIME_LIMIT":120,"PEAK_HOUR":null,"START_TIME_WKD":"08AM","END_TIME_WKD":"10PM"}},{"type":"Feature","geometry":{"type":"LineString","coordinates":[[-122.328659292959,47.6099227769795],[-122.327641544131,47.6103486006342]]},"properties":{"UNITDESC":"SENECA ST BETWEEN 9TH AVE AND TERRY AVE","PARKING_CATEGORY":"Paid Parking","PAID_SPACES":3,"WKD_RATE1":1,"WKD_RATE2":7,"WKD_RATE3":6.5,"PARKING_TIME_LIMIT":120,"PEAK_HOUR":null,"START_TIME_WKD":"08AM","END_TIME_WKD":"08PM"}},{"type":"Feature","geometry":{"type":"LineString","coordinates":[[-122.334340248772,47.6075231509658],[-122.334894901946,47.6081289300852]]},"properties":{"UNITDESC":"4TH AVE BETWEEN SENECA ST AND UNIVERSITY ST","PARKING_CATEGORY":"Paid Parking","PAID_SPACES":7,"WKD_RATE1":2.5,"WKD_RATE2":6,"WKD_RATE3":1.5,"PARKING_TIME_LIMIT":120,"PEAK_HOUR":"6-9AM 3-7PM","START_TIME_WKD":"08AM","END_TIME_WKD":"08PM"}},{"type":"Feature","geometry":{"type":"LineString","coordinates":[[-122.337941200356,47.6050135039024],[-122.338536654286,47.6056643442226]]},"properties":{"UNITDESC":"WESTERN AVE BETWEEN SPRING ST AND SENECA ST","PARKING_CATEGORY":"Paid Parking","PAID_SPACES":6,"WKD_RATE1":1,"WKD_RATE2":8,"WKD_RATE3":5.5,"PARKING_TIME_LIMIT":120,"PEAK_HOUR":null,"START_TIME_WKD":"08AM","END_TIME_WKD":"08PM"}},{"type":"Feature","geometry":{"type":"LineString","coordinates":[[-122.338277758141,47.6144863138261],[-122.33943738864,47.6151720581024]]},"properties":{"UNITDESC":"6TH AVE BETWEEN VIRGINIA ST AND LENORA ST","PARKING_CATEGORY":"Paid Parking","PAID_SPACES":2,"WKD_RATE1":1,"WKD_RATE2":6,"WKD_RATE3":6,"PARKING_TIME_LIMIT":null,"PEAK_HOUR":null,"START_TIME_WKD":"08AM","END_TIME_WKD":"08PM"}},{"type":"Feature","geometry":{"type":"LineString","coordinates":[[-122.337935074328,47.6083721737112],[-122.338745324153,47.6092579297109]]},"properties":{"UNITDESC":"2ND AVE BETWEEN UNION ST AND PIKE ST","PARKING_CATEGORY":"Paid Parking","PAID_SPACES":6,"WKD_RATE1":2.5,"WKD_RATE2":6,"WKD_RATE3":1.5,"PARKING_TIME_LIMIT":120,"PEAK_HOUR":"3-7PM","START_TIME_WKD":"08AM","END_TIME_WKD":"08PM"}},{"type":"Feature","geometry":{"type":"LineString","coordinates":[[-122.331920758285,47.6065721355069],[-122.332482432092,47.6071857535712]]},"properties":{"UNITDESC":"5TH AVE BETWEEN MADISON ST AND SPRING ST","PARKING_CATEGORY":"Paid Parking","PAID_SPACES":6,"WKD_RATE1":2,"WKD_RATE2":1.5,"WKD_RATE3":1,"PARKING_TIME_LIMIT":120,"PEAK_HOUR":"7-9AM 4-6PM","START_TIME_WKD":"08AM","END_TIME_WKD":"08PM"}},{"type":"Feature","geometry":{"type":"LineString","coordinates":[[-122.338143603733,47.6069121185769],[-122.337216123871,47.6072997917018]]},"properties":{"UNITDESC":"UNIVERSITY ST BETWEEN 1ST AVE AND 2ND AVE","PARKING_CATEGORY":"Paid Parking","PAID_SPACES":6,"WKD_RATE1":2.5,"WKD_RATE2":6,"WKD_RATE3":1.5,"PARKING_TIME_LIMIT":120,"PEAK_HOUR":null,"START_TIME_WKD":"08AM","END_TIME_WKD":"08PM"}},{"type":"Feature","geometry":{"type":"LineString","coordinates":[[-122.337001783927,47.6053940008623],[-122.337576410321,47.6060214805309]]},"properties":{"UNITDESC":"1ST AVE BETWEEN SPRING ST AND SENECA ST","PARKING_CATEGORY":"Paid Parking","PAID_SPACES":6,"WKD_RATE1":1,"WKD_RATE2":8,"WKD_RATE3":5.5,"PARKING_TIME_LIMIT":120,"PEAK_HOUR":"6-9AM 3-7PM","START_TIME_WKD":"08AM","END_TIME_WKD":"08PM"}},{"type":"Feature","geometry":{"type":"LineString","coordinates":[[-122.328982213932,47.6069283849414],[-122.329459832924,47.6074503521949]]},"properties":{"UNITDESC":"7TH AVE BETWEEN MADISON ST OFF RP AND MADISON ST","PARKING_CATEGORY":"Paid Parking","PAID_SPACES":6,"WKD_RATE1":1,"WKD_RATE2":7,"WKD_RATE3":6.5,"PARKING_TIME_LIMIT":120,"PEAK_HOUR":"6-9AM","START_TIME_WKD":"08AM","END_TIME_WKD":"08PM"}},{"type":"Feature","geometry":{"type":"LineString","coordinates":[[-122.333686470823,47.6101725965988],[-122.334496268407,47.6110579374914]]},"properties":{"UNITDESC":"6TH AVE BETWEEN UNION ST AND PIKE ST","PARKING_CATEGORY":"Paid Parking","PAID_SPACES":9,"WKD_RATE1":2.5,"WKD_RATE2":6,"WKD_RATE3":1.5,"PARKING_TIME_LIMIT":120,"PEAK_HOUR":null,"START_TIME_WKD":"08AM","END_TIME_WKD":"08PM"}},{"type":"Feature","geometry":{"type":"LineString","coordinates":[[-122.336289381251,47.6142838067737],[-122.337454632626,47.614973203001]]},"properties":{"UNITDESC":"7TH AVE BETWEEN STEWART ST AND VIRGINIA ST","PARKING_CATEGORY":"Paid Parking","PAID_SPACES":2,"WKD_RATE1":1,"WKD_RATE2":6,"WKD_RATE3":6,"PARKING_TIME_LIMIT":120,"PEAK_HOUR":null,"START_TIME_WKD":"08AM","END_TIME_WKD":"08PM"}},{"type":"Feature","geometry":{"type":"LineString","coordinates":[[-122.340211586713,47.6089020959305],[-122.340975507458,47.6097371859351]]},"properties":{"UNITDESC":"1ST AVE BETWEEN PIKE ST AND PINE ST","PARKING_CATEGORY":"Paid Parking","PAID_SPACES":1,"WKD_RATE1":2.5,"WKD_RATE2":6,"WKD_RATE3":1.5,"PARKING_TIME_LIMIT":30,"PEAK_HOUR":"6-9AM 3-7PM","START_TIME_WKD":"08AM","END_TIME_WKD":"08PM"}},{"type":"Feature","geometry":{"type":"LineString","coordinates":[[-122.339744377758,47.610355018051],[-122.34027604197,47.6109360340476]]},"properties":{"UNITDESC":"2ND AVE BETWEEN PINE ST AND STEWART ST","PARKING_CATEGORY":"Paid Parking","PAID_SPACES":4,"WKD_RATE1":2.5,"WKD_RATE2":6,"WKD_RATE3":1.5,"PARKING_TIME_LIMIT":120,"PEAK_HOUR":null,"START_TIME_WKD":"08AM","END_TIME_WKD":"08PM"}},{"type":"Feature","geometry":{"type":"LineString","coordinates":[[-122.328611966472,47.6148918707675],[-122.32789769874,47.6151712528157]]},"properties":{"UNITDESC":"PINE ST BETWEEN MINOR AVE AND MELROSE AVE","PARKING_CATEGORY":"Paid Parking","PAID_SPACES":3,"WKD_RATE1":1,"WKD_RATE2":5,"WKD_RATE3":8,"PARKING_TIME_LIMIT":120,"PEAK_HOUR":null,"START_TIME_WKD":"08AM","END_TIME_WKD":"10PM"}},{"type":"Feature","geometry":{"type":"LineString","coordinates":[[-122.32911441575,47.6087262254707],[-122.329709899116,47.6093771664214]]},"properties":{"UNITDESC":"8TH AVE BETWEEN SPRING ST AND SENECA ST","PARKING_CATEGORY":"Paid Parking","PAID_SPACES":4,"WKD_RATE1":1,"WKD_RATE2":7,"WKD_RATE3":6.5,"PARKING_TIME_LIMIT":120,"PEAK_HOUR":null,"START_TIME_WKD":"08AM","END_TIME_WKD":"08PM"}},{"type":"Feature","geometry":{"type":"LineString","coordinates":[[-122.344042814551,47.6118235160179],[-122.345261696974,47.612544048139]]},"properties":{"UNITDESC":"1ST AVE BETWEEN LENORA ST AND BLANCHARD ST","PARKING_CATEGORY":"Paid Parking","PAID_SPACES":11,"WKD_RATE1":1,"WKD_RATE2":2.5,"WKD_RATE3":1,"PARKING_TIME_LIMIT":120,"PEAK_HOUR":null,"START_TIME_WKD":"08AM","END_TIME_WKD":"08PM"}},{"type":"Feature","geometry":{"type":"LineString","coordinates":[[-122.342186856554,47.6097247187715],[-122.34185781132,47.6099694690514]]},"properties":{"UNITDESC":"STEWART ST BETWEEN PIKE PL AND POST AL","PARKING_CATEGORY":"Paid Parking","PAID_SPACES":1,"WKD_RATE1":1,"WKD_RATE2":8,"WKD_RATE3":5.5,"PARKING_TIME_LIMIT":30,"PEAK_HOUR":null,"START_TIME_WKD":"08AM","END_TIME_WKD":"08PM"}},{"type":"Feature","geometry":{"type":"LineString","coordinates":[[-122.337516393363,47.6112915021248],[-122.338341597373,47.6121743091693]]},"properties":{"UNITDESC":"4TH AVE BETWEEN PINE ST AND OLIVE WAY","PARKING_CATEGORY":"Paid Parking","PAID_SPACES":1,"WKD_RATE1":2.5,"WKD_RATE2":6,"WKD_RATE3":1.5,"PARKING_TIME_LIMIT":30,"PEAK_HOUR":null,"START_TIME_WKD":"08AM","END_TIME_WKD":"08PM"}},{"type":"Feature","geometry":{"type":"LineString","coordinates":[[-122.335293256901,47.6071468685401],[-122.334344558933,47.6075439551211]]},"properties":{"UNITDESC":"SENECA ST BETWEEN 3RD AVE AND 4TH AVE","PARKING_CATEGORY":"Paid Parking","PAID_SPACES":4,"WKD_RATE1":2.5,"WKD_RATE2":6,"WKD_RATE3":1.5,"PARKING_TIME_LIMIT":120,"PEAK_HOUR":null,"START_TIME_WKD":"08AM","END_TIME_WKD":"08PM"}},{"type":"Feature","geometry":{"type":"LineString","coordinates":[[-122.337409062162,47.6061041512246],[-122.336457564404,47.6065018920451]]},"properties":{"UNITDESC":"SENECA ST BETWEEN 1ST AVE AND 2ND AVE","PARKING_CATEGORY":"Paid Parking","PAID_SPACES":4,"WKD_RATE1":2.5,"WKD_RATE2":6,"WKD_RATE3":1.5,"PARKING_TIME_LIMIT":120,"PEAK_HOUR":null,"START_TIME_WKD":"08AM","END_TIME_WKD":"08PM"}},{"type":"Feature","geometry":{"type":"LineString","coordinates":[[-122.3325871131,47.6041826706937],[-122.331648881244,47.6045752135601]]},"properties":{"UNITDESC":"COLUMBIA ST BETWEEN 3RD AVE AND 4TH AVE","PARKING_CATEGORY":"Paid Parking","PAID_SPACES":5,"WKD_RATE1":2,"WKD_RATE2":1.5,"WKD_RATE3":1,"PARKING_TIME_LIMIT":120,"PEAK_HOUR":null,"START_TIME_WKD":"08AM","END_TIME_WKD":"08PM"}},{"type":"Feature","geometry":{"type":"LineString","coordinates":[[-122.340620786902,47.6144733054669],[-122.341778779863,47.6151580251252]]},"properties":{"UNITDESC":"5TH AVE BETWEEN LENORA ST AND BLANCHARD ST","PARKING_CATEGORY":"Paid Parking","PAID_SPACES":11,"WKD_RATE1":1,"WKD_RATE2":2.5,"WKD_RATE3":1,"PARKING_TIME_LIMIT":120,"PEAK_HOUR":null,"START_TIME_WKD":"08AM","END_TIME_WKD":"08PM"}},{"type":"Feature","geometry":{"type":"LineString","coordinates":[[-122.342742925413,47.6110506908877],[-122.343963225108,47.6117728162566]]},"properties":{"UNITDESC":"1ST AVE BETWEEN VIRGINIA ST AND LENORA ST","PARKING_CATEGORY":"Paid Parking","PAID_SPACES":9,"WKD_RATE1":1,"WKD_RATE2":2.5,"WKD_RATE3":1,"PARKING_TIME_LIMIT":120,"PEAK_HOUR":"6-9AM 3-6PM","START_TIME_WKD":"08AM","END_TIME_WKD":"08PM"}},{"type":"Feature","geometry":{"type":"LineString","coordinates":[[-122.333529029386,47.6068955957996],[-122.334082523512,47.6075020164846]]},"properties":{"UNITDESC":"4TH AVE BETWEEN SPRING ST AND SENECA ST","PARKING_CATEGORY":"Paid Parking","PAID_SPACES":1,"WKD_RATE1":2,"WKD_RATE2":1.5,"WKD_RATE3":1,"PARKING_TIME_LIMIT":30,"PEAK_HOUR":"6-9AM 3-7PM","START_TIME_WKD":"08AM","END_TIME_WKD":"08PM"}},{"type":"Feature","geometry":{"type":"LineString","coordinates":[[-122.344746632239,47.6147824580117],[-122.345914964378,47.6154724983926]]},"properties":{"UNITDESC":"3RD AVE BETWEEN BELL ST AND BATTERY ST","PARKING_CATEGORY":"Paid Parking","PAID_SPACES":1,"WKD_RATE1":1,"WKD_RATE2":1.5,"WKD_RATE3":1.5,"PARKING_TIME_LIMIT":30,"PEAK_HOUR":null,"START_TIME_WKD":"08AM","END_TIME_WKD":"08PM"}},{"type":"Feature","geometry":{"type":"LineString","coordinates":[[-122.340872968397,47.6098960031951],[-122.339952907413,47.6102808245798]]},"properties":{"UNITDESC":"PINE ST BETWEEN 1ST AVE AND 2ND AVE","PARKING_CATEGORY":"Paid Parking","PAID_SPACES":1,"WKD_RATE1":2.5,"WKD_RATE2":6,"WKD_RATE3":1.5,"PARKING_TIME_LIMIT":30,"PEAK_HOUR":null,"START_TIME_WKD":"08AM","END_TIME_WKD":"08PM"}},{"type":"Feature","geometry":{"type":"LineString","coordinates":[[-122.341191274947,47.6138492505341],[-122.340475940891,47.6144022197212]]},"properties":{"UNITDESC":"LENORA ST BETWEEN 4TH AVE AND 5TH AVE","PARKING_CATEGORY":"Paid Parking","PAID_SPACES":4,"WKD_RATE1":1,"WKD_RATE2":2.5,"WKD_RATE3":1,"PARKING_TIME_LIMIT":120,"PEAK_HOUR":null,"START_TIME_WKD":"08AM","END_TIME_WKD":"08PM"}},{"type":"Feature","geometry":{"type":"LineString","coordinates":[[-122.334693833866,47.608190528392],[-122.333742836509,47.6085888202625]]},"properties":{"UNITDESC":"UNIVERSITY ST BETWEEN 4TH AVE AND 5TH AVE","PARKING_CATEGORY":"Paid Parking","PAID_SPACES":3,"WKD_RATE1":2.5,"WKD_RATE2":6,"WKD_RATE3":1.5,"PARKING_TIME_LIMIT":120,"PEAK_HOUR":null,"START_TIME_WKD":"08AM","END_TIME_WKD":"08PM"}},{"type":"Feature","geometry":{"type":"LineString","coordinates":[[-122.339439439033,47.6116746658486],[-122.338594287061,47.6121196117178]]},"properties":{"UNITDESC":"OLIVE WAY BETWEEN 3RD AVE AND 4TH AVE","PARKING_CATEGORY":"Paid Parking","PAID_SPACES":4,"WKD_RATE1":2.5,"WKD_RATE2":6,"WKD_RATE3":1.5,"PARKING_TIME_LIMIT":120,"PEAK_HOUR":null,"START_TIME_WKD":"08AM","END_TIME_WKD":"08PM"}},{"type":"Feature","geometry":{"type":"LineString","coordinates":[[-122.332771685572,47.609175695279],[-122.33358865152,47.6100584513651]]},"properties":{"UNITDESC":"6TH AVE BETWEEN UNIVERSITY ST AND UNION ST","PARKING_CATEGORY":"Paid Parking","PAID_SPACES":3,"WKD_RATE1":2.5,"WKD_RATE2":6,"WKD_RATE3":1.5,"PARKING_TIME_LIMIT":120,"PEAK_HOUR":null,"START_TIME_WKD":"08AM","END_TIME_WKD":"08PM"}},{"type":"Feature","geometry":{"type":"LineString","coordinates":[[-122.330121916052,47.6081793970509],[-122.329114045612,47.6086008467084]]},"properties":{"UNITDESC":"SPRING ST BETWEEN 7TH AVE AND 8TH AVE","PARKING_CATEGORY":"Paid Parking","PAID_SPACES":4,"WKD_RATE1":1,"WKD_RATE2":7,"WKD_RATE3":6.5,"PARKING_TIME_LIMIT":120,"PEAK_HOUR":null,"START_TIME_WKD":"08AM","END_TIME_WKD":"08PM"}},{"type":"Feature","geometry":{"type":"LineString","coordinates":[[-122.342476141955,47.6110820382076],[-122.341688138406,47.611691327986]]},"properties":{"UNITDESC":"VIRGINIA ST BETWEEN 1ST AVE AND 2ND AVE","PARKING_CATEGORY":"Paid Parking","PAID_SPACES":7,"WKD_RATE1":1,"WKD_RATE2":2.5,"WKD_RATE3":1,"PARKING_TIME_LIMIT":120,"PEAK_HOUR":null,"START_TIME_WKD":"08AM","END_TIME_WKD":"08PM"}},{"type":"Feature","geometry":{"type":"LineString","coordinates":[[-122.342623863724,47.6146999468184],[-122.341842051801,47.6153046792313]]},"properties":{"UNITDESC":"BLANCHARD ST BETWEEN 4TH AVE AND 5TH AVE","PARKING_CATEGORY":"Paid Parking","PAID_SPACES":6,"WKD_RATE1":1,"WKD_RATE2":2.5,"WKD_RATE3":1,"PARKING_TIME_LIMIT":120,"PEAK_HOUR":null,"START_TIME_WKD":"08AM","END_TIME_WKD":"08PM"}},{"type":"Feature","geometry":{"type":"LineString","coordinates":[[-122.328788618907,47.6067477291391],[-122.327770699517,47.6071736146238]]},"properties":{"UNITDESC":"MARION ST BETWEEN 7TH AVE AND 8TH AVE","PARKING_CATEGORY":"Paid Parking","PAID_SPACES":8,"WKD_RATE1":1,"WKD_RATE2":7,"WKD_RATE3":6.5,"PARKING_TIME_LIMIT":120,"PEAK_HOUR":null,"START_TIME_WKD":"08AM","END_TIME_WKD":"08PM"}},{"type":"Feature","geometry":{"type":"LineString","coordinates":[[-122.343463288843,47.6140346192625],[-122.34463794328,47.6147291368463]]},"properties":{"UNITDESC":"3RD AVE BETWEEN BLANCHARD ST AND BELL ST","PARKING_CATEGORY":"Paid Parking","PAID_SPACES":13,"WKD_RATE1":1,"WKD_RATE2":2.5,"WKD_RATE3":1,"PARKING_TIME_LIMIT":120,"PEAK_HOUR":null,"START_TIME_WKD":"08AM","END_TIME_WKD":"08PM"}},{"type":"Feature","geometry":{"type":"LineString","coordinates":[[-122.344373818042,47.6133595608707],[-122.343570080051,47.6139812171542]]},"properties":{"UNITDESC":"BLANCHARD ST BETWEEN 2ND AVE AND 3RD AVE","PARKING_CATEGORY":"Paid Parking","PAID_SPACES":6,"WKD_RATE1":1,"WKD_RATE2":2.5,"WKD_RATE3":1,"PARKING_TIME_LIMIT":120,"PEAK_HOUR":null,"START_TIME_WKD":"08AM","END_TIME_WKD":"08PM"}},{"type":"Feature","geometry":{"type":"LineString","coordinates":[[-122.337725284338,47.6141586396339],[-122.33783210121,47.6146798012608]]},"properties":{"UNITDESC":"WESTLAKE AVE BETWEEN 6TH AVE AND VIRGINIA ST","PARKING_CATEGORY":"Paid Parking","PAID_SPACES":7,"WKD_RATE1":1,"WKD_RATE2":6,"WKD_RATE3":6,"PARKING_TIME_LIMIT":120,"PEAK_HOUR":null,"START_TIME_WKD":"08AM","END_TIME_WKD":"08PM"}},{"type":"Feature","geometry":{"type":"LineString","coordinates":[[-122.341047853913,47.6098162584147],[-122.341392627535,47.6101930169916]]},"properties":{"UNITDESC":"1ST AVE BETWEEN PINE ST AND STEWART ST","PARKING_CATEGORY":"Paid Parking","PAID_SPACES":1,"WKD_RATE1":2.5,"WKD_RATE2":6,"WKD_RATE3":1.5,"PARKING_TIME_LIMIT":null,"PEAK_HOUR":"6-9AM 3-7PM","START_TIME_WKD":"08AM","END_TIME_WKD":"08PM"}},{"type":"Feature","geometry":{"type":"LineString","coordinates":[[-122.334862054233,47.6033665246219],[-122.335426607442,47.6039845819391]]},"properties":{"UNITDESC":"1ST AVE BETWEEN COLUMBIA ST AND MARION ST","PARKING_CATEGORY":"Paid Parking","PAID_SPACES":6,"WKD_RATE1":1,"WKD_RATE2":8,"WKD_RATE3":5.5,"PARKING_TIME_LIMIT":120,"PEAK_HOUR":null,"START_TIME_WKD":"08AM","END_TIME_WKD":"08PM"}},{"type":"Feature","geometry":{"type":"LineString","coordinates":[[-122.342000092791,47.6079695381592],[-122.342736985947,47.6087051703653]]},"properties":{"UNITDESC":"ALASKAN WAY BETWEEN PIKE HILL CLIMB AND ELLIOTT WAY","PARKING_CATEGORY":"Paid Parking","PAID_SPACES":1,"WKD_RATE1":1,"WKD_RATE2":8,"WKD_RATE3":5.5,"PARKING_TIME_LIMIT":30,"PEAK_HOUR":null,"START_TIME_WKD":"08AM","END_TIME_WKD":"08PM"}},{"type":"Feature","geometry":{"type":"LineString","coordinates":[[-122.328556498525,47.6079600745632],[-122.329151915933,47.6086108913599]]},"properties":{"UNITDESC":"8TH AVE BETWEEN MADISON ST AND SPRING ST","PARKING_CATEGORY":"Paid Parking","PAID_SPACES":6,"WKD_RATE1":1,"WKD_RATE2":7,"WKD_RATE3":6.5,"PARKING_TIME_LIMIT":120,"PEAK_HOUR":null,"START_TIME_WKD":"08AM","END_TIME_WKD":"08PM"}},{"type":"Feature","geometry":{"type":"LineString","coordinates":[[-122.344941000815,47.6111478912244],[-122.345476435907,47.6112998921198],[-122.346146480811,47.611460181141],[-122.346558525385,47.6115404037675]]},"properties":{"UNITDESC":"ELLIOTT AVE BETWEEN LENORA ST AND BLANCHARD ST","PARKING_CATEGORY":"Paid Parking","PAID_SPACES":6,"WKD_RATE1":1,"WKD_RATE2":2.5,"WKD_RATE3":1,"PARKING_TIME_LIMIT":120,"PEAK_HOUR":null,"START_TIME_WKD":"08AM","END_TIME_WKD":"08PM"}},{"type":"Feature","geometry":{"type":"LineString","coordinates":[[-122.338784425579,47.6056538539156],[-122.339377806765,47.6063021787898]]},"properties":{"UNITDESC":"WESTERN AVE BETWEEN SENECA ST AND UNIVERSITY ST","PARKING_CATEGORY":"Paid Parking","PAID_SPACES":7,"WKD_RATE1":1,"WKD_RATE2":8,"WKD_RATE3":5.5,"PARKING_TIME_LIMIT":120,"PEAK_HOUR":null,"START_TIME_WKD":"08AM","END_TIME_WKD":"08PM"}},{"type":"Feature","geometry":{"type":"LineString","coordinates":[[-122.33499510963,47.605147754665],[-122.334046468187,47.6055447377258]]},"properties":{"UNITDESC":"MADISON ST BETWEEN 2ND AVE AND 3RD AVE","PARKING_CATEGORY":"Paid Parking","PAID_SPACES":3,"WKD_RATE1":2,"WKD_RATE2":1.5,"WKD_RATE3":1,"PARKING_TIME_LIMIT":120,"PEAK_HOUR":null,"START_TIME_WKD":"08AM","END_TIME_WKD":"08PM"}},{"type":"Feature","geometry":{"type":"LineString","coordinates":[[-122.334423326348,47.6045334393242],[-122.334977344991,47.6051391351825]]},"properties":{"UNITDESC":"2ND AVE BETWEEN MARION ST AND MADISON ST","PARKING_CATEGORY":"Paid Parking","PAID_SPACES":4,"WKD_RATE1":2,"WKD_RATE2":1.5,"WKD_RATE3":1,"PARKING_TIME_LIMIT":120,"PEAK_HOUR":"6-9AM 3-7PM","START_TIME_WKD":"08AM","END_TIME_WKD":"08PM"}},{"type":"Feature","geometry":{"type":"LineString","coordinates":[[-122.333970771625,47.6037310950541],[-122.334544775876,47.6043587540657]]},"properties":{"UNITDESC":"2ND AVE BETWEEN COLUMBIA ST AND MARION ST","PARKING_CATEGORY":"Paid Parking","PAID_SPACES":6,"WKD_RATE1":2,"WKD_RATE2":1.5,"WKD_RATE3":1,"PARKING_TIME_LIMIT":120,"PEAK_HOUR":"6-9AM 3-7PM","START_TIME_WKD":"08AM","END_TIME_WKD":"08PM"}},{"type":"Feature","geometry":{"type":"LineString","coordinates":[[-122.342590743581,47.6111682859822],[-122.343811043896,47.6118904120818]]},"properties":{"UNITDESC":"1ST AVE BETWEEN VIRGINIA ST AND LENORA ST","PARKING_CATEGORY":"Paid Parking","PAID_SPACES":9,"WKD_RATE1":1,"WKD_RATE2":2.5,"WKD_RATE3":1,"PARKING_TIME_LIMIT":120,"PEAK_HOUR":null,"START_TIME_WKD":"08AM","END_TIME_WKD":"08PM"}},{"type":"Feature","geometry":{"type":"LineString","coordinates":[[-122.333009211689,47.6079384810215],[-122.332059063779,47.6083362869187]]},"properties":{"UNITDESC":"SENECA ST BETWEEN 5TH AVE AND 6TH AVE","PARKING_CATEGORY":"Paid Parking","PAID_SPACES":1,"WKD_RATE1":2.5,"WKD_RATE2":6,"WKD_RATE3":1.5,"PARKING_TIME_LIMIT":null,"PEAK_HOUR":null,"START_TIME_WKD":"08AM","END_TIME_WKD":"08PM"}},{"type":"Feature","geometry":{"type":"LineString","coordinates":[[-122.340472049048,47.6145926313334],[-122.339753724818,47.6151481659381]]},"properties":{"UNITDESC":"LENORA ST BETWEEN 5TH AVE AND 6TH AVE","PARKING_CATEGORY":"Paid Parking","PAID_SPACES":7,"WKD_RATE1":1,"WKD_RATE2":2.5,"WKD_RATE3":1,"PARKING_TIME_LIMIT":120,"PEAK_HOUR":"6-9AM 3-7PM","START_TIME_WKD":"08AM","END_TIME_WKD":"08PM"}},{"type":"Feature","geometry":{"type":"LineString","coordinates":[[-122.344645179781,47.6147151759438],[-122.343866112671,47.6153176119015]]},"properties":{"UNITDESC":"BELL ST BETWEEN 3RD AVE AND 4TH AVE","PARKING_CATEGORY":"Paid Parking","PAID_SPACES":2,"WKD_RATE1":1,"WKD_RATE2":2.5,"WKD_RATE3":1,"PARKING_TIME_LIMIT":120,"PEAK_HOUR":null,"START_TIME_WKD":"08AM","END_TIME_WKD":"08PM"}},{"type":"Feature","geometry":{"type":"LineString","coordinates":[[-122.333896762581,47.6056073431314],[-122.332941906243,47.606006462425]]},"properties":{"UNITDESC":"MADISON ST BETWEEN 3RD AVE AND 4TH AVE","PARKING_CATEGORY":"Paid Parking","PAID_SPACES":6,"WKD_RATE1":2,"WKD_RATE2":1.5,"WKD_RATE3":1,"PARKING_TIME_LIMIT":120,"PEAK_HOUR":null,"START_TIME_WKD":"08AM","END_TIME_WKD":"08PM"}},{"type":"Feature","geometry":{"type":"LineString","coordinates":[[-122.334592049595,47.6111627709498],[-122.335401323246,47.6120474146057]]},"properties":{"UNITDESC":"6TH AVE BETWEEN PIKE ST AND PINE ST","PARKING_CATEGORY":"Paid Parking","PAID_SPACES":8,"WKD_RATE1":2.5,"WKD_RATE2":6,"WKD_RATE3":1.5,"PARKING_TIME_LIMIT":120,"PEAK_HOUR":null,"START_TIME_WKD":"08AM","END_TIME_WKD":"08PM"}},{"type":"Feature","geometry":{"type":"LineString","coordinates":[[-122.341473589942,47.6102815279826],[-122.34151059386,47.6103219994582],[-122.342614751831,47.6109748599471]]},"properties":{"UNITDESC":"1ST AVE BETWEEN STEWART ST AND VIRGINIA ST","PARKING_CATEGORY":"Paid Parking","PAID_SPACES":12,"WKD_RATE1":1,"WKD_RATE2":2.5,"WKD_RATE3":1,"PARKING_TIME_LIMIT":120,"PEAK_HOUR":"6-9AM 3-6PM","START_TIME_WKD":"08AM","END_TIME_WKD":"08PM"}},{"type":"Feature","geometry":{"type":"LineString","coordinates":[[-122.33295445286,47.614593412135],[-122.331837833122,47.6150589436673]]},"properties":{"UNITDESC":"OLIVE WAY BETWEEN 9TH AVE AND TERRY AVE","PARKING_CATEGORY":"Paid Parking","PAID_SPACES":6,"WKD_RATE1":2.5,"WKD_RATE2":7.5,"WKD_RATE3":2.5,"PARKING_TIME_LIMIT":120,"PEAK_HOUR":null,"START_TIME_WKD":"08AM","END_TIME_WKD":"08PM"}},{"type":"Feature","geometry":{"type":"LineString","coordinates":[[-122.336550390888,47.6101987574164],[-122.335599474178,47.6105963518326]]},"properties":{"UNITDESC":"PIKE ST BETWEEN 4TH AVE AND 5TH AVE","PARKING_CATEGORY":"Paid Parking","PAID_SPACES":2,"WKD_RATE1":2.5,"WKD_RATE2":6,"WKD_RATE3":1.5,"PARKING_TIME_LIMIT":120,"PEAK_HOUR":null,"START_TIME_WKD":"08AM","END_TIME_WKD":"08PM"}},{"type":"Feature","geometry":{"type":"LineString","coordinates":[[-122.339068171373,47.6079178172446],[-122.339903787742,47.6088313791605]]},"properties":{"UNITDESC":"1ST AVE BETWEEN UNION ST AND PIKE ST","PARKING_CATEGORY":"Paid Parking","PAID_SPACES":5,"WKD_RATE1":2.5,"WKD_RATE2":6,"WKD_RATE3":1.5,"PARKING_TIME_LIMIT":120,"PEAK_HOUR":null,"START_TIME_WKD":"08AM","END_TIME_WKD":"08PM"}},{"type":"Feature","geometry":{"type":"LineString","coordinates":[[-122.341900768765,47.6117059877679],[-122.34306038484,47.6123917797379]]},"properties":{"UNITDESC":"2ND AVE BETWEEN VIRGINIA ST AND LENORA ST","PARKING_CATEGORY":"Paid Parking","PAID_SPACES":4,"WKD_RATE1":1,"WKD_RATE2":2.5,"WKD_RATE3":1,"PARKING_TIME_LIMIT":120,"PEAK_HOUR":"6-9AM 3-7PM","START_TIME_WKD":"08AM","END_TIME_WKD":"08PM"}},{"type":"Feature","geometry":{"type":"LineString","coordinates":[[-122.344910095833,47.6146642406661],[-122.346079898367,47.6153552197028]]},"properties":{"UNITDESC":"3RD AVE BETWEEN BELL ST AND BATTERY ST","PARKING_CATEGORY":"Paid Parking","PAID_SPACES":8,"WKD_RATE1":1,"WKD_RATE2":1.5,"WKD_RATE3":1.5,"PARKING_TIME_LIMIT":240,"PEAK_HOUR":null,"START_TIME_WKD":"08AM","END_TIME_WKD":"08PM"}},{"type":"Feature","geometry":{"type":"LineString","coordinates":[[-122.339157225177,47.6138230053604],[-122.340332203954,47.6145175478769]]},"properties":{"UNITDESC":"5TH AVE BETWEEN VIRGINIA ST AND LENORA ST","PARKING_CATEGORY":"Paid Parking","PAID_SPACES":13,"WKD_RATE1":1,"WKD_RATE2":2.5,"WKD_RATE3":1,"PARKING_TIME_LIMIT":120,"PEAK_HOUR":null,"START_TIME_WKD":"08AM","END_TIME_WKD":"08PM"}},{"type":"Feature","geometry":{"type":"LineString","coordinates":[[-122.329736951406,47.6094689241314],[-122.328722463163,47.6098931234052]]},"properties":{"UNITDESC":"SENECA ST BETWEEN 8TH AVE AND 9TH AVE","PARKING_CATEGORY":"Paid Parking","PAID_SPACES":6,"WKD_RATE1":1,"WKD_RATE2":7,"WKD_RATE3":6.5,"PARKING_TIME_LIMIT":120,"PEAK_HOUR":null,"START_TIME_WKD":"08AM","END_TIME_WKD":"08PM"}},{"type":"Feature","geometry":{"type":"LineString","coordinates":[[-122.33286972261,47.6061750530303],[-122.333433340095,47.6067908800051]]},"properties":{"UNITDESC":"4TH AVE BETWEEN MADISON ST AND SPRING ST","PARKING_CATEGORY":"Paid Parking","PAID_SPACES":5,"WKD_RATE1":2,"WKD_RATE2":1.5,"WKD_RATE3":1,"PARKING_TIME_LIMIT":120,"PEAK_HOUR":"6-9AM 3-7PM","START_TIME_WKD":"08AM","END_TIME_WKD":"08PM"}},{"type":"Feature","geometry":{"type":"LineString","coordinates":[[-122.339179923562,47.6138345978289],[-122.338462120574,47.6143895856806]]},"properties":{"UNITDESC":"VIRGINIA ST BETWEEN 5TH AVE AND 6TH AVE","PARKING_CATEGORY":"Paid Parking","PAID_SPACES":9,"WKD_RATE1":1,"WKD_RATE2":2.5,"WKD_RATE3":1,"PARKING_TIME_LIMIT":120,"PEAK_HOUR":null,"START_TIME_WKD":"08AM","END_TIME_WKD":"08PM"}},{"type":"Feature","geometry":{"type":"LineString","coordinates":[[-122.338071139837,47.6068328309045],[-122.337154003551,47.6072161790625]]},"properties":{"UNITDESC":"UNIVERSITY ST BETWEEN 1ST AVE AND 2ND AVE","PARKING_CATEGORY":"Paid Parking","PAID_SPACES":7,"WKD_RATE1":2.5,"WKD_RATE2":6,"WKD_RATE3":1.5,"PARKING_TIME_LIMIT":120,"PEAK_HOUR":null,"START_TIME_WKD":"08AM","END_TIME_WKD":"08PM"}},{"type":"Feature","geometry":{"type":"LineString","coordinates":[[-122.341431672664,47.6095179711723],[-122.340956286048,47.6097162098248]]},"properties":{"UNITDESC":"PINE ST BETWEEN POST AL AND 1ST AVE","PARKING_CATEGORY":"Paid Parking","PAID_SPACES":3,"WKD_RATE1":1,"WKD_RATE2":8,"WKD_RATE3":5.5,"PARKING_TIME_LIMIT":120,"PEAK_HOUR":null,"START_TIME_WKD":"08AM","END_TIME_WKD":"08PM"}},{"type":"Feature","geometry":{"type":"LineString","coordinates":[[-122.336824016283,47.6035318630694],[-122.337420757619,47.6041840025571]]},"properties":{"UNITDESC":"WESTERN AVE BETWEEN MARION ST AND MADISON ST","PARKING_CATEGORY":"Paid Parking","PAID_SPACES":3,"WKD_RATE1":1,"WKD_RATE2":8,"WKD_RATE3":5.5,"PARKING_TIME_LIMIT":120,"PEAK_HOUR":null,"START_TIME_WKD":"08AM","END_TIME_WKD":"08PM"}},{"type":"Feature","geometry":{"type":"LineString","coordinates":[[-122.329563333423,47.6075583141614],[-122.330023373142,47.608061426092],[-122.330157107736,47.6082232226711]]},"properties":{"UNITDESC":"7TH AVE BETWEEN MADISON ST AND SPRING ST","PARKING_CATEGORY":"Paid Parking","PAID_SPACES":6,"WKD_RATE1":1,"WKD_RATE2":7,"WKD_RATE3":6.5,"PARKING_TIME_LIMIT":120,"PEAK_HOUR":null,"START_TIME_WKD":"08AM","END_TIME_WKD":"08PM"}},{"type":"Feature","geometry":{"type":"LineString","coordinates":[[-122.333158924953,47.6149183257823],[-122.333960111389,47.6154331147662],[-122.33435508587,47.6156667741031]]},"properties":{"UNITDESC":"9TH AVE BETWEEN HOWELL ST AND STEWART ST","PARKING_CATEGORY":"Paid Parking","PAID_SPACES":11,"WKD_RATE1":2.5,"WKD_RATE2":7.5,"WKD_RATE3":2.5,"PARKING_TIME_LIMIT":240,"PEAK_HOUR":null,"START_TIME_WKD":"08AM","END_TIME_WKD":"08PM"}},{"type":"Feature","geometry":{"type":"LineString","coordinates":[[-122.335465502056,47.6070489591032],[-122.336040862769,47.6076779760371]]},"properties":{"UNITDESC":"3RD AVE BETWEEN SENECA ST AND UNIVERSITY ST","PARKING_CATEGORY":"Paid Parking","PAID_SPACES":1,"WKD_RATE1":2.5,"WKD_RATE2":6,"WKD_RATE3":1.5,"PARKING_TIME_LIMIT":null,"PEAK_HOUR":null,"START_TIME_WKD":"08AM","END_TIME_WKD":"08PM"}},{"type":"Feature","geometry":{"type":"LineString","coordinates":[[-122.340953370617,47.6071051474181],[-122.341410049648,47.6075302684751],[-122.34195215804,47.6079435191856]]},"properties":{"UNITDESC":"ALASKAN WAY BETWEEN UNION ST AND PIKE HILL CLIMB","PARKING_CATEGORY":"Paid Parking","PAID_SPACES":6,"WKD_RATE1":1,"WKD_RATE2":8,"WKD_RATE3":5.5,"PARKING_TIME_LIMIT":120,"PEAK_HOUR":null,"START_TIME_WKD":"08AM","END_TIME_WKD":"08PM"}},{"type":"Feature","geometry":{"type":"LineString","coordinates":[[-122.34131629266,47.6139377590787],[-122.342474039869,47.6146223048651]]},"properties":{"UNITDESC":"4TH AVE BETWEEN LENORA ST AND BLANCHARD ST","PARKING_CATEGORY":"Paid Parking","PAID_SPACES":4,"WKD_RATE1":1,"WKD_RATE2":2.5,"WKD_RATE3":1,"PARKING_TIME_LIMIT":120,"PEAK_HOUR":null,"START_TIME_WKD":"08AM","END_TIME_WKD":"08PM"}},{"type":"Feature","geometry":{"type":"LineString","coordinates":[[-122.342937543031,47.612499254897],[-122.342194782572,47.6130736060292]]},"properties":{"UNITDESC":"LENORA ST BETWEEN 2ND AVE AND 3RD AVE","PARKING_CATEGORY":"Paid Parking","PAID_SPACES":5,"WKD_RATE1":1,"WKD_RATE2":2.5,"WKD_RATE3":1,"PARKING_TIME_LIMIT":120,"PEAK_HOUR":null,"START_TIME_WKD":"08AM","END_TIME_WKD":"08PM"}},{"type":"Feature","geometry":{"type":"LineString","coordinates":[[-122.336380319673,47.6066728000004],[-122.336934823894,47.6072788448303]]},"properties":{"UNITDESC":"2ND AVE BETWEEN SENECA ST AND UNIVERSITY ST","PARKING_CATEGORY":"Paid Parking","PAID_SPACES":8,"WKD_RATE1":2.5,"WKD_RATE2":6,"WKD_RATE3":1.5,"PARKING_TIME_LIMIT":120,"PEAK_HOUR":"3-7PM","START_TIME_WKD":"08AM","END_TIME_WKD":"08PM"}},{"type":"Feature","geometry":{"type":"LineString","coordinates":[[-122.335324409225,47.6150424955347],[-122.334545390508,47.6156445983703]]},"properties":{"UNITDESC":"STEWART ST BETWEEN 8TH AVE AND 9TH AVE","PARKING_CATEGORY":"Paid Parking","PAID_SPACES":7,"WKD_RATE1":2.5,"WKD_RATE2":7.5,"WKD_RATE3":2.5,"PARKING_TIME_LIMIT":240,"PEAK_HOUR":"6-9AM 3-6PM","START_TIME_WKD":"08AM","END_TIME_WKD":"08PM"}},{"type":"Feature","geometry":{"type":"LineString","coordinates":[[-122.340170012277,47.6074378806452],[-122.339692800621,47.6076393481923]]},"properties":{"UNITDESC":"UNION ST BETWEEN WESTERN AVE AND POST AL","PARKING_CATEGORY":"Paid Parking","PAID_SPACES":3,"WKD_RATE1":1,"WKD_RATE2":8,"WKD_RATE3":5.5,"PARKING_TIME_LIMIT":120,"PEAK_HOUR":null,"START_TIME_WKD":"08AM","END_TIME_WKD":"08PM"}},{"type":"Feature","geometry":{"type":"LineString","coordinates":[[-122.345210801475,47.6126958112696],[-122.344422807616,47.6133050092809]]},"properties":{"UNITDESC":"BLANCHARD ST BETWEEN 1ST AVE AND 2ND AVE","PARKING_CATEGORY":"Paid Parking","PAID_SPACES":17,"WKD_RATE1":1,"WKD_RATE2":2.5,"WKD_RATE3":1,"PARKING_TIME_LIMIT":120,"PEAK_HOUR":null,"START_TIME_WKD":"08AM","END_TIME_WKD":"08PM"}},{"type":"Feature","geometry":{"type":"LineString","coordinates":[[-122.339212026366,47.60780930974],[-122.340043378008,47.6087182086333]]},"properties":{"UNITDESC":"1ST AVE BETWEEN UNION ST AND PIKE ST","PARKING_CATEGORY":"Paid Parking","PAID_SPACES":7,"WKD_RATE1":2.5,"WKD_RATE2":6,"WKD_RATE3":1.5,"PARKING_TIME_LIMIT":120,"PEAK_HOUR":"6-9AM 3-7PM","START_TIME_WKD":"08AM","END_TIME_WKD":"08PM"}},{"type":"Feature","geometry":{"type":"LineString","coordinates":[[-122.337518013683,47.6032416043035],[-122.338090776092,47.6039000343761]]},"properties":{"UNITDESC":"ALASKAN ER WAY BETWEEN MARION ST AND MADISON ST","PARKING_CATEGORY":"Paid Parking","PAID_SPACES":6,"WKD_RATE1":1,"WKD_RATE2":8,"WKD_RATE3":5.5,"PARKING_TIME_LIMIT":120,"PEAK_HOUR":null,"START_TIME_WKD":"08AM","END_TIME_WKD":"08PM"}},{"type":"Feature","geometry":{"type":"LineString","coordinates":[[-122.331550427725,47.6047485384376],[-122.332104623493,47.6053540899048]]},"properties":{"UNITDESC":"4TH AVE BETWEEN COLUMBIA ST AND MARION ST","PARKING_CATEGORY":"Paid Parking","PAID_SPACES":6,"WKD_RATE1":2,"WKD_RATE2":1.5,"WKD_RATE3":1,"PARKING_TIME_LIMIT":120,"PEAK_HOUR":"6-9AM 3-7PM","START_TIME_WKD":"08AM","END_TIME_WKD":"08PM"}},{"type":"Feature","geometry":{"type":"LineString","coordinates":[[-122.340441736178,47.6110634211381],[-122.34159904322,47.6117479231249]]},"properties":{"UNITDESC":"2ND AVE BETWEEN STEWART ST AND VIRGINIA ST","PARKING_CATEGORY":"Paid Parking","PAID_SPACES":9,"WKD_RATE1":1,"WKD_RATE2":2.5,"WKD_RATE3":1,"PARKING_TIME_LIMIT":120,"PEAK_HOUR":null,"START_TIME_WKD":"08AM","END_TIME_WKD":"08PM"}},{"type":"Feature","geometry":{"type":"LineString","coordinates":[[-122.332680119115,47.6042791523852],[-122.331738449214,47.6046731338755]]},"properties":{"UNITDESC":"COLUMBIA ST BETWEEN 3RD AVE AND 4TH AVE","PARKING_CATEGORY":"Paid Parking","PAID_SPACES":5,"WKD_RATE1":2,"WKD_RATE2":1.5,"WKD_RATE3":1,"PARKING_TIME_LIMIT":120,"PEAK_HOUR":null,"START_TIME_WKD":"08AM","END_TIME_WKD":"08PM"}},{"type":"Feature","geometry":{"type":"LineString","coordinates":[[-122.339950417594,47.6102623732711],[-122.340524621965,47.6108898672476]]},"properties":{"UNITDESC":"2ND AVE BETWEEN PINE ST AND STEWART ST","PARKING_CATEGORY":"Paid Parking","PAID_SPACES":2,"WKD_RATE1":2.5,"WKD_RATE2":6,"WKD_RATE3":1.5,"PARKING_TIME_LIMIT":120,"PEAK_HOUR":"6-9AM 3-7PM","START_TIME_WKD":"08AM","END_TIME_WKD":"08PM"}},{"type":"Feature","geometry":{"type":"LineString","coordinates":[[-122.336783137383,47.604399269063],[-122.336313584506,47.6045958697075]]},"properties":{"UNITDESC":"MADISON ST BETWEEN POST AVE AND 1ST AVE","PARKING_CATEGORY":"Paid Parking","PAID_SPACES":5,"WKD_RATE1":1,"WKD_RATE2":8,"WKD_RATE3":5.5,"PARKING_TIME_LIMIT":120,"PEAK_HOUR":null,"START_TIME_WKD":"08AM","END_TIME_WKD":"08PM"}},{"type":"Feature","geometry":{"type":"LineString","coordinates":[[-122.340054324068,47.6060968102003],[-122.339404577894,47.6063682884694]]},"properties":{"UNITDESC":"UNIVERSITY ST BETWEEN ALASKAN WAY AND WESTERN AVE","PARKING_CATEGORY":"Paid Parking","PAID_SPACES":3,"WKD_RATE1":1,"WKD_RATE2":8,"WKD_RATE3":5.5,"PARKING_TIME_LIMIT":120,"PEAK_HOUR":null,"START_TIME_WKD":"08AM","END_TIME_WKD":"08PM"}},{"type":"Feature","geometry":{"type":"LineString","coordinates":[[-122.344877152388,47.6090674920825],[-122.346347436291,47.6099235944107]]},"properties":{"UNITDESC":"ALASKAN WAY BETWEEN VIRGINIA ST AND LENORA ST","PARKING_CATEGORY":"Paid Parking","PAID_SPACES":13,"WKD_RATE1":1,"WKD_RATE2":2.5,"WKD_RATE3":1,"PARKING_TIME_LIMIT":120,"PEAK_HOUR":null,"START_TIME_WKD":"08AM","END_TIME_WKD":"08PM"}},{"type":"Feature","geometry":{"type":"LineString","coordinates":[[-122.339401305283,47.6063695201725],[-122.340253134856,47.607300049934]]},"properties":{"UNITDESC":"WESTERN AVE BETWEEN UNIVERSITY ST AND UNION ST","PARKING_CATEGORY":"Paid Parking","PAID_SPACES":11,"WKD_RATE1":1,"WKD_RATE2":8,"WKD_RATE3":5.5,"PARKING_TIME_LIMIT":120,"PEAK_HOUR":null,"START_TIME_WKD":"08AM","END_TIME_WKD":"08PM"}},{"type":"Feature","geometry":{"type":"LineString","coordinates":[[-122.329032001358,47.6086254823281],[-122.328014403673,47.6090509505721]]},"properties":{"UNITDESC":"SPRING ST BETWEEN 8TH AVE AND 9TH AVE","PARKING_CATEGORY":"Paid Parking","PAID_SPACES":9,"WKD_RATE1":1,"WKD_RATE2":7,"WKD_RATE3":6.5,"PARKING_TIME_LIMIT":120,"PEAK_HOUR":null,"START_TIME_WKD":"08AM","END_TIME_WKD":"08PM"}},{"type":"Feature","geometry":{"type":"LineString","coordinates":[[-122.335490749879,47.612145183846],[-122.336301558847,47.6130318046452]]},"properties":{"UNITDESC":"6TH AVE BETWEEN PINE ST AND OLIVE WAY","PARKING_CATEGORY":"Paid Parking","PAID_SPACES":2,"WKD_RATE1":2.5,"WKD_RATE2":6,"WKD_RATE3":1.5,"PARKING_TIME_LIMIT":30,"PEAK_HOUR":null,"START_TIME_WKD":"08AM","END_TIME_WKD":"08PM"}},{"type":"Feature","geometry":{"type":"LineString","coordinates":[[-122.331096600154,47.6059049578389],[-122.33166127551,47.6065229294159]]},"properties":{"UNITDESC":"5TH AVE BETWEEN MARION ST AND MADISON ST","PARKING_CATEGORY":"Paid Parking","PAID_SPACES":6,"WKD_RATE1":2,"WKD_RATE2":1.5,"WKD_RATE3":1,"PARKING_TIME_LIMIT":120,"PEAK_HOUR":null,"START_TIME_WKD":"08AM","END_TIME_WKD":"08PM"}},{"type":"Feature","geometry":{"type":"LineString","coordinates":[[-122.329356744655,47.6105918671079],[-122.32828731677,47.6110389003946]]},"properties":{"UNITDESC":"UNIVERSITY ST BETWEEN 9TH AVE AND TERRY AVE","PARKING_CATEGORY":"Paid Parking","PAID_SPACES":5,"WKD_RATE1":1,"WKD_RATE2":7,"WKD_RATE3":6.5,"PARKING_TIME_LIMIT":120,"PEAK_HOUR":null,"START_TIME_WKD":"08AM","END_TIME_WKD":"08PM"}},{"type":"Feature","geometry":{"type":"LineString","coordinates":[[-122.342334085818,47.6131448161506],[-122.343501083547,47.6138348207533]]},"properties":{"UNITDESC":"3RD AVE BETWEEN LENORA ST AND BLANCHARD ST","PARKING_CATEGORY":"Paid Parking","PAID_SPACES":10,"WKD_RATE1":1,"WKD_RATE2":2.5,"WKD_RATE3":1,"PARKING_TIME_LIMIT":120,"PEAK_HOUR":null,"START_TIME_WKD":"08AM","END_TIME_WKD":"08PM"}},{"type":"Feature","geometry":{"type":"LineString","coordinates":[[-122.331665086787,47.6065374888542],[-122.330714408733,47.6069352817224]]},"properties":{"UNITDESC":"MADISON ST BETWEEN 5TH AVE AND 6TH AVE","PARKING_CATEGORY":"Paid Parking","PAID_SPACES":5,"WKD_RATE1":2,"WKD_RATE2":1.5,"WKD_RATE3":1,"PARKING_TIME_LIMIT":120,"PEAK_HOUR":null,"START_TIME_WKD":"08AM","END_TIME_WKD":"08PM"}},{"type":"Feature","geometry":{"type":"LineString","coordinates":[[-122.330152493382,47.6063223817001],[-122.330703002759,47.6069275881511]]},"properties":{"UNITDESC":"6TH AVE BETWEEN MARION ST AND MADISON ST","PARKING_CATEGORY":"Paid Parking","PAID_SPACES":1,"WKD_RATE1":2,"WKD_RATE2":1.5,"WKD_RATE3":1,"PARKING_TIME_LIMIT":30,"PEAK_HOUR":null,"START_TIME_WKD":"08AM","END_TIME_WKD":"08PM"}},{"type":"Feature","geometry":{"type":"LineString","coordinates":[[-122.337497312098,47.6062058881521],[-122.33807326288,47.6068352227757]]},"properties":{"UNITDESC":"1ST AVE BETWEEN SENECA ST AND UNIVERSITY ST","PARKING_CATEGORY":"Paid Parking","PAID_SPACES":10,"WKD_RATE1":2.5,"WKD_RATE2":6,"WKD_RATE3":1.5,"PARKING_TIME_LIMIT":120,"PEAK_HOUR":null,"START_TIME_WKD":"08AM","END_TIME_WKD":"08PM"}},{"type":"Feature","geometry":{"type":"LineString","coordinates":[[-122.335078588644,47.6052498217393],[-122.335632956638,47.6058558905215]]},"properties":{"UNITDESC":"2ND AVE BETWEEN MADISON ST AND SPRING ST","PARKING_CATEGORY":"Paid Parking","PAID_SPACES":8,"WKD_RATE1":2,"WKD_RATE2":1.5,"WKD_RATE3":1,"PARKING_TIME_LIMIT":120,"PEAK_HOUR":"3-7PM","START_TIME_WKD":"08AM","END_TIME_WKD":"08PM"}},{"type":"Feature","geometry":{"type":"LineString","coordinates":[[-122.337847449788,47.6082862889055],[-122.336912076866,47.608677075445]]},"properties":{"UNITDESC":"UNION ST BETWEEN 2ND AVE AND 3RD AVE","PARKING_CATEGORY":"Paid Parking","PAID_SPACES":5,"WKD_RATE1":2.5,"WKD_RATE2":6,"WKD_RATE3":1.5,"PARKING_TIME_LIMIT":120,"PEAK_HOUR":null,"START_TIME_WKD":"08AM","END_TIME_WKD":"08PM"}},{"type":"Feature","geometry":{"type":"LineString","coordinates":[[-122.329693074405,47.6093325548585],[-122.328675148401,47.6097581924418]]},"properties":{"UNITDESC":"SENECA ST BETWEEN 8TH AVE AND 9TH AVE","PARKING_CATEGORY":"Paid Parking","PAID_SPACES":6,"WKD_RATE1":1,"WKD_RATE2":7,"WKD_RATE3":6.5,"PARKING_TIME_LIMIT":120,"PEAK_HOUR":null,"START_TIME_WKD":"08AM","END_TIME_WKD":"08PM"}},{"type":"Feature","geometry":{"type":"LineString","coordinates":[[-122.337035048749,47.6137106956369],[-122.336285678204,47.6142907907638]]},"properties":{"UNITDESC":"STEWART ST BETWEEN 6TH AVE AND 7TH AVE","PARKING_CATEGORY":"Paid Parking","PAID_SPACES":6,"WKD_RATE1":1,"WKD_RATE2":6,"WKD_RATE3":6,"PARKING_TIME_LIMIT":120,"PEAK_HOUR":"6-9AM 3-6PM","START_TIME_WKD":"08AM","END_TIME_WKD":"08PM"}},{"type":"Feature","geometry":{"type":"LineString","coordinates":[[-122.34030127428,47.6109764953769],[-122.339566220827,47.6115448887435]]},"properties":{"UNITDESC":"STEWART ST BETWEEN 2ND AVE AND 3RD AVE","PARKING_CATEGORY":"Paid Parking","PAID_SPACES":3,"WKD_RATE1":2.5,"WKD_RATE2":6,"WKD_RATE3":1.5,"PARKING_TIME_LIMIT":120,"PEAK_HOUR":null,"START_TIME_WKD":"08AM","END_TIME_WKD":"08PM"}},{"type":"Feature","geometry":{"type":"LineString","coordinates":[[-122.342061992491,47.6096627306533],[-122.341732947062,47.6099074805725]]},"properties":{"UNITDESC":"STEWART ST BETWEEN PIKE PL AND POST AL","PARKING_CATEGORY":"Paid Parking","PAID_SPACES":4,"WKD_RATE1":1,"WKD_RATE2":8,"WKD_RATE3":5.5,"PARKING_TIME_LIMIT":120,"PEAK_HOUR":null,"START_TIME_WKD":"08AM","END_TIME_WKD":"08PM"}},{"type":"Feature","geometry":{"type":"LineString","coordinates":[[-122.343904440227,47.6119347078587],[-122.345123323364,47.6126552423593]]},"properties":{"UNITDESC":"1ST AVE BETWEEN LENORA ST AND BLANCHARD ST","PARKING_CATEGORY":"Paid Parking","PAID_SPACES":10,"WKD_RATE1":1,"WKD_RATE2":2.5,"WKD_RATE3":1,"PARKING_TIME_LIMIT":120,"PEAK_HOUR":null,"START_TIME_WKD":"08AM","END_TIME_WKD":"08PM"}},{"type":"Feature","geometry":{"type":"LineString","coordinates":[[-122.336662013087,47.6035996689578],[-122.33725875317,47.6042518092942]]},"properties":{"UNITDESC":"WESTERN AVE BETWEEN MARION ST AND MADISON ST","PARKING_CATEGORY":"Paid Parking","PAID_SPACES":3,"WKD_RATE1":1,"WKD_RATE2":8,"WKD_RATE3":5.5,"PARKING_TIME_LIMIT":120,"PEAK_HOUR":null,"START_TIME_WKD":"08AM","END_TIME_WKD":"08PM"}},{"type":"Feature","geometry":{"type":"LineString","coordinates":[[-122.338788843924,47.6046944898901],[-122.338130105094,47.6049614686263]]},"properties":{"UNITDESC":"SPRING ST BETWEEN ALASKAN WAY AND WESTERN AVE","PARKING_CATEGORY":"Paid Parking","PAID_SPACES":2,"WKD_RATE1":1,"WKD_RATE2":8,"WKD_RATE3":5.5,"PARKING_TIME_LIMIT":120,"PEAK_HOUR":null,"START_TIME_WKD":"08AM","END_TIME_WKD":"08PM"}},{"type":"Feature","geometry":{"type":"LineString","coordinates":[[-122.340031436071,47.6131636888806],[-122.341194335019,47.6138510910699]]},"properties":{"UNITDESC":"4TH AVE BETWEEN VIRGINIA ST AND LENORA ST","PARKING_CATEGORY":"Paid Parking","PAID_SPACES":6,"WKD_RATE1":1,"WKD_RATE2":2.5,"WKD_RATE3":1,"PARKING_TIME_LIMIT":120,"PEAK_HOUR":null,"START_TIME_WKD":"08AM","END_TIME_WKD":"08PM"}},{"type":"Feature","geometry":{"type":"LineString","coordinates":[[-122.341673750543,47.6094154985898],[-122.341432781767,47.6095174994706]]},"properties":{"UNITDESC":"PINE ST BETWEEN PIKE PL AND POST AL","PARKING_CATEGORY":"Paid Parking","PAID_SPACES":2,"WKD_RATE1":1,"WKD_RATE2":8,"WKD_RATE3":5.5,"PARKING_TIME_LIMIT":120,"PEAK_HOUR":null,"START_TIME_WKD":"08AM","END_TIME_WKD":"08PM"}},{"type":"Feature","geometry":{"type":"LineString","coordinates":[[-122.344232238604,47.6132649701641],[-122.343444468749,47.6138742742027]]},"properties":{"UNITDESC":"BLANCHARD ST BETWEEN 2ND AVE AND 3RD AVE","PARKING_CATEGORY":"Paid Parking","PAID_SPACES":13,"WKD_RATE1":1,"WKD_RATE2":2.5,"WKD_RATE3":1,"PARKING_TIME_LIMIT":120,"PEAK_HOUR":null,"START_TIME_WKD":"08AM","END_TIME_WKD":"08PM"}},{"type":"Feature","geometry":{"type":"LineString","coordinates":[[-122.338137464784,47.6049570909463],[-122.338730794105,47.6056056049974]]},"properties":{"UNITDESC":"WESTERN AVE BETWEEN SPRING ST AND SENECA ST","PARKING_CATEGORY":"Paid Parking","PAID_SPACES":10,"WKD_RATE1":1,"WKD_RATE2":8,"WKD_RATE3":5.5,"PARKING_TIME_LIMIT":120,"PEAK_HOUR":null,"START_TIME_WKD":"08AM","END_TIME_WKD":"08PM"}},{"type":"Feature","geometry":{"type":"LineString","coordinates":[[-122.338141492098,47.6069097994244],[-122.338975182159,47.6078213601083]]},"properties":{"UNITDESC":"1ST AVE BETWEEN UNIVERSITY ST AND UNION ST","PARKING_CATEGORY":"Paid Parking","PAID_SPACES":8,"WKD_RATE1":2.5,"WKD_RATE2":6,"WKD_RATE3":1.5,"PARKING_TIME_LIMIT":120,"PEAK_HOUR":null,"START_TIME_WKD":"08AM","END_TIME_WKD":"08PM"}},{"type":"Feature","geometry":{"type":"LineString","coordinates":[[-122.33019990555,47.6082724915992],[-122.329209233866,47.6086867501693]]},"properties":{"UNITDESC":"SPRING ST BETWEEN 7TH AVE AND 8TH AVE","PARKING_CATEGORY":"Paid Parking","PAID_SPACES":8,"WKD_RATE1":1,"WKD_RATE2":7,"WKD_RATE3":6.5,"PARKING_TIME_LIMIT":120,"PEAK_HOUR":null,"START_TIME_WKD":"08AM","END_TIME_WKD":"08PM"}},{"type":"Feature","geometry":{"type":"LineString","coordinates":[[-122.336750955955,47.6053959427228],[-122.335827791764,47.6057823998375]]},"properties":{"UNITDESC":"SPRING ST BETWEEN 1ST AVE AND 2ND AVE","PARKING_CATEGORY":"Paid Parking","PAID_SPACES":1,"WKD_RATE1":2,"WKD_RATE2":1.5,"WKD_RATE3":1,"PARKING_TIME_LIMIT":30,"PEAK_HOUR":null,"START_TIME_WKD":"08AM","END_TIME_WKD":"08PM"}},{"type":"Feature","geometry":{"type":"LineString","coordinates":[[-122.331123334878,47.6059260408499],[-122.330109059412,47.606350277761]]},"properties":{"UNITDESC":"MARION ST BETWEEN 5TH AVE AND 6TH AVE","PARKING_CATEGORY":"Paid Parking","PAID_SPACES":7,"WKD_RATE1":2,"WKD_RATE2":1.5,"WKD_RATE3":1,"PARKING_TIME_LIMIT":120,"PEAK_HOUR":null,"START_TIME_WKD":"08AM","END_TIME_WKD":"08PM"}},{"type":"Feature","geometry":{"type":"LineString","coordinates":[[-122.343616548812,47.6138994483932],[-122.34478510119,47.6145903570292]]},"properties":{"UNITDESC":"3RD AVE BETWEEN BLANCHARD ST AND BELL ST","PARKING_CATEGORY":"Paid Parking","PAID_SPACES":5,"WKD_RATE1":1,"WKD_RATE2":2.5,"WKD_RATE3":1,"PARKING_TIME_LIMIT":120,"PEAK_HOUR":null,"START_TIME_WKD":"08AM","END_TIME_WKD":"08PM"}},{"type":"Feature","geometry":{"type":"LineString","coordinates":[[-122.329887511102,47.6129654010468],[-122.32893737999,47.6133622345069]]},"properties":{"UNITDESC":"PIKE ST BETWEEN TERRY AVE AND BOREN AVE","PARKING_CATEGORY":"Paid Parking","PAID_SPACES":7,"WKD_RATE1":1,"WKD_RATE2":5,"WKD_RATE3":8,"PARKING_TIME_LIMIT":120,"PEAK_HOUR":null,"START_TIME_WKD":"08AM","END_TIME_WKD":"10PM"}},{"type":"Feature","geometry":{"type":"LineString","coordinates":[[-122.343112583751,47.6107746442558],[-122.342738078055,47.6110593725529]]},"properties":{"UNITDESC":"VIRGINIA ST BETWEEN POST AL AND 1ST AVE","PARKING_CATEGORY":"Paid Parking","PAID_SPACES":9,"WKD_RATE1":1,"WKD_RATE2":2.5,"WKD_RATE3":1,"PARKING_TIME_LIMIT":120,"PEAK_HOUR":null,"START_TIME_WKD":"08AM","END_TIME_WKD":"08PM"}},{"type":"Feature","geometry":{"type":"LineString","coordinates":[[-122.331477012672,47.6046471199161],[-122.33053156946,47.6050426711256]]},"properties":{"UNITDESC":"COLUMBIA ST BETWEEN 4TH AVE AND 5TH AVE","PARKING_CATEGORY":"Paid Parking","PAID_SPACES":4,"WKD_RATE1":2,"WKD_RATE2":1.5,"WKD_RATE3":1,"PARKING_TIME_LIMIT":120,"PEAK_HOUR":null,"START_TIME_WKD":"08AM","END_TIME_WKD":"08PM"}},{"type":"Feature","geometry":{"type":"LineString","coordinates":[[-122.330456867942,47.6052157445089],[-122.329503937201,47.6056141886372]]},"properties":{"UNITDESC":"COLUMBIA ST BETWEEN 5TH AVE AND 6TH AVE","PARKING_CATEGORY":"Paid Parking","PAID_SPACES":6,"WKD_RATE1":2,"WKD_RATE2":1.5,"WKD_RATE3":1,"PARKING_TIME_LIMIT":120,"PEAK_HOUR":null,"START_TIME_WKD":"08AM","END_TIME_WKD":"08PM"}},{"type":"Feature","geometry":{"type":"LineString","coordinates":[[-122.328205638039,47.6110795084751],[-122.327187621476,47.6115054922605]]},"properties":{"UNITDESC":"UNIVERSITY ST BETWEEN TERRY AVE AND BOREN AVE","PARKING_CATEGORY":"Restricted Parking Zone","PAID_SPACES":7,"WKD_RATE1":1,"WKD_RATE2":7,"WKD_RATE3":6.5,"PARKING_TIME_LIMIT":120,"PEAK_HOUR":null,"START_TIME_WKD":"08AM","END_TIME_WKD":"08PM"}},{"type":"Feature","geometry":{"type":"LineString","coordinates":[[-122.344318736144,47.613356332192],[-122.345478414828,47.6140419376483]]},"properties":{"UNITDESC":"2ND AVE BETWEEN BLANCHARD ST AND BELL ST","PARKING_CATEGORY":"Paid Parking","PAID_SPACES":8,"WKD_RATE1":1,"WKD_RATE2":2.5,"WKD_RATE3":1,"PARKING_TIME_LIMIT":120,"PEAK_HOUR":null,"START_TIME_WKD":"08AM","END_TIME_WKD":"08PM"}},{"type":"Feature","geometry":{"type":"LineString","coordinates":[[-122.33684598825,47.6054946244929],[-122.337409971527,47.6061104850449]]},"properties":{"UNITDESC":"1ST AVE BETWEEN SPRING ST AND SENECA ST","PARKING_CATEGORY":"Paid Parking","PAID_SPACES":8,"WKD_RATE1":1,"WKD_RATE2":8,"WKD_RATE3":5.5,"PARKING_TIME_LIMIT":120,"PEAK_HOUR":null,"START_TIME_WKD":"08AM","END_TIME_WKD":"08PM"}},{"type":"Feature","geometry":{"type":"LineString","coordinates":[[-122.3358482726,47.6077488743632],[-122.334897302936,47.6081472270203]]},"properties":{"UNITDESC":"UNIVERSITY ST BETWEEN 3RD AVE AND 4TH AVE","PARKING_CATEGORY":"Paid Parking","PAID_SPACES":1,"WKD_RATE1":2.5,"WKD_RATE2":6,"WKD_RATE3":1.5,"PARKING_TIME_LIMIT":null,"PEAK_HOUR":null,"START_TIME_WKD":"08AM","END_TIME_WKD":"08PM"}},{"type":"Feature","geometry":{"type":"LineString","coordinates":[[-122.343592734072,47.6103986387699],[-122.34383586376,47.6107045626282],[-122.344692395542,47.6112095017604]]},"properties":{"UNITDESC":"WESTERN AVE BETWEEN VIRGINIA ST AND LENORA ST","PARKING_CATEGORY":"Paid Parking","PAID_SPACES":7,"WKD_RATE1":1,"WKD_RATE2":2.5,"WKD_RATE3":1,"PARKING_TIME_LIMIT":120,"PEAK_HOUR":null,"START_TIME_WKD":"08AM","END_TIME_WKD":"08PM"}},{"type":"Feature","geometry":{"type":"LineString","coordinates":[[-122.340908713521,47.6125020550401],[-122.340121007135,47.6131110730944]]},"properties":{"UNITDESC":"VIRGINIA ST BETWEEN 3RD AVE AND 4TH AVE","PARKING_CATEGORY":"Paid Parking","PAID_SPACES":9,"WKD_RATE1":1,"WKD_RATE2":2.5,"WKD_RATE3":1,"PARKING_TIME_LIMIT":120,"PEAK_HOUR":null,"START_TIME_WKD":"08AM","END_TIME_WKD":"08PM"}},{"type":"Feature","geometry":{"type":"LineString","coordinates":[[-122.34372937005,47.6102867992242],[-122.343993701686,47.6106193981422],[-122.344761878462,47.6110722509772]]},"properties":{"UNITDESC":"WESTERN AVE BETWEEN VIRGINIA ST AND LENORA ST","PARKING_CATEGORY":"Paid Parking","PAID_SPACES":8,"WKD_RATE1":1,"WKD_RATE2":2.5,"WKD_RATE3":1,"PARKING_TIME_LIMIT":120,"PEAK_HOUR":null,"START_TIME_WKD":"08AM","END_TIME_WKD":"08PM"}},{"type":"Feature","geometry":{"type":"LineString","coordinates":[[-122.330171779979,47.6115235113839],[-122.33004294374,47.6116864057834],[-122.330002779118,47.6117878825884],[-122.329916105707,47.6125336471727],[-122.329947274868,47.612837611211]]},"properties":{"UNITDESC":"HUBBELL PL BETWEEN 9TH AVE AND PIKE ST","PARKING_CATEGORY":"Restricted Parking Zone","PAID_SPACES":12,"WKD_RATE1":1,"WKD_RATE2":7,"WKD_RATE3":6.5,"PARKING_TIME_LIMIT":120,"PEAK_HOUR":null,"START_TIME_WKD":"08AM","END_TIME_WKD":"08PM"}},{"type":"Feature","geometry":{"type":"LineString","coordinates":[[-122.339590670249,47.6117340057412],[-122.340754152539,47.6124218657283]]},"properties":{"UNITDESC":"3RD AVE BETWEEN STEWART ST AND VIRGINIA ST","PARKING_CATEGORY":"Paid Parking","PAID_SPACES":1,"WKD_RATE1":1,"WKD_RATE2":2.5,"WKD_RATE3":1,"PARKING_TIME_LIMIT":30,"PEAK_HOUR":null,"START_TIME_WKD":"08AM","END_TIME_WKD":"08PM"}},{"type":"Feature","geometry":{"type":"LineString","coordinates":[[-122.335910473082,47.6092386647922],[-122.336720588598,47.6101243800127]]},"properties":{"UNITDESC":"4TH AVE BETWEEN UNION ST AND PIKE ST","PARKING_CATEGORY":"Paid Parking","PAID_SPACES":8,"WKD_RATE1":2.5,"WKD_RATE2":6,"WKD_RATE3":1.5,"PARKING_TIME_LIMIT":120,"PEAK_HOUR":"6-9AM 3-7PM","START_TIME_WKD":"08AM","END_TIME_WKD":"08PM"}},{"type":"Feature","geometry":{"type":"LineString","coordinates":[[-122.341223318068,47.6102801560591],[-122.340401394346,47.6109157312826]]},"properties":{"UNITDESC":"STEWART ST BETWEEN 1ST AVE AND 2ND AVE","PARKING_CATEGORY":"Paid Parking","PAID_SPACES":6,"WKD_RATE1":2.5,"WKD_RATE2":6,"WKD_RATE3":1.5,"PARKING_TIME_LIMIT":120,"PEAK_HOUR":null,"START_TIME_WKD":"08AM","END_TIME_WKD":"08PM"}},{"type":"Feature","geometry":{"type":"LineString","coordinates":[[-122.341767485168,47.6118381846239],[-122.34098189064,47.6124454779561]]},"properties":{"UNITDESC":"VIRGINIA ST BETWEEN 2ND AVE AND 3RD AVE","PARKING_CATEGORY":"Paid Parking","PAID_SPACES":1,"WKD_RATE1":1,"WKD_RATE2":2.5,"WKD_RATE3":1,"PARKING_TIME_LIMIT":30,"PEAK_HOUR":null,"START_TIME_WKD":"08AM","END_TIME_WKD":"08PM"}},{"type":"Feature","geometry":{"type":"LineString","coordinates":[[-122.337913048538,47.6097637939745],[-122.33873879789,47.6106662363915]]},"properties":{"UNITDESC":"3RD AVE BETWEEN PIKE ST AND PINE ST","PARKING_CATEGORY":"Paid Parking","PAID_SPACES":1,"WKD_RATE1":2.5,"WKD_RATE2":6,"WKD_RATE3":1.5,"PARKING_TIME_LIMIT":null,"PEAK_HOUR":"6-9AM 3-7PM","START_TIME_WKD":"08AM","END_TIME_WKD":"08PM"}},{"type":"Feature","geometry":{"type":"LineString","coordinates":[[-122.338742432417,47.6123944346585],[-122.338022194019,47.6129515347685]]},"properties":{"UNITDESC":"STEWART ST BETWEEN 4TH AVE AND 5TH AVE","PARKING_CATEGORY":"Paid Parking","PAID_SPACES":5,"WKD_RATE1":1,"WKD_RATE2":2.5,"WKD_RATE3":1,"PARKING_TIME_LIMIT":120,"PEAK_HOUR":"6-9AM 3-6PM","START_TIME_WKD":"08AM","END_TIME_WKD":"08PM"}},{"type":"Feature","geometry":{"type":"LineString","coordinates":[[-122.343351893897,47.613954153794],[-122.342572303549,47.6145565536162]]},"properties":{"UNITDESC":"BLANCHARD ST BETWEEN 3RD AVE AND 4TH AVE","PARKING_CATEGORY":"Paid Parking","PAID_SPACES":9,"WKD_RATE1":1,"WKD_RATE2":2.5,"WKD_RATE3":1,"PARKING_TIME_LIMIT":120,"PEAK_HOUR":"6-9AM 3-7PM","START_TIME_WKD":"08AM","END_TIME_WKD":"08PM"}},{"type":"Feature","geometry":{"type":"LineString","coordinates":[[-122.333105580672,47.6080593514835],[-122.332155431292,47.6084571581843]]},"properties":{"UNITDESC":"SENECA ST BETWEEN 5TH AVE AND 6TH AVE","PARKING_CATEGORY":"Paid Parking","PAID_SPACES":11,"WKD_RATE1":2.5,"WKD_RATE2":6,"WKD_RATE3":1.5,"PARKING_TIME_LIMIT":120,"PEAK_HOUR":null,"START_TIME_WKD":"08AM","END_TIME_WKD":"08PM"}},{"type":"Feature","geometry":{"type":"LineString","coordinates":[[-122.328301716193,47.6110231525153],[-122.329154586003,47.6119550544112]]},"properties":{"UNITDESC":"TERRY AVE BETWEEN UNIVERSITY ST AND UNION ST","PARKING_CATEGORY":"Paid Parking","PAID_SPACES":10,"WKD_RATE1":1,"WKD_RATE2":7,"WKD_RATE3":6.5,"PARKING_TIME_LIMIT":120,"PEAK_HOUR":null,"START_TIME_WKD":"08AM","END_TIME_WKD":"08PM"}},{"type":"Feature","geometry":{"type":"LineString","coordinates":[[-122.337446739646,47.6139578873844],[-122.337627546849,47.6148400638669]]},"properties":{"UNITDESC":"WESTLAKE AVE BETWEEN 6TH AVE AND VIRGINIA ST","PARKING_CATEGORY":"Paid Parking","PAID_SPACES":7,"WKD_RATE1":1,"WKD_RATE2":6,"WKD_RATE3":6,"PARKING_TIME_LIMIT":120,"PEAK_HOUR":null,"START_TIME_WKD":"08AM","END_TIME_WKD":"08PM"}},{"type":"Feature","geometry":{"type":"LineString","coordinates":[[-122.344726376475,47.6091859081403],[-122.345892777943,47.609865073122]]},"properties":{"UNITDESC":"ALASKAN WAY BETWEEN VIRGINIA ST AND LENORA ST","PARKING_CATEGORY":"Paid Parking","PAID_SPACES":8,"WKD_RATE1":1,"WKD_RATE2":2.5,"WKD_RATE3":1,"PARKING_TIME_LIMIT":120,"PEAK_HOUR":null,"START_TIME_WKD":"08AM","END_TIME_WKD":"08PM"}},{"type":"Feature","geometry":{"type":"LineString","coordinates":[[-122.331556268092,47.6047493548406],[-122.330610823625,47.6051449067078]]},"properties":{"UNITDESC":"COLUMBIA ST BETWEEN 4TH AVE AND 5TH AVE","PARKING_CATEGORY":"Paid Parking","PAID_SPACES":5,"WKD_RATE1":2,"WKD_RATE2":1.5,"WKD_RATE3":1,"PARKING_TIME_LIMIT":120,"PEAK_HOUR":null,"START_TIME_WKD":"08AM","END_TIME_WKD":"08PM"}},{"type":"Feature","geometry":{"type":"LineString","coordinates":[[-122.332641581596,47.604279106978],[-122.333212636337,47.6049039174001]]},"properties":{"UNITDESC":"3RD AVE BETWEEN COLUMBIA ST AND MARION ST","PARKING_CATEGORY":"Paid Parking","PAID_SPACES":1,"WKD_RATE1":2,"WKD_RATE2":1.5,"WKD_RATE3":1,"PARKING_TIME_LIMIT":null,"PEAK_HOUR":null,"START_TIME_WKD":"08AM","END_TIME_WKD":"08PM"}},{"type":"Feature","geometry":{"type":"LineString","coordinates":[[-122.341313471568,47.610377482086],[-122.34134796259,47.6104152044231],[-122.342482089612,47.6110857889656]]},"properties":{"UNITDESC":"1ST AVE BETWEEN STEWART ST AND VIRGINIA ST","PARKING_CATEGORY":"Paid Parking","PAID_SPACES":10,"WKD_RATE1":1,"WKD_RATE2":2.5,"WKD_RATE3":1,"PARKING_TIME_LIMIT":120,"PEAK_HOUR":null,"START_TIME_WKD":"08AM","END_TIME_WKD":"08PM"}},{"type":"Feature","geometry":{"type":"LineString","coordinates":[[-122.335195461881,47.6149298149173],[-122.334459129039,47.6154989256372]]},"properties":{"UNITDESC":"STEWART ST BETWEEN 8TH AVE AND 9TH AVE","PARKING_CATEGORY":"Paid Parking","PAID_SPACES":10,"WKD_RATE1":2.5,"WKD_RATE2":7.5,"WKD_RATE3":2.5,"PARKING_TIME_LIMIT":240,"PEAK_HOUR":"7-9AM","START_TIME_WKD":"08AM","END_TIME_WKD":"08PM"}},{"type":"Feature","geometry":{"type":"LineString","coordinates":[[-122.336259241466,47.6132076891725],[-122.336859832581,47.6136111058649]]},"properties":{"UNITDESC":"6TH AVE BETWEEN OLIVE WAY AND STEWART ST","PARKING_CATEGORY":"Paid Parking","PAID_SPACES":6,"WKD_RATE1":1,"WKD_RATE2":6,"WKD_RATE3":6,"PARKING_TIME_LIMIT":120,"PEAK_HOUR":null,"START_TIME_WKD":"08AM","END_TIME_WKD":"08PM"}},{"type":"Feature","geometry":{"type":"LineString","coordinates":[[-122.340152048834,47.6074292519876],[-122.34103189337,47.6083920269514]]},"properties":{"UNITDESC":"WESTERN AVE BETWEEN UNION ST AND PIKE ST","PARKING_CATEGORY":"Paid Parking","PAID_SPACES":6,"WKD_RATE1":1,"WKD_RATE2":8,"WKD_RATE3":5.5,"PARKING_TIME_LIMIT":120,"PEAK_HOUR":null,"START_TIME_WKD":"08AM","END_TIME_WKD":"08PM"}},{"type":"Feature","geometry":{"type":"LineString","coordinates":[[-122.340180863217,47.6130481039899],[-122.341343761582,47.6137355055533]]},"properties":{"UNITDESC":"4TH AVE BETWEEN VIRGINIA ST AND LENORA ST","PARKING_CATEGORY":"Paid Parking","PAID_SPACES":3,"WKD_RATE1":1,"WKD_RATE2":2.5,"WKD_RATE3":1,"PARKING_TIME_LIMIT":120,"PEAK_HOUR":null,"START_TIME_WKD":"08AM","END_TIME_WKD":"08PM"}},{"type":"Feature","geometry":{"type":"LineString","coordinates":[[-122.335309884004,47.6150412235865],[-122.336530397003,47.6157629920344]]},"properties":{"UNITDESC":"8TH AVE BETWEEN STEWART ST AND VIRGINIA ST","PARKING_CATEGORY":"Paid Parking","PAID_SPACES":6,"WKD_RATE1":1,"WKD_RATE2":6,"WKD_RATE3":6,"PARKING_TIME_LIMIT":120,"PEAK_HOUR":null,"START_TIME_WKD":"08AM","END_TIME_WKD":"08PM"}},{"type":"Feature","geometry":{"type":"LineString","coordinates":[[-122.340043245856,47.6131670382888],[-122.339255973567,47.6137757960394]]},"properties":{"UNITDESC":"VIRGINIA ST BETWEEN 4TH AVE AND 5TH AVE","PARKING_CATEGORY":"Paid Parking","PAID_SPACES":9,"WKD_RATE1":1,"WKD_RATE2":2.5,"WKD_RATE3":1,"PARKING_TIME_LIMIT":120,"PEAK_HOUR":null,"START_TIME_WKD":"08AM","END_TIME_WKD":"08PM"}},{"type":"Feature","geometry":{"type":"LineString","coordinates":[[-122.33557513727,47.6107568951987],[-122.33462701014,47.6111544426241]]},"properties":{"UNITDESC":"PIKE ST BETWEEN 5TH AVE AND 6TH AVE","PARKING_CATEGORY":"Paid Parking","PAID_SPACES":1,"WKD_RATE1":2.5,"WKD_RATE2":6,"WKD_RATE3":1.5,"PARKING_TIME_LIMIT":30,"PEAK_HOUR":"3-7PM","START_TIME_WKD":"08AM","END_TIME_WKD":"08PM"}},{"type":"Feature","geometry":{"type":"LineString","coordinates":[[-122.332785201915,47.6060720040362],[-122.33182556238,47.606473563429]]},"properties":{"UNITDESC":"MADISON ST BETWEEN 4TH AVE AND 5TH AVE","PARKING_CATEGORY":"Paid Parking","PAID_SPACES":3,"WKD_RATE1":2,"WKD_RATE2":1.5,"WKD_RATE3":1,"PARKING_TIME_LIMIT":120,"PEAK_HOUR":null,"START_TIME_WKD":"08AM","END_TIME_WKD":"08PM"}},{"type":"Feature","geometry":{"type":"LineString","coordinates":[[-122.336046537343,47.6142675229503],[-122.335304214738,47.6148415637791]]},"properties":{"UNITDESC":"STEWART ST BETWEEN 7TH AVE AND 8TH AVE","PARKING_CATEGORY":"Paid Parking","PAID_SPACES":7,"WKD_RATE1":1,"WKD_RATE2":6,"WKD_RATE3":6,"PARKING_TIME_LIMIT":120,"PEAK_HOUR":"7-9AM 3-7PM","START_TIME_WKD":"08AM","END_TIME_WKD":"08PM"}},{"type":"Feature","geometry":{"type":"LineString","coordinates":[[-122.333158346901,47.614936257187],[-122.332420721087,47.6155086325425]]},"properties":{"UNITDESC":"HOWELL ST BETWEEN 9TH AVE AND TERRY AVE","PARKING_CATEGORY":"Paid Parking","PAID_SPACES":8,"WKD_RATE1":2.5,"WKD_RATE2":7.5,"WKD_RATE3":2.5,"PARKING_TIME_LIMIT":240,"PEAK_HOUR":"3-7PM","START_TIME_WKD":"08AM","END_TIME_WKD":"08PM"}}]}