{"type":"FeatureCollection","features":[{"type":"Feature","properties":{"meters":12,"rate":5.0,"len_m":127,"dev_m":14.3,"bent":true},"geometry":{"type":"LineString","coordinates":[[-123.119566,49.288189],[-123.119391,49.288116],[-123.119306,49.287859],[-123.119306,49.287859],[-123.119131,49.287808],[-123.119131,49.287808],[-123.119166,49.287683],[-123.119166,49.287683],[-123.118914,49.287741],[-123.118914,49.287741],[-123.118873,49.287597],[-123.118626,49.287649]]}},{"type":"Feature","properties":{"meters":43,"rate":2.0,"len_m":535,"dev_m":29.1,"bent":true},"geometry":{"type":"LineString","coordinates":[[-123.153165,49.261174],[-123.153162,49.261284],[-123.153162,49.261284],[-123.153157,49.261398],[-123.153157,49.261398],[-123.153152,49.261516],[-123.153152,49.261516],[-123.152909,49.261586],[-123.152909,49.261586],[-123.153148,49.261633],[-123.153148,49.261633],[-123.152911,49.261692],[-123.152911,49.261692],[-123.153143,49.261749],[-123.153143,49.261749],[-123.152909,49.261802],[-123.153394,49.261899],[-123.153394,49.261899],[-123.152657,49.261894],[-123.153372,49.262],[-123.153372,49.262],[-123.152677,49.261981],[-123.152677,49.261981],[-123.15313,49.262105],[-123.152896,49.262137],[-123.152896,49.262137],[-123.153126,49.262211],[-123.153126,49.262211],[-123.152892,49.262244],[-123.152892,49.262244],[-123.153122,49.262321],[-123.153122,49.262321],[-123.152889,49.262347],[-123.153118,49.262429],[-123.153118,49.262429],[-123.153114,49.262541],[-123.153114,49.262541],[-123.152881,49.262532],[-123.152881,49.262532],[-123.153106,49.26265],[-123.153106,49.26265],[-123.152877,49.262648],[-123.152877,49.262648]]}},{"type":"Feature","properties":{"meters":18,"rate":5.5,"len_m":121,"dev_m":8.5,"bent":false},"geometry":{"type":"LineString","coordinates":[[-123.116789,49.262326],[-123.116789,49.262326],[-123.11663,49.262324],[-123.11663,49.262324],[-123.116461,49.262321],[-123.116461,49.262321],[-123.116289,49.262318],[-123.116289,49.262318],[-123.116127,49.262315],[-123.116127,49.262315],[-123.116097,49.262204],[-123.116097,49.262204],[-123.115934,49.262202],[-123.1157,49.262309],[-123.11562,49.262196],[-123.11562,49.262196],[-123.115542,49.262306],[-123.115542,49.262306]]}},{"type":"Feature","properties":{"meters":23,"rate":2.0,"len_m":267,"dev_m":35.3,"bent":true},"geometry":{"type":"LineString","coordinates":[[-123.13858,49.266568],[-123.13858,49.266568],[-123.138301,49.266616],[-123.138584,49.266458],[-123.138584,49.266458],[-123.138067,49.266711],[-123.138067,49.266711],[-123.137916,49.266708],[-123.138306,49.266494],[-123.138306,49.266494],[-123.13831,49.266383],[-123.13831,49.266383],[-123.138107,49.266244],[-123.137929,49.266241],[-123.137929,49.266241],[-123.138078,49.266116],[-123.138078,49.266116],[-123.137742,49.266239],[-123.137742,49.266239],[-123.137907,49.266113],[-123.137907,49.266113],[-123.137728,49.266111],[-123.137728,49.266111]]}},{"type":"Feature","properties":{"meters":121,"rate":2.0,"len_m":2657,"dev_m":105.6,"bent":true},"geometry":{"type":"LineString","coordinates":[[-123.142011,49.266298],[-123.142011,49.266298],[-123.141839,49.266295],[-123.141839,49.266295],[-123.14167,49.266293],[-123.14167,49.266293],[-123.141502,49.26629],[-123.141502,49.26629],[-123.141329,49.266287],[-123.141329,49.266287],[-123.141476,49.26618],[-123.141476,49.26618],[-123.141313,49.266176],[-123.141313,49.266176],[-123.141148,49.266174],[-123.141148,49.266174],[-123.140655,49.266279],[-123.140655,49.266279],[-123.140468,49.266274],[-123.140468,49.266274],[-123.140837,49.266081],[-123.140529,49.266165],[-123.140529,49.266165],[-123.140252,49.266271],[-123.140252,49.266271],[-123.140841,49.265961],[-123.140841,49.265961],[-123.140273,49.266161],[-123.14001,49.266266],[-123.14001,49.266266],[-123.140846,49.265844],[-123.140846,49.265844],[-123.140053,49.266158],[-123.140053,49.266158],[-123.13977,49.26626],[-123.13977,49.26626],[-123.139882,49.266154],[-123.139528,49.266258],[-123.139528,49.266258],[-123.139544,49.266149],[-123.139544,49.266149],[-123.139328,49.266255],[-123.139328,49.266255],[-123.139344,49.266148],[-123.139344,49.266148],[-123.138985,49.26625],[-123.138985,49.26625],[-123.139001,49.26614],[-123.139001,49.26614],[-123.138822,49.266136],[-123.138822,49.266136],[-123.138593,49.265977],[-123.138593,49.265977],[-123.138601,49.265845],[-123.138601,49.265845],[-123.138608,49.265734],[-123.138608,49.265734],[-123.138338,49.265868],[-123.138338,49.265868],[-123.138342,49.265757],[-123.138342,49.265757],[-123.138614,49.26562],[-123.138614,49.26562],[-123.140455,49.264597],[-123.138852,49.265402],[-123.138852,49.265402],[-123.138619,49.265504],[-123.138875,49.265309],[-123.140273,49.264593],[-123.140273,49.264593],[-123.140108,49.26459],[-123.140108,49.26459],[-123.139931,49.264587],[-123.139931,49.264587],[-123.140037,49.26448],[-123.140037,49.26448],[-123.138634,49.265168],[-123.139756,49.264586],[-123.139756,49.264586],[-123.139845,49.264477],[-123.139845,49.264477],[-123.13958,49.264582],[-123.13958,49.264582],[-123.138368,49.265146],[-123.138368,49.265146],[-123.139677,49.264473],[-123.139677,49.264473],[-123.139408,49.264579],[-123.139408,49.264579],[-123.13864,49.264941],[-123.13864,49.264941],[-123.138371,49.265038],[-123.138371,49.265038],[-123.139495,49.264471],[-123.139495,49.264471],[-123.138644,49.264825],[-123.138644,49.264825],[-123.13934,49.264469],[-123.138375,49.264928],[-123.138375,49.264928],[-123.139048,49.264574],[-123.139048,49.264574],[-123.13865,49.264707],[-123.13865,49.264707],[-123.139072,49.264464],[-123.139072,49.264464],[-123.138857,49.26457],[-123.138857,49.26457],[-123.138379,49.264811],[-123.138379,49.264811],[-123.138894,49.264462],[-123.138384,49.264694],[-123.138384,49.264694],[-123.138667,49.264319],[-123.138667,49.264319],[-123.13867,49.264208],[-123.13867,49.264208],[-123.138398,49.264305],[-123.138398,49.264305],[-123.138674,49.264092],[-123.138674,49.264092]]}},{"type":"Feature","properties":{"meters":46,"rate":2.0,"len_m":449,"dev_m":41.8,"bent":true},"geometry":{"type":"LineString","coordinates":[[-123.14538,49.264565],[-123.14538,49.264565],[-123.145202,49.264672],[-123.145197,49.264562],[-123.145197,49.264562],[-123.145032,49.26467],[-123.145032,49.26467],[-123.145021,49.26456],[-123.145021,49.26456],[-123.144862,49.264667],[-123.144862,49.264667],[-123.144842,49.264556],[-123.144842,49.264556],[-123.144692,49.264665],[-123.144692,49.264665],[-123.144665,49.264554],[-123.144665,49.264554],[-123.144524,49.264661],[-123.144524,49.264661],[-123.144261,49.264657],[-123.1443,49.264548],[-123.144084,49.264654],[-123.144084,49.264654],[-123.144031,49.264544],[-123.144031,49.264544],[-123.143799,49.26465],[-123.14385,49.264541],[-123.14385,49.264541],[-123.14365,49.264648],[-123.14365,49.264648],[-123.143675,49.264538],[-123.143675,49.264538],[-123.143447,49.264383],[-123.143447,49.264383],[-123.143451,49.264269],[-123.143451,49.264269],[-123.143277,49.264389],[-123.143277,49.264389],[-123.143459,49.264031],[-123.143459,49.264031],[-123.143283,49.264271],[-123.143283,49.264271],[-123.143465,49.263911],[-123.143465,49.263911],[-123.143292,49.264039],[-123.143292,49.264039]]}},{"type":"Feature","properties":{"meters":2,"rate":2.0,"len_m":14,"dev_m":0.0,"bent":false},"geometry":{"type":"LineString","coordinates":[[-123.106759,49.266853],[-123.106587,49.266797]]}},{"type":"Feature","properties":{"meters":4,"rate":1.5,"len_m":29,"dev_m":8.3,"bent":false},"geometry":{"type":"LineString","coordinates":[[-123.091011,49.231058],[-123.091069,49.230938],[-123.091069,49.230938],[-123.090869,49.230937]]}},{"type":"Feature","properties":{"meters":10,"rate":6.5,"len_m":111,"dev_m":6.5,"bent":false},"geometry":{"type":"LineString","coordinates":[[-123.115148,49.285673],[-123.115148,49.285673],[-123.115022,49.285756],[-123.115022,49.285756],[-123.114656,49.285903],[-123.11445,49.286136],[-123.11421,49.286289],[-123.11421,49.286289],[-123.11409,49.286369],[-123.11409,49.286369]]}},{"type":"Feature","properties":{"meters":45,"rate":1.5,"len_m":472,"dev_m":19.6,"bent":true},"geometry":{"type":"LineString","coordinates":[[-123.174057,49.26446],[-123.174057,49.26446],[-123.174061,49.264359],[-123.173891,49.264529],[-123.173897,49.264414],[-123.173897,49.264414],[-123.173726,49.264247],[-123.173545,49.264244],[-123.173545,49.264244],[-123.173379,49.264241],[-123.173379,49.264241],[-123.173402,49.264077],[-123.173402,49.264077],[-123.173222,49.264239],[-123.173222,49.264239],[-123.173225,49.264074],[-123.173058,49.264236],[-123.173058,49.264236],[-123.173011,49.264071],[-123.172893,49.264234],[-123.172893,49.264234],[-123.172932,49.264069],[-123.172718,49.264231],[-123.172718,49.264231],[-123.172761,49.264067],[-123.172761,49.264067],[-123.172542,49.264228],[-123.172542,49.264228],[-123.172592,49.264064],[-123.172592,49.264064],[-123.172362,49.264225],[-123.172362,49.264225],[-123.172423,49.264061],[-123.172423,49.264061],[-123.172147,49.263923],[-123.172147,49.263923],[-123.17215,49.263812],[-123.17215,49.263812],[-123.171986,49.263915],[-123.171986,49.263915],[-123.17199,49.263809],[-123.17199,49.263809],[-123.171698,49.264049],[-123.171698,49.264049],[-123.17154,49.264046]]}},{"type":"Feature","properties":{"meters":4,"rate":2.0,"len_m":49,"dev_m":7.5,"bent":false},"geometry":{"type":"LineString","coordinates":[[-123.105565,49.271581],[-123.105565,49.271581],[-123.105214,49.271477],[-123.104968,49.271569]]}},{"type":"Feature","properties":{"meters":11,"rate":3.5,"len_m":125,"dev_m":11.9,"bent":false},"geometry":{"type":"LineString","coordinates":[[-123.124558,49.273905],[-123.124674,49.273981],[-123.124674,49.273981],[-123.124388,49.273989],[-123.124388,49.273989],[-123.124507,49.274066],[-123.124507,49.274066],[-123.124615,49.274137],[-123.124544,49.274319],[-123.124435,49.27457],[-123.12417,49.27457]]}},{"type":"Feature","properties":{"meters":17,"rate":5.5,"len_m":108,"dev_m":0.1,"bent":false},"geometry":{"type":"LineString","coordinates":[[-123.113104,49.261059],[-123.113104,49.261059],[-123.113099,49.261173],[-123.113099,49.261173],[-123.113095,49.261317],[-123.113095,49.261317],[-123.113089,49.261451],[-123.113089,49.261451],[-123.113085,49.26157],[-123.113085,49.26157],[-123.11308,49.261686],[-123.11308,49.261686],[-123.113078,49.261802],[-123.113078,49.261802],[-123.113072,49.261917],[-123.113072,49.261917],[-123.113066,49.262027]]}},{"type":"Feature","properties":{"meters":11,"rate":2.0,"len_m":60,"dev_m":0.0,"bent":false},"geometry":{"type":"LineString","coordinates":[[-123.140846,49.263854],[-123.140846,49.263854],[-123.140841,49.263965],[-123.140841,49.263965],[-123.140837,49.264076],[-123.140837,49.264076],[-123.140834,49.264185],[-123.140834,49.264185],[-123.140829,49.264298],[-123.140829,49.264298],[-123.140825,49.264396]]}},{"type":"Feature","properties":{"meters":6,"rate":3.5,"len_m":37,"dev_m":0.5,"bent":false},"geometry":{"type":"LineString","coordinates":[[-123.121078,49.275286],[-123.120833,49.275437],[-123.120782,49.275478],[-123.120782,49.275478],[-123.12071,49.275513],[-123.12071,49.275513]]}},{"type":"Feature","properties":{"meters":2,"rate":6.5,"len_m":0,"dev_m":0.0,"bent":false},"geometry":{"type":"LineString","coordinates":[[-123.116001,49.285108],[-123.116001,49.285108]]}},{"type":"Feature","properties":{"meters":2,"rate":5.0,"len_m":14,"dev_m":0.0,"bent":false},"geometry":{"type":"LineString","coordinates":[[-123.126225,49.278519],[-123.126078,49.278436]]}},{"type":"Feature","properties":{"meters":23,"rate":1.5,"len_m":200,"dev_m":16.2,"bent":true},"geometry":{"type":"LineString","coordinates":[[-123.171306,49.264462],[-123.171306,49.264462],[-123.17132,49.264352],[-123.17132,49.264352],[-123.171124,49.264444],[-123.171124,49.264444],[-123.170895,49.264201],[-123.170895,49.264201],[-123.170736,49.264198],[-123.170736,49.264198],[-123.170571,49.264195],[-123.170571,49.264195],[-123.170671,49.264032],[-123.170671,49.264032],[-123.17041,49.264193],[-123.17041,49.264193],[-123.170497,49.264028],[-123.170497,49.264028],[-123.17034,49.264027],[-123.170194,49.263807],[-123.170194,49.263807],[-123.170028,49.263802],[-123.170028,49.263802]]}},{"type":"Feature","properties":{"meters":4,"rate":5.5,"len_m":13,"dev_m":0.0,"bent":false},"geometry":{"type":"LineString","coordinates":[[-123.119883,49.261054],[-123.119883,49.261054],[-123.119879,49.26117],[-123.119879,49.26117]]}},{"type":"Feature","properties":{"meters":3,"rate":1.5,"len_m":37,"dev_m":3.4,"bent":false},"geometry":{"type":"LineString","coordinates":[[-123.09786,49.283418],[-123.097881,49.283546],[-123.097731,49.283726]]}},{"type":"Feature","properties":{"meters":2,"rate":2.0,"len_m":16,"dev_m":0.0,"bent":false},"geometry":{"type":"LineString","coordinates":[[-123.105405,49.267343],[-123.105255,49.267452]]}},{"type":"Feature","properties":{"meters":4,"rate":1.5,"len_m":68,"dev_m":10.3,"bent":false},"geometry":{"type":"LineString","coordinates":[[-123.130187,49.287806],[-123.130196,49.288002],[-123.129816,49.288057],[-123.129637,49.28817]]}},{"type":"Feature","properties":{"meters":2,"rate":3.5,"len_m":19,"dev_m":0.0,"bent":false},"geometry":{"type":"LineString","coordinates":[[-123.155688,49.234031],[-123.155457,49.23411]]}},{"type":"Feature","properties":{"meters":2,"rate":1.5,"len_m":19,"dev_m":0.0,"bent":false},"geometry":{"type":"LineString","coordinates":[[-123.10416,49.263815],[-123.10397,49.263696]]}},{"type":"Feature","properties":{"meters":5,"rate":2.0,"len_m":63,"dev_m":8.1,"bent":false},"geometry":{"type":"LineString","coordinates":[[-123.106249,49.265556],[-123.106249,49.265556],[-123.106048,49.265659],[-123.105772,49.265545],[-123.10553,49.265639]]}},{"type":"Feature","properties":{"meters":3,"rate":3.0,"len_m":20,"dev_m":5.5,"bent":false},"geometry":{"type":"LineString","coordinates":[[-123.06919,49.273002],[-123.069233,49.273087],[-123.069091,49.273085]]}},{"type":"Feature","properties":{"meters":3,"rate":2.5,"len_m":53,"dev_m":5.2,"bent":false},"geometry":{"type":"LineString","coordinates":[[-123.13993,49.26874],[-123.139625,49.268871],[-123.139267,49.268866]]}},{"type":"Feature","properties":{"meters":34,"rate":2.0,"len_m":333,"dev_m":27.3,"bent":true},"geometry":{"type":"LineString","coordinates":[[-123.157295,49.26399],[-123.157295,49.26399],[-123.157097,49.263803],[-123.157003,49.263986],[-123.157003,49.263986],[-123.156885,49.263802],[-123.156885,49.263802],[-123.156712,49.263798],[-123.156712,49.263798],[-123.156517,49.263977],[-123.156517,49.263977],[-123.156542,49.263796],[-123.156542,49.263796],[-123.156371,49.263794],[-123.156371,49.263794],[-123.156251,49.263973],[-123.156205,49.26379],[-123.156205,49.26379],[-123.156077,49.26397],[-123.156077,49.26397],[-123.156033,49.263788],[-123.156033,49.263788],[-123.155909,49.263968],[-123.155909,49.263968],[-123.155865,49.263786],[-123.155865,49.263786],[-123.155694,49.263783],[-123.155694,49.263783],[-123.155534,49.26378],[-123.155401,49.263632],[-123.155401,49.263632],[-123.155406,49.263523],[-123.155406,49.263523],[-123.15541,49.26342]]}},{"type":"Feature","properties":{"meters":5,"rate":4.0,"len_m":32,"dev_m":4.1,"bent":false},"geometry":{"type":"LineString","coordinates":[[-123.110507,49.284326],[-123.110254,49.284352],[-123.110254,49.284352],[-123.110126,49.284271],[-123.110126,49.284271]]}},{"type":"Feature","properties":{"meters":4,"rate":5.0,"len_m":41,"dev_m":8.1,"bent":false},"geometry":{"type":"LineString","coordinates":[[-123.10752,49.281454],[-123.10752,49.281454],[-123.107257,49.281607],[-123.107415,49.281701]]}},{"type":"Feature","properties":{"meters":10,"rate":2.0,"len_m":68,"dev_m":7.2,"bent":false},"geometry":{"type":"LineString","coordinates":[[-123.150631,49.263345],[-123.150461,49.263407],[-123.150461,49.263407],[-123.150626,49.263453],[-123.150626,49.263453],[-123.150457,49.26351],[-123.150457,49.26351],[-123.150623,49.263563],[-123.150623,49.263563],[-123.150453,49.26361]]}},{"type":"Feature","properties":{"meters":3,"rate":1.5,"len_m":52,"dev_m":12.6,"bent":false},"geometry":{"type":"LineString","coordinates":[[-123.061106,49.281254],[-123.060846,49.281083],[-123.060616,49.281254]]}},{"type":"Feature","properties":{"meters":2,"rate":2.0,"len_m":21,"dev_m":0.0,"bent":false},"geometry":{"type":"LineString","coordinates":[[-123.099854,49.27991],[-123.099577,49.279855]]}},{"type":"Feature","properties":{"meters":19,"rate":2.0,"len_m":148,"dev_m":11.9,"bent":false},"geometry":{"type":"LineString","coordinates":[[-123.137979,49.264447],[-123.137979,49.264447],[-123.137894,49.264554],[-123.137646,49.264442],[-123.137646,49.264442],[-123.13747,49.264438],[-123.13747,49.264438],[-123.137298,49.264435],[-123.137298,49.264435],[-123.137134,49.264432],[-123.136871,49.264428],[-123.136871,49.264428],[-123.136723,49.264425],[-123.13657,49.26454],[-123.13657,49.26454],[-123.136468,49.264421],[-123.136468,49.264421],[-123.136399,49.264536],[-123.136399,49.264536]]}},{"type":"Feature","properties":{"meters":23,"rate":5.5,"len_m":166,"dev_m":14.3,"bent":true},"geometry":{"type":"LineString","coordinates":[[-123.133797,49.263944],[-123.133797,49.263944],[-123.133801,49.263837],[-123.133801,49.263837],[-123.133805,49.263728],[-123.13363,49.263884],[-123.13363,49.263884],[-123.133424,49.263607],[-123.133424,49.263607],[-123.133255,49.263604],[-123.133255,49.263604],[-123.133085,49.263601],[-123.133085,49.263601],[-123.132915,49.263598],[-123.132915,49.263598],[-123.132746,49.263595],[-123.132746,49.263595],[-123.132577,49.263593],[-123.132577,49.263593],[-123.13241,49.26359],[-123.13241,49.26359],[-123.132241,49.263587],[-123.132241,49.263587]]}},{"type":"Feature","properties":{"meters":13,"rate":1.5,"len_m":108,"dev_m":10.9,"bent":false},"geometry":{"type":"LineString","coordinates":[[-123.102609,49.263784],[-123.102609,49.263784],[-123.102428,49.26378],[-123.102428,49.26378],[-123.10225,49.263777],[-123.10225,49.263777],[-123.102067,49.263775],[-123.102067,49.263775],[-123.101891,49.263771],[-123.101891,49.263771],[-123.101864,49.26366],[-123.101647,49.263767],[-123.101321,49.263759]]}},{"type":"Feature","properties":{"meters":21,"rate":5.5,"len_m":366,"dev_m":43.6,"bent":true},"geometry":{"type":"LineString","coordinates":[[-123.120821,49.264165],[-123.120821,49.264165],[-123.120651,49.264161],[-123.120651,49.264161],[-123.120473,49.264158],[-123.120473,49.264158],[-123.120309,49.264157],[-123.120309,49.264157],[-123.120139,49.264158],[-123.120139,49.264158],[-123.119768,49.264008],[-123.119768,49.264008],[-123.119768,49.263891],[-123.119768,49.263891],[-123.119777,49.263663],[-123.119777,49.263663],[-123.119505,49.264156],[-123.11978,49.263555],[-123.11978,49.263555],[-123.119228,49.264253],[-123.118848,49.264142]]}},{"type":"Feature","properties":{"meters":2,"rate":1.5,"len_m":31,"dev_m":0.0,"bent":false},"geometry":{"type":"LineString","coordinates":[[-123.099681,49.28379],[-123.099423,49.283564]]}},{"type":"Feature","properties":{"meters":7,"rate":2.0,"len_m":79,"dev_m":7.0,"bent":false},"geometry":{"type":"LineString","coordinates":[[-123.109963,49.265616],[-123.109838,49.265614],[-123.10992,49.265731],[-123.109742,49.265726],[-123.109566,49.265916],[-123.109566,49.265916],[-123.109353,49.265992]]}},{"type":"Feature","properties":{"meters":8,"rate":2.0,"len_m":37,"dev_m":0.0,"bent":false},"geometry":{"type":"LineString","coordinates":[[-123.146504,49.266372],[-123.146504,49.266372],[-123.146334,49.266369],[-123.146334,49.266369],[-123.146162,49.266366],[-123.146162,49.266366],[-123.145989,49.266363],[-123.145989,49.266363]]}},{"type":"Feature","properties":{"meters":4,"rate":2.0,"len_m":36,"dev_m":4.7,"bent":false},"geometry":{"type":"LineString","coordinates":[[-123.130844,49.276727],[-123.130794,49.276789],[-123.130585,49.276728],[-123.130477,49.276804]]}},{"type":"Feature","properties":{"meters":2,"rate":5.0,"len_m":18,"dev_m":0.0,"bent":false},"geometry":{"type":"LineString","coordinates":[[-123.124331,49.285579],[-123.124099,49.285627]]}},{"type":"Feature","properties":{"meters":2,"rate":1.5,"len_m":25,"dev_m":0.0,"bent":false},"geometry":{"type":"LineString","coordinates":[[-123.105358,49.243712],[-123.105325,49.243492]]}},{"type":"Feature","properties":{"meters":5,"rate":1.5,"len_m":25,"dev_m":7.8,"bent":false},"geometry":{"type":"LineString","coordinates":[[-123.097098,49.263039],[-123.097098,49.263039],[-123.096931,49.263003],[-123.096931,49.263003],[-123.096927,49.26311]]}},{"type":"Feature","properties":{"meters":3,"rate":5.5,"len_m":11,"dev_m":0.0,"bent":false},"geometry":{"type":"LineString","coordinates":[[-123.126445,49.265004],[-123.126443,49.264908],[-123.126443,49.264908]]}},{"type":"Feature","properties":{"meters":6,"rate":1.5,"len_m":31,"dev_m":0.2,"bent":false},"geometry":{"type":"LineString","coordinates":[[-123.099402,49.262578],[-123.099402,49.262578],[-123.099293,49.26246],[-123.099293,49.26246],[-123.09919,49.26234],[-123.09919,49.26234]]}},{"type":"Feature","properties":{"meters":3,"rate":5.0,"len_m":51,"dev_m":5.4,"bent":false},"geometry":{"type":"LineString","coordinates":[[-123.120737,49.286078],[-123.120547,49.285912],[-123.120173,49.285843]]}},{"type":"Feature","properties":{"meters":4,"rate":3.5,"len_m":28,"dev_m":0.0,"bent":false},"geometry":{"type":"LineString","coordinates":[[-123.120093,49.276661],[-123.119899,49.276786],[-123.119899,49.276786],[-123.11982,49.276836]]}},{"type":"Feature","properties":{"meters":7,"rate":1.5,"len_m":63,"dev_m":12.6,"bent":false},"geometry":{"type":"LineString","coordinates":[[-123.090623,49.227027],[-123.090835,49.22686],[-123.090628,49.226856],[-123.090628,49.226856],[-123.090627,49.226754],[-123.090627,49.226754],[-123.09063,49.226639]]}},{"type":"Feature","properties":{"meters":2,"rate":2.0,"len_m":21,"dev_m":0.0,"bent":false},"geometry":{"type":"LineString","coordinates":[[-123.105764,49.266559],[-123.105533,49.266441]]}},{"type":"Feature","properties":{"meters":2,"rate":5.5,"len_m":9,"dev_m":0.0,"bent":false},"geometry":{"type":"LineString","coordinates":[[-123.115755,49.265048],[-123.115629,49.265039]]}},{"type":"Feature","properties":{"meters":11,"rate":1.5,"len_m":124,"dev_m":17.5,"bent":true},"geometry":{"type":"LineString","coordinates":[[-123.101158,49.262152],[-123.101154,49.262273],[-123.100826,49.262209],[-123.100826,49.262209],[-123.101148,49.262426],[-123.101148,49.262426],[-123.100821,49.262327],[-123.100821,49.262327],[-123.100816,49.262444],[-123.100816,49.262444],[-123.100811,49.262561]]}},{"type":"Feature","properties":{"meters":4,"rate":3.5,"len_m":52,"dev_m":9.6,"bent":false},"geometry":{"type":"LineString","coordinates":[[-123.160031,49.234423],[-123.159841,49.234447],[-123.159685,49.234576],[-123.159861,49.234713]]}},{"type":"Feature","properties":{"meters":2,"rate":3.5,"len_m":13,"dev_m":0.0,"bent":false},"geometry":{"type":"LineString","coordinates":[[-123.126406,49.271981],[-123.126324,49.271875]]}},{"type":"Feature","properties":{"meters":2,"rate":1.5,"len_m":23,"dev_m":0.0,"bent":false},"geometry":{"type":"LineString","coordinates":[[-123.151585,49.275562],[-123.151304,49.275462]]}},{"type":"Feature","properties":{"meters":4,"rate":3.5,"len_m":56,"dev_m":4.9,"bent":false},"geometry":{"type":"LineString","coordinates":[[-123.155768,49.236393],[-123.155803,49.236492],[-123.155591,49.236671],[-123.155355,49.236759]]}},{"type":"Feature","properties":{"meters":4,"rate":4.5,"len_m":12,"dev_m":0.0,"bent":false},"geometry":{"type":"LineString","coordinates":[[-123.137886,49.258857],[-123.137886,49.258857],[-123.137715,49.258855],[-123.137715,49.258855]]}},{"type":"Feature","properties":{"meters":2,"rate":1.5,"len_m":12,"dev_m":0.0,"bent":false},"geometry":{"type":"LineString","coordinates":[[-123.129725,49.291239],[-123.129602,49.291316]]}},{"type":"Feature","properties":{"meters":2,"rate":4.5,"len_m":23,"dev_m":0.0,"bent":false},"geometry":{"type":"LineString","coordinates":[[-123.138885,49.258428],[-123.138618,49.258539]]}},{"type":"Feature","properties":{"meters":2,"rate":1.5,"len_m":18,"dev_m":0.0,"bent":false},"geometry":{"type":"LineString","coordinates":[[-123.127831,49.287846],[-123.127781,49.288008]]}},{"type":"Feature","properties":{"meters":2,"rate":2.5,"len_m":16,"dev_m":0.0,"bent":false},"geometry":{"type":"LineString","coordinates":[[-123.113863,49.280294],[-123.113645,49.280253]]}},{"type":"Feature","properties":{"meters":5,"rate":5.5,"len_m":62,"dev_m":9.9,"bent":false},"geometry":{"type":"LineString","coordinates":[[-123.117948,49.264125],[-123.117884,49.264124],[-123.117658,49.264118],[-123.117568,49.263872],[-123.117398,49.263832]]}},{"type":"Feature","properties":{"meters":2,"rate":1.5,"len_m":24,"dev_m":0.0,"bent":false},"geometry":{"type":"LineString","coordinates":[[-123.115265,49.255667],[-123.115001,49.255536]]}},{"type":"Feature","properties":{"meters":7,"rate":2.0,"len_m":38,"dev_m":6.9,"bent":false},"geometry":{"type":"LineString","coordinates":[[-123.150606,49.263989],[-123.150602,49.264096],[-123.150602,49.264096],[-123.150438,49.264038],[-123.150438,49.264038],[-123.150433,49.264152],[-123.150433,49.264152]]}},{"type":"Feature","properties":{"meters":4,"rate":1.5,"len_m":25,"dev_m":3.1,"bent":false},"geometry":{"type":"LineString","coordinates":[[-123.100677,49.252122],[-123.100589,49.252026],[-123.100589,49.252026],[-123.100416,49.252024]]}},{"type":"Feature","properties":{"meters":2,"rate":5.0,"len_m":20,"dev_m":0.0,"bent":false},"geometry":{"type":"LineString","coordinates":[[-123.110703,49.283659],[-123.11043,49.283652]]}},{"type":"Feature","properties":{"meters":37,"rate":1.5,"len_m":495,"dev_m":39.0,"bent":true},"geometry":{"type":"LineString","coordinates":[[-123.101238,49.260471],[-123.101233,49.260583],[-123.101233,49.260583],[-123.101228,49.260697],[-123.101228,49.260697],[-123.100881,49.260699],[-123.100881,49.260699],[-123.101223,49.260819],[-123.101223,49.260819],[-123.100878,49.260814],[-123.100878,49.260814],[-123.101218,49.260932],[-123.101218,49.260932],[-123.100876,49.260932],[-123.100876,49.260932],[-123.101641,49.261072],[-123.101641,49.261072],[-123.10146,49.261071],[-123.101202,49.261277],[-123.100864,49.261302],[-123.100864,49.261302],[-123.101195,49.261391],[-123.101195,49.261391],[-123.100859,49.261412],[-123.100859,49.261412],[-123.10119,49.261507],[-123.10119,49.261507],[-123.100854,49.261524],[-123.100854,49.261524],[-123.10085,49.261633],[-123.10085,49.261633],[-123.101182,49.261664],[-123.100845,49.261742],[-123.100845,49.261742],[-123.101175,49.261778],[-123.101175,49.261778],[-123.100842,49.26185]]}},{"type":"Feature","properties":{"meters":10,"rate":2.0,"len_m":201,"dev_m":30.4,"bent":true},"geometry":{"type":"LineString","coordinates":[[-123.069821,49.265382],[-123.069576,49.265431],[-123.06958,49.265633],[-123.069372,49.265738],[-123.069816,49.265759],[-123.070084,49.265932],[-123.070116,49.266048],[-123.069807,49.266182],[-123.069567,49.266275],[-123.069348,49.266401]]}},{"type":"Feature","properties":{"meters":47,"rate":1.5,"len_m":487,"dev_m":39.0,"bent":true},"geometry":{"type":"LineString","coordinates":[[-123.164733,49.264328],[-123.164733,49.264328],[-123.164737,49.264214],[-123.164587,49.264381],[-123.164587,49.264381],[-123.164592,49.264264],[-123.164592,49.264264],[-123.164356,49.264102],[-123.164356,49.264102],[-123.164168,49.264099],[-123.164168,49.264099],[-123.164081,49.263918],[-123.164081,49.263918],[-123.163999,49.264096],[-123.163999,49.264096],[-123.16388,49.263914],[-123.16388,49.263914],[-123.163829,49.264094],[-123.163829,49.264094],[-123.163701,49.263909],[-123.163663,49.264091],[-123.163663,49.264091],[-123.163489,49.264088],[-123.163489,49.264088],[-123.163479,49.263908],[-123.163479,49.263908],[-123.163322,49.264086],[-123.163322,49.264086],[-123.1633,49.263905],[-123.1633,49.263905],[-123.163158,49.264083],[-123.163158,49.264083],[-123.163131,49.263903],[-123.163131,49.263903],[-123.162971,49.26408],[-123.162971,49.26408],[-123.16296,49.2639],[-123.16296,49.2639],[-123.162793,49.264077],[-123.162793,49.264077],[-123.162783,49.263897],[-123.162783,49.263897],[-123.162704,49.264076],[-123.162468,49.26436],[-123.162468,49.26436],[-123.162472,49.264243],[-123.162472,49.264243]]}},{"type":"Feature","properties":{"meters":6,"rate":3.0,"len_m":102,"dev_m":13.7,"bent":false},"geometry":{"type":"LineString","coordinates":[[-123.069865,49.275707],[-123.0698,49.275817],[-123.069598,49.275977],[-123.069403,49.276049],[-123.069596,49.276269],[-123.069407,49.276419]]}},{"type":"Feature","properties":{"meters":2,"rate":3.5,"len_m":30,"dev_m":0.0,"bent":false},"geometry":{"type":"LineString","coordinates":[[-123.125106,49.27295],[-123.125082,49.273221]]}},{"type":"Feature","properties":{"meters":2,"rate":3.5,"len_m":24,"dev_m":0.0,"bent":false},"geometry":{"type":"LineString","coordinates":[[-123.123191,49.273024],[-123.122869,49.272997]]}},{"type":"Feature","properties":{"meters":23,"rate":5.5,"len_m":155,"dev_m":17.5,"bent":true},"geometry":{"type":"LineString","coordinates":[[-123.130764,49.263384],[-123.130764,49.263384],[-123.130584,49.263381],[-123.130584,49.263381],[-123.130409,49.26338],[-123.130409,49.26338],[-123.130241,49.263377],[-123.130241,49.263377],[-123.13007,49.263374],[-123.13007,49.263374],[-123.129902,49.263372],[-123.129902,49.263372],[-123.129735,49.263368],[-123.129735,49.263368],[-123.129565,49.263365],[-123.129565,49.263365],[-123.129396,49.263363],[-123.129396,49.263363],[-123.129214,49.26336],[-123.128931,49.263199],[-123.128931,49.263199],[-123.128937,49.263065],[-123.128937,49.263065]]}},{"type":"Feature","properties":{"meters":14,"rate":4.0,"len_m":136,"dev_m":19.4,"bent":true},"geometry":{"type":"LineString","coordinates":[[-123.109324,49.283555],[-123.10945,49.283635],[-123.10945,49.283635],[-123.109495,49.283851],[-123.109424,49.283813],[-123.109139,49.283725],[-123.109099,49.283819],[-123.109099,49.283819],[-123.10885,49.283907],[-123.10885,49.283907],[-123.108973,49.284108],[-123.108973,49.284108],[-123.10879,49.284067],[-123.10879,49.284067]]}},{"type":"Feature","properties":{"meters":8,"rate":1.5,"len_m":146,"dev_m":30.0,"bent":true},"geometry":{"type":"LineString","coordinates":[[-123.091207,49.230159],[-123.091012,49.230158],[-123.091012,49.230158],[-123.090971,49.230047],[-123.090517,49.230161],[-123.090776,49.229938],[-123.090516,49.229735],[-123.090775,49.229609]]}},{"type":"Feature","properties":{"meters":9,"rate":2.0,"len_m":55,"dev_m":7.0,"bent":false},"geometry":{"type":"LineString","coordinates":[[-123.146382,49.267225],[-123.146263,49.267115],[-123.146263,49.267115],[-123.146211,49.267224],[-123.146211,49.267224],[-123.146091,49.267112],[-123.146091,49.267112],[-123.146044,49.267221],[-123.146044,49.267221]]}},{"type":"Feature","properties":{"meters":4,"rate":1.5,"len_m":28,"dev_m":4.1,"bent":false},"geometry":{"type":"LineString","coordinates":[[-123.177954,49.263866],[-123.17795,49.263973],[-123.17795,49.263973],[-123.177756,49.26404]]}},{"type":"Feature","properties":{"meters":25,"rate":2.0,"len_m":158,"dev_m":6.8,"bent":false},"geometry":{"type":"LineString","coordinates":[[-123.140728,49.26534],[-123.140728,49.26534],[-123.140545,49.265335],[-123.140545,49.265335],[-123.140406,49.265426],[-123.140378,49.265332],[-123.140378,49.265332],[-123.140241,49.265423],[-123.140241,49.265423],[-123.140209,49.265329],[-123.140209,49.265329],[-123.140069,49.265421],[-123.140069,49.265421],[-123.139896,49.265419],[-123.139896,49.265419],[-123.139869,49.265324],[-123.139869,49.265324],[-123.139721,49.265415],[-123.139721,49.265415],[-123.139699,49.265321],[-123.139699,49.265321],[-123.139552,49.265413],[-123.139552,49.265413],[-123.13938,49.265316],[-123.13938,49.265316]]}},{"type":"Feature","properties":{"meters":4,"rate":2.0,"len_m":76,"dev_m":11.6,"bent":false},"geometry":{"type":"LineString","coordinates":[[-123.132326,49.27432],[-123.132018,49.27451],[-123.13213,49.274614],[-123.132191,49.274889]]}},{"type":"Feature","properties":{"meters":6,"rate":5.0,"len_m":52,"dev_m":12.9,"bent":false},"geometry":{"type":"LineString","coordinates":[[-123.109759,49.281761],[-123.109759,49.281761],[-123.109718,49.28185],[-123.109909,49.281923],[-123.109626,49.282065],[-123.109626,49.282065]]}},{"type":"Feature","properties":{"meters":14,"rate":2.0,"len_m":75,"dev_m":7.8,"bent":false},"geometry":{"type":"LineString","coordinates":[[-123.131003,49.264335],[-123.131003,49.264335],[-123.130989,49.264446],[-123.130989,49.264446],[-123.130818,49.264442],[-123.130818,49.264442],[-123.13064,49.264439],[-123.13064,49.264439],[-123.130484,49.264436],[-123.130484,49.264436],[-123.130305,49.264434],[-123.130305,49.264434],[-123.130132,49.264431],[-123.130132,49.264431]]}},{"type":"Feature","properties":{"meters":47,"rate":2.0,"len_m":331,"dev_m":29.8,"bent":true},"geometry":{"type":"LineString","coordinates":[[-123.144954,49.263611],[-123.144954,49.263611],[-123.144778,49.263609],[-123.144778,49.263609],[-123.1446,49.263607],[-123.1446,49.263607],[-123.144421,49.263604],[-123.144421,49.263604],[-123.144246,49.263601],[-123.144246,49.263601],[-123.14408,49.263598],[-123.14408,49.263598],[-123.143898,49.263595],[-123.143898,49.263595],[-123.143705,49.263592],[-123.143705,49.263592],[-123.143486,49.263312],[-123.143486,49.263312],[-123.143482,49.263433],[-123.143482,49.263433],[-123.14332,49.263274],[-123.14332,49.263274],[-123.143316,49.263385],[-123.143316,49.263385],[-123.143312,49.263485],[-123.143084,49.263582],[-123.143084,49.263582],[-123.14291,49.263579],[-123.14291,49.263579],[-123.142736,49.263576],[-123.142736,49.263576],[-123.142565,49.263574],[-123.142565,49.263574],[-123.142388,49.26357],[-123.142388,49.26357],[-123.142209,49.263568],[-123.142209,49.263568],[-123.142035,49.263565],[-123.142035,49.263565],[-123.141856,49.263562],[-123.141856,49.263562],[-123.141679,49.263559],[-123.141679,49.263559],[-123.141508,49.263557],[-123.141508,49.263557],[-123.141326,49.263554],[-123.141326,49.263554]]}},{"type":"Feature","properties":{"meters":4,"rate":1.5,"len_m":66,"dev_m":12.6,"bent":false},"geometry":{"type":"LineString","coordinates":[[-123.187113,49.263576],[-123.186802,49.263567],[-123.186728,49.263416],[-123.186457,49.263568]]}},{"type":"Feature","properties":{"meters":2,"rate":3.5,"len_m":25,"dev_m":0.0,"bent":false},"geometry":{"type":"LineString","coordinates":[[-123.149444,49.268165],[-123.149219,49.267991]]}},{"type":"Feature","properties":{"meters":6,"rate":3.5,"len_m":121,"dev_m":26.6,"bent":true},"geometry":{"type":"LineString","coordinates":[[-123.161883,49.234742],[-123.161959,49.234608],[-123.16144,49.234848],[-123.161575,49.234597],[-123.161458,49.234501],[-123.16125,49.234493]]}},{"type":"Feature","properties":{"meters":2,"rate":2.0,"len_m":16,"dev_m":0.0,"bent":false},"geometry":{"type":"LineString","coordinates":[[-123.094452,49.283155],[-123.094341,49.283032]]}},{"type":"Feature","properties":{"meters":3,"rate":2.0,"len_m":29,"dev_m":7.0,"bent":false},"geometry":{"type":"LineString","coordinates":[[-123.107774,49.263761],[-123.107558,49.263757],[-123.107586,49.263873]]}},{"type":"Feature","properties":{"meters":46,"rate":1.5,"len_m":574,"dev_m":36.6,"bent":true},"geometry":{"type":"LineString","coordinates":[[-123.167126,49.263973],[-123.167126,49.263973],[-123.166952,49.26397],[-123.166952,49.26397],[-123.166758,49.263967],[-123.166412,49.264373],[-123.166412,49.264373],[-123.166416,49.264263],[-123.166416,49.264263],[-123.166551,49.263815],[-123.166551,49.263815],[-123.166285,49.264123],[-123.166379,49.263817],[-123.166379,49.263817],[-123.166328,49.263713],[-123.166328,49.263713],[-123.166117,49.264122],[-123.166117,49.264122],[-123.166035,49.263956],[-123.166035,49.263956],[-123.16594,49.264119],[-123.16594,49.264119],[-123.165857,49.263953],[-123.165857,49.263953],[-123.165762,49.264116],[-123.165762,49.264116],[-123.165674,49.263951],[-123.165674,49.263951],[-123.16558,49.264113],[-123.16558,49.264113],[-123.16549,49.263947],[-123.165408,49.26411],[-123.165408,49.26411],[-123.165233,49.263943],[-123.165233,49.263943],[-123.164913,49.263938],[-123.164766,49.263792],[-123.164766,49.263792],[-123.164769,49.263683],[-123.164769,49.263683],[-123.164774,49.263579],[-123.164595,49.263829],[-123.164599,49.263727],[-123.164599,49.263727],[-123.164603,49.263616],[-123.164603,49.263616]]}},{"type":"Feature","properties":{"meters":78,"rate":1.5,"len_m":897,"dev_m":38.2,"bent":true},"geometry":{"type":"LineString","coordinates":[[-123.177908,49.264539],[-123.177908,49.264539],[-123.177912,49.264423],[-123.177755,49.2646],[-123.17776,49.264484],[-123.17776,49.264484],[-123.177523,49.264311],[-123.177523,49.264311],[-123.177362,49.264308],[-123.177362,49.264308],[-123.17725,49.264142],[-123.17725,49.264142],[-123.17719,49.264306],[-123.17719,49.264306],[-123.177091,49.26414],[-123.177091,49.26414],[-123.177026,49.264303],[-123.177026,49.264303],[-123.176922,49.264137],[-123.176922,49.264137],[-123.17685,49.2643],[-123.17685,49.2643],[-123.176755,49.264133],[-123.176755,49.264133],[-123.176682,49.264297],[-123.176682,49.264297],[-123.176583,49.264131],[-123.176583,49.264131],[-123.176511,49.264294],[-123.176511,49.264294],[-123.176409,49.264128],[-123.176409,49.264128],[-123.176345,49.264292],[-123.176345,49.264292],[-123.176251,49.26429],[-123.176235,49.264126],[-123.176235,49.264126],[-123.175984,49.264502],[-123.175984,49.264502],[-123.175987,49.264392],[-123.175994,49.263887],[-123.175994,49.263887],[-123.175815,49.264544],[-123.175815,49.264544],[-123.175818,49.264432],[-123.175818,49.264432],[-123.17581,49.263988],[-123.17581,49.263988],[-123.175611,49.26428],[-123.175545,49.264113],[-123.175545,49.264113],[-123.175443,49.264276],[-123.175443,49.264276],[-123.175363,49.26411],[-123.175363,49.26411],[-123.175271,49.264274],[-123.175271,49.264274],[-123.175186,49.264108],[-123.175186,49.264108],[-123.1751,49.264271],[-123.1751,49.264271],[-123.175014,49.264104],[-123.175014,49.264104],[-123.174926,49.264268],[-123.174926,49.264268],[-123.174834,49.264101],[-123.174834,49.264101],[-123.174654,49.264099],[-123.174654,49.264099],[-123.174478,49.264095],[-123.174478,49.264095],[-123.174311,49.264092],[-123.174311,49.264092],[-123.174076,49.263946],[-123.174076,49.263946],[-123.173914,49.263946],[-123.173914,49.263946],[-123.173907,49.263779]]}},{"type":"Feature","properties":{"meters":5,"rate":2.0,"len_m":88,"dev_m":11.0,"bent":false},"geometry":{"type":"LineString","coordinates":[[-123.107394,49.266587],[-123.107202,49.266464],[-123.106794,49.266403],[-123.10679,49.26618],[-123.106612,49.266183]]}},{"type":"Feature","properties":{"meters":4,"rate":2.0,"len_m":62,"dev_m":9.4,"bent":false},"geometry":{"type":"LineString","coordinates":[[-123.109345,49.268228],[-123.109519,49.268043],[-123.109349,49.26803],[-123.109342,49.267804]]}},{"type":"Feature","properties":{"meters":2,"rate":0.75,"len_m":28,"dev_m":0.0,"bent":false},"geometry":{"type":"LineString","coordinates":[[-123.101257,49.247901],[-123.100993,49.247713]]}},{"type":"Feature","properties":{"meters":3,"rate":2.0,"len_m":19,"dev_m":0.0,"bent":false},"geometry":{"type":"LineString","coordinates":[[-123.104953,49.26391],[-123.10476,49.264021],[-123.10476,49.264021]]}},{"type":"Feature","properties":{"meters":2,"rate":5.0,"len_m":18,"dev_m":0.0,"bent":false},"geometry":{"type":"LineString","coordinates":[[-123.124676,49.28929],[-123.124474,49.289382]]}},{"type":"Feature","properties":{"meters":3,"rate":2.0,"len_m":50,"dev_m":1.7,"bent":false},"geometry":{"type":"LineString","coordinates":[[-123.069845,49.264764],[-123.069588,49.264864],[-123.069296,49.265038]]}},{"type":"Feature","properties":{"meters":2,"rate":1.5,"len_m":23,"dev_m":0.0,"bent":false},"geometry":{"type":"LineString","coordinates":[[-123.103031,49.263494],[-123.102858,49.26332]]}},{"type":"Feature","properties":{"meters":3,"rate":2.0,"len_m":30,"dev_m":4.2,"bent":false},"geometry":{"type":"LineString","coordinates":[[-123.125802,49.28515],[-123.125679,49.285073],[-123.125445,49.285096]]}},{"type":"Feature","properties":{"meters":7,"rate":1.5,"len_m":82,"dev_m":8.3,"bent":false},"geometry":{"type":"LineString","coordinates":[[-123.091192,49.224469],[-123.091317,49.224569],[-123.091141,49.224568],[-123.091141,49.224568],[-123.090912,49.224763],[-123.090912,49.224763],[-123.090662,49.224946]]}},{"type":"Feature","properties":{"meters":8,"rate":1.5,"len_m":212,"dev_m":30.5,"bent":true},"geometry":{"type":"LineString","coordinates":[[-123.101878,49.259257],[-123.101515,49.25925],[-123.101408,49.259367],[-123.101274,49.259474],[-123.100961,49.259077],[-123.100925,49.259629],[-123.100847,49.259355],[-123.100818,49.259242]]}},{"type":"Feature","properties":{"meters":2,"rate":3.5,"len_m":25,"dev_m":0.0,"bent":false},"geometry":{"type":"LineString","coordinates":[[-123.146745,49.268123],[-123.146528,49.267948]]}},{"type":"Feature","properties":{"meters":29,"rate":1.5,"len_m":226,"dev_m":22.4,"bent":true},"geometry":{"type":"LineString","coordinates":[[-123.106917,49.262708],[-123.106917,49.262708],[-123.106911,49.262819],[-123.106911,49.262819],[-123.10654,49.262954],[-123.10654,49.262954],[-123.106365,49.26295],[-123.106365,49.26295],[-123.106194,49.262947],[-123.106194,49.262947],[-123.106019,49.262942],[-123.106019,49.262942],[-123.105842,49.262938],[-123.105842,49.262938],[-123.105667,49.262934],[-123.105667,49.262934],[-123.105492,49.26293],[-123.105492,49.26293],[-123.105317,49.262926],[-123.105317,49.262926],[-123.105159,49.262921],[-123.10498,49.262765],[-123.10498,49.262765],[-123.104983,49.262652],[-123.104983,49.262652],[-123.104835,49.262767],[-123.104835,49.262767],[-123.104467,49.262908],[-123.104467,49.262908]]}},{"type":"Feature","properties":{"meters":3,"rate":4.0,"len_m":45,"dev_m":1.0,"bent":false},"geometry":{"type":"LineString","coordinates":[[-123.102655,49.283616],[-123.102268,49.283564],[-123.102065,49.283514]]}},{"type":"Feature","properties":{"meters":5,"rate":1.5,"len_m":30,"dev_m":9.5,"bent":false},"geometry":{"type":"LineString","coordinates":[[-123.090342,49.22731],[-123.090342,49.22731],[-123.090432,49.227418],[-123.090213,49.227416],[-123.090213,49.227416]]}},{"type":"Feature","properties":{"meters":2,"rate":2.0,"len_m":27,"dev_m":0.0,"bent":false},"geometry":{"type":"LineString","coordinates":[[-123.127702,49.277368],[-123.127606,49.2776]]}},{"type":"Feature","properties":{"meters":2,"rate":2.0,"len_m":19,"dev_m":0.0,"bent":false},"geometry":{"type":"LineString","coordinates":[[-123.104128,49.266414],[-123.103927,49.266524]]}},{"type":"Feature","properties":{"meters":4,"rate":2.0,"len_m":24,"dev_m":6.7,"bent":false},"geometry":{"type":"LineString","coordinates":[[-123.104899,49.265028],[-123.104721,49.265082],[-123.104726,49.264992],[-123.104726,49.264992]]}},{"type":"Feature","properties":{"meters":2,"rate":4.0,"len_m":13,"dev_m":0.0,"bent":false},"geometry":{"type":"LineString","coordinates":[[-123.108352,49.283148],[-123.108183,49.283122]]}},{"type":"Feature","properties":{"meters":2,"rate":3.5,"len_m":12,"dev_m":0.0,"bent":false},"geometry":{"type":"LineString","coordinates":[[-123.150441,49.268432],[-123.150275,49.268426]]}},{"type":"Feature","properties":{"meters":5,"rate":2.0,"len_m":50,"dev_m":10.0,"bent":false},"geometry":{"type":"LineString","coordinates":[[-123.097935,49.278605],[-123.097935,49.278605],[-123.097882,49.278484],[-123.097769,49.278603],[-123.097485,49.278595]]}},{"type":"Feature","properties":{"meters":2,"rate":2.5,"len_m":32,"dev_m":0.0,"bent":false},"geometry":{"type":"LineString","coordinates":[[-123.105391,49.277159],[-123.105012,49.277014]]}},{"type":"Feature","properties":{"meters":2,"rate":2.0,"len_m":13,"dev_m":0.0,"bent":false},"geometry":{"type":"LineString","coordinates":[[-123.107664,49.265574],[-123.107629,49.265687]]}},{"type":"Feature","properties":{"meters":12,"rate":3.0,"len_m":329,"dev_m":30.9,"bent":true},"geometry":{"type":"LineString","coordinates":[[-123.069821,49.273008],[-123.069655,49.272788],[-123.06946,49.272764],[-123.06948,49.272482],[-123.069469,49.272404],[-123.069663,49.272359],[-123.069977,49.272196],[-123.069866,49.27219],[-123.069217,49.272181],[-123.069987,49.27209],[-123.069133,49.272098],[-123.069481,49.271977]]}},{"type":"Feature","properties":{"meters":2,"rate":3.5,"len_m":22,"dev_m":0.0,"bent":false},"geometry":{"type":"LineString","coordinates":[[-123.155766,49.232231],[-123.155547,49.232366]]}},{"type":"Feature","properties":{"meters":9,"rate":1.5,"len_m":54,"dev_m":0.1,"bent":false},"geometry":{"type":"LineString","coordinates":[[-123.102795,49.262086],[-123.102614,49.262082],[-123.102614,49.262082],[-123.102429,49.262079],[-123.102429,49.262079],[-123.102246,49.262076],[-123.102246,49.262076],[-123.102052,49.262073],[-123.102052,49.262073]]}},{"type":"Feature","properties":{"meters":6,"rate":1.5,"len_m":124,"dev_m":11.7,"bent":false},"geometry":{"type":"LineString","coordinates":[[-123.211617,49.263944],[-123.211256,49.263786],[-123.211212,49.26394],[-123.210836,49.263781],[-123.210495,49.263774],[-123.21046,49.263928]]}},{"type":"Feature","properties":{"meters":2,"rate":2.0,"len_m":14,"dev_m":0.0,"bent":false},"geometry":{"type":"LineString","coordinates":[[-123.096933,49.283081],[-123.096901,49.283205]]}},{"type":"Feature","properties":{"meters":11,"rate":3.5,"len_m":30,"dev_m":0.0,"bent":false},"geometry":{"type":"LineString","coordinates":[[-123.119302,49.2772],[-123.119302,49.2772],[-123.119245,49.277237],[-123.119245,49.277237],[-123.11919,49.277274],[-123.11919,49.277274],[-123.119134,49.277311],[-123.119134,49.277311],[-123.119078,49.277348],[-123.119078,49.277348],[-123.119012,49.277391]]}},{"type":"Feature","properties":{"meters":4,"rate":3.5,"len_m":64,"dev_m":9.7,"bent":false},"geometry":{"type":"LineString","coordinates":[[-123.12615,49.272252],[-123.125885,49.272329],[-123.126019,49.27258],[-123.125828,49.272575]]}},{"type":"Feature","properties":{"meters":9,"rate":5.5,"len_m":91,"dev_m":0.3,"bent":false},"geometry":{"type":"LineString","coordinates":[[-123.128103,49.264288],[-123.128103,49.264288],[-123.127728,49.264283],[-123.127728,49.264283],[-123.127557,49.26428],[-123.127557,49.26428],[-123.127226,49.264274],[-123.127226,49.264274],[-123.126845,49.264264]]}},{"type":"Feature","properties":{"meters":3,"rate":2.0,"len_m":63,"dev_m":8.3,"bent":false},"geometry":{"type":"LineString","coordinates":[[-123.124302,49.284176],[-123.1239,49.284073],[-123.123735,49.283809]]}},{"type":"Feature","properties":{"meters":7,"rate":5.5,"len_m":40,"dev_m":0.1,"bent":false},"geometry":{"type":"LineString","coordinates":[[-123.117631,49.261523],[-123.117628,49.261641],[-123.117628,49.261641],[-123.117622,49.261757],[-123.117622,49.261757],[-123.117618,49.261882],[-123.117618,49.261882]]}},{"type":"Feature","properties":{"meters":4,"rate":1.5,"len_m":61,"dev_m":12.3,"bent":false},"geometry":{"type":"LineString","coordinates":[[-123.208081,49.263736],[-123.207797,49.263736],[-123.207744,49.263883],[-123.207524,49.263728]]}},{"type":"Feature","properties":{"meters":5,"rate":2.0,"len_m":109,"dev_m":17.5,"bent":true},"geometry":{"type":"LineString","coordinates":[[-123.112077,49.267463],[-123.11239,49.267584],[-123.112264,49.267774],[-123.112261,49.26802],[-123.111824,49.267997]]}},{"type":"Feature","properties":{"meters":2,"rate":1.5,"len_m":24,"dev_m":0.0,"bent":false},"geometry":{"type":"LineString","coordinates":[[-123.204639,49.272539],[-123.204512,49.27234]]}},{"type":"Feature","properties":{"meters":5,"rate":5.5,"len_m":26,"dev_m":0.0,"bent":false},"geometry":{"type":"LineString","coordinates":[[-123.122814,49.263256],[-123.122814,49.263256],[-123.122637,49.263253],[-123.122637,49.263253],[-123.122457,49.26325]]}},{"type":"Feature","properties":{"meters":5,"rate":2.0,"len_m":76,"dev_m":13.2,"bent":false},"geometry":{"type":"LineString","coordinates":[[-123.06984,49.264461],[-123.069597,49.264377],[-123.069371,49.264222],[-123.069446,49.264143],[-123.069605,49.263974]]}},{"type":"Feature","properties":{"meters":2,"rate":1.5,"len_m":19,"dev_m":0.0,"bent":false},"geometry":{"type":"LineString","coordinates":[[-123.128398,49.289761],[-123.128215,49.289884]]}},{"type":"Feature","properties":{"meters":2,"rate":2.5,"len_m":16,"dev_m":0.0,"bent":false},"geometry":{"type":"LineString","coordinates":[[-123.115265,49.27935],[-123.115258,49.279207]]}},{"type":"Feature","properties":{"meters":2,"rate":0.75,"len_m":22,"dev_m":0.0,"bent":false},"geometry":{"type":"LineString","coordinates":[[-123.101462,49.257548],[-123.101338,49.257371]]}},{"type":"Feature","properties":{"meters":2,"rate":5.0,"len_m":16,"dev_m":0.0,"bent":false},"geometry":{"type":"LineString","coordinates":[[-123.11958,49.287201],[-123.119484,49.287329]]}},{"type":"Feature","properties":{"meters":4,"rate":1.5,"len_m":60,"dev_m":4.4,"bent":false},"geometry":{"type":"LineString","coordinates":[[-123.101537,49.257549],[-123.101545,49.257449],[-123.101337,49.257267],[-123.101065,49.257158]]}},{"type":"Feature","properties":{"meters":12,"rate":3.5,"len_m":84,"dev_m":7.6,"bent":false},"geometry":{"type":"LineString","coordinates":[[-123.143296,49.268663],[-123.143296,49.268663],[-123.143301,49.268541],[-123.143301,49.268541],[-123.143309,49.268314],[-123.143309,49.268314],[-123.143125,49.268301],[-123.143125,49.268301],[-123.143314,49.2682],[-123.143314,49.2682],[-123.143128,49.268194],[-123.143128,49.268194]]}},{"type":"Feature","properties":{"meters":5,"rate":1.5,"len_m":78,"dev_m":5.3,"bent":false},"geometry":{"type":"LineString","coordinates":[[-123.057902,49.281511],[-123.05775,49.281491],[-123.057706,49.281339],[-123.057496,49.281238],[-123.057161,49.281067]]}},{"type":"Feature","properties":{"meters":8,"rate":1.5,"len_m":36,"dev_m":6.6,"bent":false},"geometry":{"type":"LineString","coordinates":[[-123.109536,49.262749],[-123.109536,49.262749],[-123.109393,49.262771],[-123.109393,49.262771],[-123.109531,49.262873],[-123.109531,49.262873],[-123.109388,49.262878],[-123.109388,49.262878]]}},{"type":"Feature","properties":{"meters":14,"rate":2.0,"len_m":111,"dev_m":16.0,"bent":true},"geometry":{"type":"LineString","coordinates":[[-123.143177,49.26691],[-123.143177,49.26691],[-123.143017,49.267172],[-123.142948,49.267061],[-123.142948,49.267061],[-123.142781,49.267057],[-123.142781,49.267057],[-123.142838,49.267169],[-123.142838,49.267169],[-123.142661,49.267166],[-123.142661,49.267166],[-123.142485,49.267164],[-123.142485,49.267164],[-123.142354,49.267051]]}},{"type":"Feature","properties":{"meters":13,"rate":1.5,"len_m":102,"dev_m":12.5,"bent":false},"geometry":{"type":"LineString","coordinates":[[-123.169801,49.264181],[-123.169801,49.264181],[-123.169634,49.264179],[-123.169634,49.264179],[-123.169729,49.264017],[-123.169729,49.264017],[-123.169467,49.264177],[-123.169467,49.264177],[-123.169545,49.264014],[-123.169545,49.264014],[-123.169369,49.264011],[-123.169369,49.264011],[-123.169193,49.264007]]}},{"type":"Feature","properties":{"meters":6,"rate":4.5,"len_m":39,"dev_m":0.0,"bent":false},"geometry":{"type":"LineString","coordinates":[[-123.139595,49.259892],[-123.139595,49.259892],[-123.139232,49.259886],[-123.139232,49.259886],[-123.139057,49.259883],[-123.139057,49.259883]]}},{"type":"Feature","properties":{"meters":2,"rate":5.0,"len_m":14,"dev_m":0.0,"bent":false},"geometry":{"type":"LineString","coordinates":[[-123.110648,49.282408],[-123.110471,49.28237]]}},{"type":"Feature","properties":{"meters":5,"rate":4.5,"len_m":25,"dev_m":5.6,"bent":false},"geometry":{"type":"LineString","coordinates":[[-123.139164,49.261777],[-123.139156,49.261668],[-123.139156,49.261668],[-123.138981,49.261664],[-123.138981,49.261664]]}},{"type":"Feature","properties":{"meters":4,"rate":4.0,"len_m":71,"dev_m":13.0,"bent":false},"geometry":{"type":"LineString","coordinates":[[-123.103738,49.283411],[-123.103414,49.283322],[-123.103218,49.283505],[-123.103189,49.283318]]}},{"type":"Feature","properties":{"meters":3,"rate":1.5,"len_m":23,"dev_m":5.6,"bent":false},"geometry":{"type":"LineString","coordinates":[[-123.101677,49.246033],[-123.101535,49.246035],[-123.101576,49.245926]]}},{"type":"Feature","properties":{"meters":3,"rate":5.5,"len_m":12,"dev_m":0.0,"bent":false},"geometry":{"type":"LineString","coordinates":[[-123.128859,49.26456],[-123.128859,49.26456],[-123.128855,49.264664]]}},{"type":"Feature","properties":{"meters":7,"rate":2.0,"len_m":39,"dev_m":0.0,"bent":false},"geometry":{"type":"LineString","coordinates":[[-123.144135,49.26719],[-123.143955,49.267188],[-123.143955,49.267188],[-123.143776,49.267185],[-123.143776,49.267185],[-123.143597,49.267182],[-123.143597,49.267182]]}},{"type":"Feature","properties":{"meters":10,"rate":5.5,"len_m":68,"dev_m":7.7,"bent":false},"geometry":{"type":"LineString","coordinates":[[-123.124389,49.26034],[-123.124389,49.26034],[-123.124221,49.260354],[-123.124393,49.260232],[-123.124226,49.260245],[-123.124226,49.260245],[-123.124229,49.260134],[-123.124229,49.260134],[-123.124234,49.260023],[-123.124234,49.260023]]}},{"type":"Feature","properties":{"meters":5,"rate":1.5,"len_m":66,"dev_m":12.2,"bent":false},"geometry":{"type":"LineString","coordinates":[[-123.090782,49.228809],[-123.090541,49.228808],[-123.090796,49.228669],[-123.090563,49.228508],[-123.090563,49.228508]]}},{"type":"Feature","properties":{"meters":7,"rate":2.5,"len_m":53,"dev_m":0.0,"bent":false},"geometry":{"type":"LineString","coordinates":[[-123.143281,49.269072],[-123.143276,49.269185],[-123.143276,49.269185],[-123.143267,49.269428],[-123.143267,49.269428],[-123.143262,49.269551],[-123.143262,49.269551]]}},{"type":"Feature","properties":{"meters":10,"rate":6.5,"len_m":70,"dev_m":9.3,"bent":false},"geometry":{"type":"LineString","coordinates":[[-123.115136,49.283079],[-123.115136,49.283079],[-123.115016,49.283157],[-123.115016,49.283157],[-123.114895,49.283237],[-123.114895,49.283237],[-123.114777,49.283315],[-123.114777,49.283315],[-123.114606,49.28343],[-123.114729,49.283537]]}},{"type":"Feature","properties":{"meters":4,"rate":3.5,"len_m":48,"dev_m":7.6,"bent":false},"geometry":{"type":"LineString","coordinates":[[-123.119727,49.277506],[-123.119872,49.277575],[-123.11959,49.277599],[-123.119688,49.277708]]}},{"type":"Feature","properties":{"meters":2,"rate":2.0,"len_m":0,"dev_m":0.0,"bent":false},"geometry":{"type":"LineString","coordinates":[[-123.099923,49.278954],[-123.099923,49.278954]]}},{"type":"Feature","properties":{"meters":7,"rate":5.0,"len_m":62,"dev_m":6.3,"bent":false},"geometry":{"type":"LineString","coordinates":[[-123.120822,49.288166],[-123.120545,49.288214],[-123.120545,49.288214],[-123.120225,49.28812],[-123.120225,49.28812],[-123.120031,49.288061],[-123.120031,49.288061]]}},{"type":"Feature","properties":{"meters":11,"rate":2.0,"len_m":71,"dev_m":0.1,"bent":false},"geometry":{"type":"LineString","coordinates":[[-123.142355,49.264517],[-123.142355,49.264517],[-123.142206,49.264515],[-123.141919,49.26451],[-123.141919,49.26451],[-123.141737,49.264507],[-123.141737,49.264507],[-123.141556,49.264504],[-123.141556,49.264504],[-123.141378,49.264501],[-123.141378,49.264501]]}},{"type":"Feature","properties":{"meters":2,"rate":3.5,"len_m":25,"dev_m":0.0,"bent":false},"geometry":{"type":"LineString","coordinates":[[-123.160071,49.23388],[-123.159878,49.233692]]}},{"type":"Feature","properties":{"meters":2,"rate":3.5,"len_m":15,"dev_m":0.0,"bent":false},"geometry":{"type":"LineString","coordinates":[[-123.160082,49.233233],[-123.15989,49.233179]]}},{"type":"Feature","properties":{"meters":6,"rate":2.0,"len_m":26,"dev_m":0.0,"bent":false},"geometry":{"type":"LineString","coordinates":[[-123.135691,49.265252],[-123.135691,49.265252],[-123.135511,49.265249],[-123.135511,49.265249],[-123.135332,49.265247],[-123.135332,49.265247]]}},{"type":"Feature","properties":{"meters":2,"rate":1.5,"len_m":19,"dev_m":0.0,"bent":false},"geometry":{"type":"LineString","coordinates":[[-123.10088,49.284075],[-123.100659,49.283987]]}},{"type":"Feature","properties":{"meters":5,"rate":2.0,"len_m":24,"dev_m":5.6,"bent":false},"geometry":{"type":"LineString","coordinates":[[-123.155373,49.264161],[-123.155373,49.264161],[-123.155203,49.264163],[-123.155203,49.264163],[-123.155198,49.264271]]}},{"type":"Feature","properties":{"meters":2,"rate":1.5,"len_m":28,"dev_m":0.0,"bent":false},"geometry":{"type":"LineString","coordinates":[[-123.133368,49.292751],[-123.133271,49.292998]]}},{"type":"Feature","properties":{"meters":3,"rate":6.5,"len_m":35,"dev_m":7.5,"bent":false},"geometry":{"type":"LineString","coordinates":[[-123.116564,49.280857],[-123.116366,49.28099],[-123.116553,49.281043]]}},{"type":"Feature","properties":{"meters":2,"rate":2.0,"len_m":14,"dev_m":0.0,"bent":false},"geometry":{"type":"LineString","coordinates":[[-123.111859,49.263957],[-123.111777,49.263838]]}},{"type":"Feature","properties":{"meters":5,"rate":2.0,"len_m":23,"dev_m":0.0,"bent":false},"geometry":{"type":"LineString","coordinates":[[-123.141157,49.262809],[-123.141152,49.262908],[-123.141152,49.262908],[-123.141148,49.263018],[-123.141148,49.263018]]}},{"type":"Feature","properties":{"meters":5,"rate":5.5,"len_m":28,"dev_m":0.0,"bent":false},"geometry":{"type":"LineString","coordinates":[[-123.126207,49.264255],[-123.126207,49.264255],[-123.126015,49.264252],[-123.126015,49.264252],[-123.12582,49.264249]]}},{"type":"Feature","properties":{"meters":4,"rate":1.5,"len_m":73,"dev_m":11.7,"bent":false},"geometry":{"type":"LineString","coordinates":[[-123.033331,49.232526],[-123.032948,49.232502],[-123.032861,49.232725],[-123.032655,49.232618]]}},{"type":"Feature","properties":{"meters":5,"rate":5.0,"len_m":34,"dev_m":4.2,"bent":false},"geometry":{"type":"LineString","coordinates":[[-123.122817,49.280597],[-123.122847,49.280745],[-123.122847,49.280745],[-123.122688,49.280859],[-123.122688,49.280859]]}},{"type":"Feature","properties":{"meters":2,"rate":3.5,"len_m":14,"dev_m":0.0,"bent":false},"geometry":{"type":"LineString","coordinates":[[-123.157808,49.232812],[-123.157773,49.232687]]}},{"type":"Feature","properties":{"meters":2,"rate":2.0,"len_m":23,"dev_m":0.0,"bent":false},"geometry":{"type":"LineString","coordinates":[[-123.13318,49.275008],[-123.133139,49.275216]]}},{"type":"Feature","properties":{"meters":8,"rate":5.5,"len_m":57,"dev_m":0.0,"bent":false},"geometry":{"type":"LineString","coordinates":[[-123.119862,49.261623],[-123.119862,49.261623],[-123.119858,49.261746],[-123.119858,49.261746],[-123.119848,49.262026],[-123.119848,49.262026],[-123.119843,49.262139],[-123.119843,49.262139]]}},{"type":"Feature","properties":{"meters":2,"rate":1.5,"len_m":0,"dev_m":0.0,"bent":false},"geometry":{"type":"LineString","coordinates":[[-123.100273,49.263514],[-123.100273,49.263514]]}},{"type":"Feature","properties":{"meters":3,"rate":5.5,"len_m":19,"dev_m":0.0,"bent":false},"geometry":{"type":"LineString","coordinates":[[-123.123207,49.262445],[-123.122941,49.262441],[-123.122941,49.262441]]}},{"type":"Feature","properties":{"meters":9,"rate":2.0,"len_m":54,"dev_m":0.1,"bent":false},"geometry":{"type":"LineString","coordinates":[[-123.142689,49.265369],[-123.142689,49.265369],[-123.142517,49.265365],[-123.142517,49.265365],[-123.142283,49.265362],[-123.142283,49.265362],[-123.142108,49.265359],[-123.142108,49.265359],[-123.141947,49.265357]]}},{"type":"Feature","properties":{"meters":3,"rate":2.0,"len_m":24,"dev_m":4.9,"bent":false},"geometry":{"type":"LineString","coordinates":[[-123.131477,49.280286],[-123.131578,49.28022],[-123.131468,49.280121]]}},{"type":"Feature","properties":{"meters":3,"rate":2.0,"len_m":52,"dev_m":8.0,"bent":false},"geometry":{"type":"LineString","coordinates":[[-123.11048,49.267546],[-123.11009,49.267429],[-123.109857,49.267535]]}},{"type":"Feature","properties":{"meters":10,"rate":3.5,"len_m":165,"dev_m":21.7,"bent":true},"geometry":{"type":"LineString","coordinates":[[-123.159081,49.234699],[-123.158989,49.234565],[-123.158923,49.234564],[-123.158638,49.234406],[-123.158452,49.234439],[-123.158373,49.234684],[-123.157934,49.234677],[-123.157832,49.234784],[-123.157834,49.234919],[-123.157665,49.234868]]}},{"type":"Feature","properties":{"meters":2,"rate":3.5,"len_m":15,"dev_m":0.0,"bent":false},"geometry":{"type":"LineString","coordinates":[[-123.156128,49.233677],[-123.156127,49.233544]]}},{"type":"Feature","properties":{"meters":3,"rate":3.0,"len_m":37,"dev_m":2.7,"bent":false},"geometry":{"type":"LineString","coordinates":[[-123.069966,49.271379],[-123.069946,49.271463],[-123.069677,49.271634]]}},{"type":"Feature","properties":{"meters":3,"rate":3.0,"len_m":39,"dev_m":8.1,"bent":false},"geometry":{"type":"LineString","coordinates":[[-123.069647,49.273348],[-123.069666,49.273562],[-123.069452,49.27356]]}},{"type":"Feature","properties":{"meters":11,"rate":3.0,"len_m":261,"dev_m":33.4,"bent":true},"geometry":{"type":"LineString","coordinates":[[-123.069246,49.273902],[-123.069932,49.273996],[-123.069179,49.273908],[-123.069146,49.273991],[-123.069436,49.274163],[-123.069632,49.274189],[-123.069654,49.274466],[-123.069428,49.274657],[-123.069232,49.274814],[-123.069061,49.274815],[-123.069049,49.274895]]}},{"type":"Feature","properties":{"meters":2,"rate":2.0,"len_m":14,"dev_m":0.0,"bent":false},"geometry":{"type":"LineString","coordinates":[[-123.096069,49.283188],[-123.096064,49.283063]]}},{"type":"Feature","properties":{"meters":4,"rate":5.5,"len_m":12,"dev_m":0.0,"bent":false},"geometry":{"type":"LineString","coordinates":[[-123.131288,49.2631],[-123.131288,49.2631],[-123.131284,49.263212],[-123.131284,49.263212]]}},{"type":"Feature","properties":{"meters":8,"rate":2.0,"len_m":44,"dev_m":10.0,"bent":false},"geometry":{"type":"LineString","coordinates":[[-123.138138,49.265403],[-123.138138,49.265403],[-123.137961,49.2654],[-123.137961,49.2654],[-123.137961,49.26528],[-123.137961,49.26528],[-123.137783,49.265397],[-123.137783,49.265397]]}},{"type":"Feature","properties":{"meters":7,"rate":5.5,"len_m":56,"dev_m":0.1,"bent":false},"geometry":{"type":"LineString","coordinates":[[-123.121059,49.2624],[-123.120761,49.262395],[-123.120761,49.262395],[-123.12052,49.262393],[-123.12052,49.262393],[-123.120283,49.262388],[-123.120283,49.262388]]}},{"type":"Feature","properties":{"meters":2,"rate":1.5,"len_m":20,"dev_m":0.0,"bent":false},"geometry":{"type":"LineString","coordinates":[[-123.05525,49.281059],[-123.055158,49.28123]]}},{"type":"Feature","properties":{"meters":2,"rate":1.5,"len_m":15,"dev_m":0.0,"bent":false},"geometry":{"type":"LineString","coordinates":[[-123.116102,49.256431],[-123.115902,49.256441]]}},{"type":"Feature","properties":{"meters":2,"rate":2.0,"len_m":18,"dev_m":0.0,"bent":false},"geometry":{"type":"LineString","coordinates":[[-123.121036,49.279351],[-123.121024,49.279186]]}},{"type":"Feature","properties":{"meters":16,"rate":1.5,"len_m":339,"dev_m":28.2,"bent":true},"geometry":{"type":"LineString","coordinates":[[-123.101339,49.246934],[-123.10105,49.247058],[-123.101484,49.247181],[-123.101456,49.24728],[-123.101023,49.247369],[-123.101296,49.247418],[-123.100809,49.247527],[-123.100805,49.247633],[-123.10127,49.247712],[-123.100985,49.247797],[-123.100977,49.247883],[-123.10138,49.247947],[-123.101553,49.248039],[-123.101373,49.248037],[-123.101228,49.248169],[-123.100949,49.248205]]}},{"type":"Feature","properties":{"meters":2,"rate":2.0,"len_m":28,"dev_m":0.0,"bent":false},"geometry":{"type":"LineString","coordinates":[[-123.13568,49.283376],[-123.135578,49.283133]]}},{"type":"Feature","properties":{"meters":4,"rate":1.5,"len_m":13,"dev_m":0.0,"bent":false},"geometry":{"type":"LineString","coordinates":[[-123.100442,49.264553],[-123.100442,49.264553],[-123.100268,49.26455],[-123.100268,49.26455]]}},{"type":"Feature","properties":{"meters":2,"rate":2.0,"len_m":24,"dev_m":0.0,"bent":false},"geometry":{"type":"LineString","coordinates":[[-123.123157,49.277341],[-123.123091,49.277131]]}},{"type":"Feature","properties":{"meters":7,"rate":2.0,"len_m":42,"dev_m":9.1,"bent":false},"geometry":{"type":"LineString","coordinates":[[-123.153049,49.263212],[-123.153049,49.263212],[-123.153054,49.263103],[-123.152857,49.263181],[-123.152857,49.263181],[-123.152861,49.263066],[-123.152861,49.263066]]}},{"type":"Feature","properties":{"meters":8,"rate":1.5,"len_m":34,"dev_m":5.3,"bent":false},"geometry":{"type":"LineString","coordinates":[[-123.111036,49.262787],[-123.111036,49.262787],[-123.110891,49.262787],[-123.110891,49.262787],[-123.110887,49.262902],[-123.110887,49.262902],[-123.111031,49.262907],[-123.111031,49.262907]]}},{"type":"Feature","properties":{"meters":10,"rate":2.0,"len_m":81,"dev_m":12.9,"bent":false},"geometry":{"type":"LineString","coordinates":[[-123.145863,49.264361],[-123.145857,49.264473],[-123.145857,49.264473],[-123.146094,49.264578],[-123.146094,49.264578],[-123.14585,49.264757],[-123.145844,49.264842],[-123.145844,49.264842],[-123.145844,49.264944],[-123.145844,49.264944]]}},{"type":"Feature","properties":{"meters":16,"rate":5.5,"len_m":133,"dev_m":18.4,"bent":true},"geometry":{"type":"LineString","coordinates":[[-123.122313,49.264198],[-123.122313,49.264198],[-123.122119,49.264195],[-123.122119,49.264195],[-123.12188,49.264058],[-123.121714,49.264037],[-123.121714,49.264037],[-123.121719,49.263921],[-123.121719,49.263921],[-123.121889,49.263813],[-123.121889,49.263813],[-123.121894,49.263696],[-123.121894,49.263696],[-123.121732,49.263689],[-123.121898,49.26358],[-123.121735,49.263564]]}},{"type":"Feature","properties":{"meters":4,"rate":2.5,"len_m":33,"dev_m":7.5,"bent":false},"geometry":{"type":"LineString","coordinates":[[-123.112993,49.279047],[-123.112993,49.279047],[-123.112863,49.278964],[-123.112633,49.279066]]}},{"type":"Feature","properties":{"meters":2,"rate":2.0,"len_m":26,"dev_m":0.0,"bent":false},"geometry":{"type":"LineString","coordinates":[[-123.09916,49.279538],[-123.09887,49.279398]]}},{"type":"Feature","properties":{"meters":2,"rate":3.5,"len_m":28,"dev_m":0.0,"bent":false},"geometry":{"type":"LineString","coordinates":[[-123.122388,49.276691],[-123.122021,49.276607]]}},{"type":"Feature","properties":{"meters":4,"rate":2.5,"len_m":74,"dev_m":9.0,"bent":false},"geometry":{"type":"LineString","coordinates":[[-123.113197,49.281991],[-123.112798,49.282101],[-123.112858,49.282218],[-123.112574,49.282404]]}},{"type":"Feature","properties":{"meters":3,"rate":6.5,"len_m":20,"dev_m":0.0,"bent":false},"geometry":{"type":"LineString","coordinates":[[-123.118897,49.283365],[-123.118897,49.283365],[-123.118701,49.283492]]}},{"type":"Feature","properties":{"meters":2,"rate":1.5,"len_m":22,"dev_m":0.0,"bent":false},"geometry":{"type":"LineString","coordinates":[[-123.128872,49.290254],[-123.128572,49.290294]]}},{"type":"Feature","properties":{"meters":2,"rate":2.0,"len_m":14,"dev_m":0.0,"bent":false},"geometry":{"type":"LineString","coordinates":[[-123.139044,49.285379],[-123.138963,49.28549]]}},{"type":"Feature","properties":{"meters":3,"rate":2.0,"len_m":49,"dev_m":0.1,"bent":false},"geometry":{"type":"LineString","coordinates":[[-123.104133,49.264708],[-123.103811,49.264703],[-123.10346,49.264696]]}},{"type":"Feature","properties":{"meters":27,"rate":5.5,"len_m":194,"dev_m":31.0,"bent":true},"geometry":{"type":"LineString","coordinates":[[-123.129054,49.264158],[-123.129054,49.264158],[-123.129057,49.264048],[-123.129057,49.264048],[-123.129063,49.263808],[-123.129063,49.263808],[-123.129066,49.263692],[-123.129066,49.263692],[-123.128892,49.263809],[-123.128892,49.263809],[-123.128896,49.263695],[-123.128896,49.263695],[-123.128758,49.263555],[-123.128601,49.263552],[-123.128601,49.263552],[-123.12843,49.26355],[-123.12843,49.26355],[-123.128252,49.263546],[-123.128252,49.263546],[-123.128028,49.263547],[-123.128028,49.263547],[-123.12784,49.263541],[-123.12784,49.263541],[-123.127661,49.263536],[-123.127661,49.263536],[-123.127482,49.263536],[-123.127482,49.263536]]}},{"type":"Feature","properties":{"meters":2,"rate":1.5,"len_m":0,"dev_m":0.0,"bent":false},"geometry":{"type":"LineString","coordinates":[[-123.091018,49.22925],[-123.091018,49.22925]]}},{"type":"Feature","properties":{"meters":5,"rate":3.5,"len_m":49,"dev_m":4.3,"bent":false},"geometry":{"type":"LineString","coordinates":[[-123.122953,49.274763],[-123.122953,49.274763],[-123.122903,49.274796],[-123.122554,49.274695],[-123.12234,49.274737]]}},{"type":"Feature","properties":{"meters":3,"rate":3.5,"len_m":28,"dev_m":7.0,"bent":false},"geometry":{"type":"LineString","coordinates":[[-123.155712,49.233176],[-123.155714,49.233293],[-123.155508,49.233257]]}},{"type":"Feature","properties":{"meters":6,"rate":1.5,"len_m":80,"dev_m":10.9,"bent":false},"geometry":{"type":"LineString","coordinates":[[-123.101512,49.25021],[-123.101512,49.25021],[-123.101342,49.250208],[-123.101146,49.250137],[-123.101144,49.249858],[-123.100882,49.249798]]}},{"type":"Feature","properties":{"meters":5,"rate":1.5,"len_m":82,"dev_m":9.9,"bent":false},"geometry":{"type":"LineString","coordinates":[[-123.115557,49.254169],[-123.115323,49.254268],[-123.115059,49.254156],[-123.114736,49.254007],[-123.114755,49.253916]]}},{"type":"Feature","properties":{"meters":2,"rate":2.0,"len_m":0,"dev_m":0.0,"bent":false},"geometry":{"type":"LineString","coordinates":[[-123.145084,49.267095],[-123.145084,49.267095]]}},{"type":"Feature","properties":{"meters":4,"rate":2.0,"len_m":71,"dev_m":0.4,"bent":false},"geometry":{"type":"LineString","coordinates":[[-123.130229,49.274103],[-123.130016,49.274159],[-123.129674,49.274238],[-123.129306,49.274315]]}},{"type":"Feature","properties":{"meters":2,"rate":1.5,"len_m":14,"dev_m":0.0,"bent":false},"geometry":{"type":"LineString","coordinates":[[-123.130838,49.288419],[-123.13074,49.288529]]}},{"type":"Feature","properties":{"meters":2,"rate":3.5,"len_m":0,"dev_m":0.0,"bent":false},"geometry":{"type":"LineString","coordinates":[[-123.124245,49.273702],[-123.124245,49.273702]]}},{"type":"Feature","properties":{"meters":2,"rate":1.5,"len_m":29,"dev_m":0.0,"bent":false},"geometry":{"type":"LineString","coordinates":[[-123.12894,49.287184],[-123.128769,49.28695]]}},{"type":"Feature","properties":{"meters":5,"rate":2.0,"len_m":25,"dev_m":7.2,"bent":false},"geometry":{"type":"LineString","coordinates":[[-123.113537,49.267824],[-123.113537,49.267824],[-123.11344,49.26774],[-123.113304,49.267818],[-123.113304,49.267818]]}},{"type":"Feature","properties":{"meters":3,"rate":3.0,"len_m":42,"dev_m":5.0,"bent":false},"geometry":{"type":"LineString","coordinates":[[-123.139477,49.288891],[-123.139467,49.289175],[-123.13933,49.289167]]}},{"type":"Feature","properties":{"meters":4,"rate":4.0,"len_m":50,"dev_m":11.2,"bent":false},"geometry":{"type":"LineString","coordinates":[[-123.106408,49.282791],[-123.105997,49.282857],[-123.105882,49.282699],[-123.105882,49.282699]]}},{"type":"Feature","properties":{"meters":2,"rate":2.0,"len_m":24,"dev_m":0.0,"bent":false},"geometry":{"type":"LineString","coordinates":[[-123.0987,49.278501],[-123.09842,49.278612]]}},{"type":"Feature","properties":{"meters":2,"rate":3.5,"len_m":12,"dev_m":0.0,"bent":false},"geometry":{"type":"LineString","coordinates":[[-123.115998,49.273131],[-123.115829,49.27313]]}},{"type":"Feature","properties":{"meters":2,"rate":2.0,"len_m":15,"dev_m":0.0,"bent":false},"geometry":{"type":"LineString","coordinates":[[-123.130178,49.279636],[-123.129982,49.279686]]}},{"type":"Feature","properties":{"meters":2,"rate":1.5,"len_m":17,"dev_m":0.0,"bent":false},"geometry":{"type":"LineString","coordinates":[[-123.097758,49.28272],[-123.097579,49.282625]]}},{"type":"Feature","properties":{"meters":6,"rate":5.5,"len_m":25,"dev_m":0.0,"bent":false},"geometry":{"type":"LineString","coordinates":[[-123.12653,49.261744],[-123.12653,49.261744],[-123.126526,49.261854],[-123.126526,49.261854],[-123.126522,49.261966],[-123.126522,49.261966]]}},{"type":"Feature","properties":{"meters":2,"rate":6.5,"len_m":17,"dev_m":0.0,"bent":false},"geometry":{"type":"LineString","coordinates":[[-123.118699,49.27964],[-123.118628,49.279496]]}},{"type":"Feature","properties":{"meters":2,"rate":3.5,"len_m":12,"dev_m":0.0,"bent":false},"geometry":{"type":"LineString","coordinates":[[-123.159951,49.268509],[-123.159781,49.268508]]}},{"type":"Feature","properties":{"meters":2,"rate":2.5,"len_m":16,"dev_m":0.0,"bent":false},"geometry":{"type":"LineString","coordinates":[[-123.118128,49.278742],[-123.117911,49.278707]]}},{"type":"Feature","properties":{"meters":5,"rate":1.5,"len_m":80,"dev_m":8.0,"bent":false},"geometry":{"type":"LineString","coordinates":[[-123.11567,49.255941],[-123.11551,49.255907],[-123.115555,49.256024],[-123.115262,49.256181],[-123.114939,49.256292]]}},{"type":"Feature","properties":{"meters":3,"rate":6.5,"len_m":47,"dev_m":7.9,"bent":false},"geometry":{"type":"LineString","coordinates":[[-123.121635,49.282829],[-123.121354,49.283017],[-123.121124,49.282954]]}},{"type":"Feature","properties":{"meters":2,"rate":3.5,"len_m":19,"dev_m":0.0,"bent":false},"geometry":{"type":"LineString","coordinates":[[-123.151842,49.268032],[-123.151766,49.2682]]}},{"type":"Feature","properties":{"meters":11,"rate":3.0,"len_m":215,"dev_m":28.5,"bent":true},"geometry":{"type":"LineString","coordinates":[[-123.06951,49.270282],[-123.069312,49.270467],[-123.06897,49.270466],[-123.069246,49.270554],[-123.069506,49.27074],[-123.069693,49.270873],[-123.069496,49.271055],[-123.06926,49.271238],[-123.069153,49.271243],[-123.06932,49.271349],[-123.069065,49.271351]]}},{"type":"Feature","properties":{"meters":2,"rate":5.0,"len_m":17,"dev_m":0.0,"bent":false},"geometry":{"type":"LineString","coordinates":[[-123.127192,49.287438],[-123.126969,49.287489]]}},{"type":"Feature","properties":{"meters":5,"rate":1.5,"len_m":87,"dev_m":11.3,"bent":false},"geometry":{"type":"LineString","coordinates":[[-123.205314,49.263847],[-123.205285,49.263694],[-123.204862,49.263687],[-123.204673,49.263684],[-123.204411,49.263835]]}},{"type":"Feature","properties":{"meters":3,"rate":1.5,"len_m":19,"dev_m":0.0,"bent":false},"geometry":{"type":"LineString","coordinates":[[-123.093615,49.271275],[-123.093377,49.271208],[-123.093377,49.271208]]}},{"type":"Feature","properties":{"meters":2,"rate":1.5,"len_m":14,"dev_m":0.0,"bent":false},"geometry":{"type":"LineString","coordinates":[[-123.101177,49.267266],[-123.101069,49.267375]]}},{"type":"Feature","properties":{"meters":2,"rate":1.5,"len_m":13,"dev_m":0.0,"bent":false},"geometry":{"type":"LineString","coordinates":[[-123.127228,49.28979],[-123.127051,49.289758]]}},{"type":"Feature","properties":{"meters":3,"rate":2.0,"len_m":56,"dev_m":9.0,"bent":false},"geometry":{"type":"LineString","coordinates":[[-123.134397,49.282364],[-123.134022,49.282294],[-123.133913,49.282052]]}},{"type":"Feature","properties":{"meters":2,"rate":2.0,"len_m":18,"dev_m":0.0,"bent":false},"geometry":{"type":"LineString","coordinates":[[-123.108558,49.268415],[-123.108382,49.268299]]}},{"type":"Feature","properties":{"meters":2,"rate":1.5,"len_m":23,"dev_m":0.0,"bent":false},"geometry":{"type":"LineString","coordinates":[[-123.101343,49.255167],[-123.101105,49.255305]]}},{"type":"Feature","properties":{"meters":3,"rate":2.0,"len_m":26,"dev_m":5.8,"bent":false},"geometry":{"type":"LineString","coordinates":[[-123.125494,49.282326],[-123.12535,49.282239],[-123.125455,49.282161]]}},{"type":"Feature","properties":{"meters":2,"rate":1.5,"len_m":15,"dev_m":0.0,"bent":false},"geometry":{"type":"LineString","coordinates":[[-123.1266,49.289256],[-123.12653,49.289387]]}},{"type":"Feature","properties":{"meters":2,"rate":2.0,"len_m":15,"dev_m":0.0,"bent":false},"geometry":{"type":"LineString","coordinates":[[-123.081358,49.281428],[-123.081192,49.281511]]}},{"type":"Feature","properties":{"meters":11,"rate":3.5,"len_m":292,"dev_m":27.6,"bent":true},"geometry":{"type":"LineString","coordinates":[[-123.120898,49.276733],[-123.121067,49.276624],[-123.12147,49.276529],[-123.121422,49.276391],[-123.121412,49.27622],[-123.120771,49.276214],[-123.121294,49.276145],[-123.120832,49.276166],[-123.120832,49.276166],[-123.121484,49.276096],[-123.120906,49.276117]]}},{"type":"Feature","properties":{"meters":2,"rate":2.0,"len_m":22,"dev_m":0.0,"bent":false},"geometry":{"type":"LineString","coordinates":[[-123.106797,49.271159],[-123.106522,49.271068]]}},{"type":"Feature","properties":{"meters":3,"rate":2.0,"len_m":46,"dev_m":9.0,"bent":false},"geometry":{"type":"LineString","coordinates":[[-123.099036,49.280313],[-123.09881,49.280431],[-123.098526,49.280304]]}},{"type":"Feature","properties":{"meters":8,"rate":2.0,"len_m":36,"dev_m":0.1,"bent":false},"geometry":{"type":"LineString","coordinates":[[-123.14554,49.266614],[-123.14554,49.266614],[-123.145534,49.266725],[-123.145534,49.266725],[-123.145526,49.266833],[-123.145526,49.266833],[-123.145513,49.266937],[-123.145513,49.266937]]}},{"type":"Feature","properties":{"meters":2,"rate":2.0,"len_m":21,"dev_m":0.0,"bent":false},"geometry":{"type":"LineString","coordinates":[[-123.10336,49.267417],[-123.103138,49.267299]]}},{"type":"Feature","properties":{"meters":3,"rate":2.0,"len_m":52,"dev_m":0.0,"bent":false},"geometry":{"type":"LineString","coordinates":[[-123.131637,49.277325],[-123.131393,49.277486],[-123.131138,49.277656]]}},{"type":"Feature","properties":{"meters":2,"rate":2.0,"len_m":25,"dev_m":0.0,"bent":false},"geometry":{"type":"LineString","coordinates":[[-123.097218,49.278895],[-123.097036,49.279081]]}},{"type":"Feature","properties":{"meters":4,"rate":5.5,"len_m":13,"dev_m":0.0,"bent":false},"geometry":{"type":"LineString","coordinates":[[-123.121934,49.262586],[-123.121934,49.262586],[-123.121931,49.262704],[-123.121931,49.262704]]}},{"type":"Feature","properties":{"meters":2,"rate":2.0,"len_m":15,"dev_m":0.0,"bent":false},"geometry":{"type":"LineString","coordinates":[[-123.103665,49.265616],[-123.103571,49.265499]]}},{"type":"Feature","properties":{"meters":2,"rate":0.75,"len_m":28,"dev_m":0.0,"bent":false},"geometry":{"type":"LineString","coordinates":[[-123.102825,49.263855],[-123.102555,49.263672]]}},{"type":"Feature","properties":{"meters":2,"rate":2.0,"len_m":0,"dev_m":0.0,"bent":false},"geometry":{"type":"LineString","coordinates":[[-123.113851,49.266711],[-123.113851,49.266711]]}},{"type":"Feature","properties":{"meters":2,"rate":2.0,"len_m":26,"dev_m":0.0,"bent":false},"geometry":{"type":"LineString","coordinates":[[-123.099961,49.278206],[-123.099626,49.278137]]}},{"type":"Feature","properties":{"meters":17,"rate":2.0,"len_m":120,"dev_m":8.0,"bent":false},"geometry":{"type":"LineString","coordinates":[[-123.14557,49.265188],[-123.14557,49.265188],[-123.145568,49.265292],[-123.145568,49.265292],[-123.145179,49.265402],[-123.145179,49.265402],[-123.144999,49.265398],[-123.144999,49.265398],[-123.144818,49.265395],[-123.144818,49.265395],[-123.144637,49.265392],[-123.144637,49.265392],[-123.144532,49.265501],[-123.144372,49.265499],[-123.144372,49.265499],[-123.144198,49.265496],[-123.144198,49.265496]]}},{"type":"Feature","properties":{"meters":5,"rate":1.5,"len_m":29,"dev_m":6.6,"bent":false},"geometry":{"type":"LineString","coordinates":[[-123.093326,49.271958],[-123.093283,49.272067],[-123.093283,49.272067],[-123.093063,49.272046],[-123.093063,49.272046]]}},{"type":"Feature","properties":{"meters":5,"rate":1.5,"len_m":84,"dev_m":8.7,"bent":false},"geometry":{"type":"LineString","coordinates":[[-123.102208,49.268188],[-123.102075,49.268305],[-123.101799,49.268182],[-123.101394,49.26817],[-123.101336,49.268288]]}},{"type":"Feature","properties":{"meters":2,"rate":5.5,"len_m":21,"dev_m":0.0,"bent":false},"geometry":{"type":"LineString","coordinates":[[-123.117549,49.26449],[-123.117367,49.264632]]}},{"type":"Feature","properties":{"meters":8,"rate":3.5,"len_m":91,"dev_m":0.4,"bent":false},"geometry":{"type":"LineString","coordinates":[[-123.120084,49.275943],[-123.119922,49.276051],[-123.119652,49.276229],[-123.119422,49.276382],[-123.119271,49.276474],[-123.119271,49.276474],[-123.119195,49.276523],[-123.119195,49.276523]]}},{"type":"Feature","properties":{"meters":2,"rate":2.0,"len_m":21,"dev_m":0.0,"bent":false},"geometry":{"type":"LineString","coordinates":[[-123.106397,49.280767],[-123.106353,49.280953]]}},{"type":"Feature","properties":{"meters":2,"rate":2.5,"len_m":23,"dev_m":0.0,"bent":false},"geometry":{"type":"LineString","coordinates":[[-123.107721,49.280228],[-123.107518,49.280071]]}},{"type":"Feature","properties":{"meters":2,"rate":3.5,"len_m":21,"dev_m":0.0,"bent":false},"geometry":{"type":"LineString","coordinates":[[-123.152981,49.234642],[-123.152879,49.234461]]}},{"type":"Feature","properties":{"meters":3,"rate":2.0,"len_m":45,"dev_m":5.4,"bent":false},"geometry":{"type":"LineString","coordinates":[[-123.109499,49.269985],[-123.109333,49.26989],[-123.109332,49.269629]]}},{"type":"Feature","properties":{"meters":9,"rate":2.0,"len_m":47,"dev_m":0.1,"bent":false},"geometry":{"type":"LineString","coordinates":[[-123.145556,49.265735],[-123.145556,49.265735],[-123.14555,49.26584],[-123.14555,49.26584],[-123.145547,49.265949],[-123.145547,49.265949],[-123.145545,49.266046],[-123.145545,49.266046],[-123.145539,49.266154]]}},{"type":"Feature","properties":{"meters":8,"rate":2.0,"len_m":135,"dev_m":23.8,"bent":true},"geometry":{"type":"LineString","coordinates":[[-123.069524,49.268402],[-123.069764,49.268433],[-123.069771,49.268498],[-123.070108,49.268654],[-123.069999,49.268757],[-123.069778,49.268917],[-123.069513,49.269035],[-123.069769,49.269049]]}},{"type":"Feature","properties":{"meters":4,"rate":6.5,"len_m":13,"dev_m":0.0,"bent":false},"geometry":{"type":"LineString","coordinates":[[-123.121742,49.280607],[-123.121742,49.280607],[-123.121612,49.280521],[-123.121612,49.280521]]}},{"type":"Feature","properties":{"meters":2,"rate":3.5,"len_m":30,"dev_m":0.0,"bent":false},"geometry":{"type":"LineString","coordinates":[[-123.160846,49.234723],[-123.160494,49.234583]]}},{"type":"Feature","properties":{"meters":8,"rate":1.5,"len_m":78,"dev_m":9.6,"bent":false},"geometry":{"type":"LineString","coordinates":[[-123.101129,49.250497],[-123.100865,49.250539],[-123.100654,49.25032],[-123.100654,49.25032],[-123.100668,49.250211],[-123.100668,49.250211],[-123.100489,49.250315],[-123.100489,49.250315]]}},{"type":"Feature","properties":{"meters":2,"rate":6.5,"len_m":30,"dev_m":0.0,"bent":false},"geometry":{"type":"LineString","coordinates":[[-123.117445,49.279909],[-123.117324,49.279656]]}},{"type":"Feature","properties":{"meters":11,"rate":1.5,"len_m":283,"dev_m":25.4,"bent":true},"geometry":{"type":"LineString","coordinates":[[-123.101625,49.255637],[-123.100934,49.255608],[-123.100934,49.255608],[-123.101573,49.255742],[-123.101002,49.255733],[-123.101389,49.255945],[-123.101117,49.255995],[-123.101386,49.25618],[-123.101097,49.256347],[-123.100989,49.256538],[-123.100908,49.256538]]}},{"type":"Feature","properties":{"meters":4,"rate":2.5,"len_m":80,"dev_m":10.8,"bent":false},"geometry":{"type":"LineString","coordinates":[[-123.170421,49.268479],[-123.170104,49.268318],[-123.169773,49.268467],[-123.169599,49.26831]]}},{"type":"Feature","properties":{"meters":3,"rate":6.5,"len_m":54,"dev_m":10.2,"bent":false},"geometry":{"type":"LineString","coordinates":[[-123.113835,49.282677],[-123.113743,49.282925],[-123.113394,49.282952]]}},{"type":"Feature","properties":{"meters":2,"rate":2.0,"len_m":13,"dev_m":0.0,"bent":false},"geometry":{"type":"LineString","coordinates":[[-123.104863,49.265922],[-123.104691,49.265962]]}},{"type":"Feature","properties":{"meters":6,"rate":5.5,"len_m":25,"dev_m":6.5,"bent":false},"geometry":{"type":"LineString","coordinates":[[-123.131433,49.263748],[-123.131433,49.263748],[-123.131429,49.263865],[-123.131429,49.263865],[-123.131261,49.263843],[-123.131261,49.263843]]}},{"type":"Feature","properties":{"meters":4,"rate":1.5,"len_m":74,"dev_m":12.5,"bent":false},"geometry":{"type":"LineString","coordinates":[[-123.090727,49.231389],[-123.09046,49.231538],[-123.090729,49.231713],[-123.090461,49.231787]]}},{"type":"Feature","properties":{"meters":6,"rate":2.0,"len_m":25,"dev_m":6.7,"bent":false},"geometry":{"type":"LineString","coordinates":[[-123.148202,49.263997],[-123.148202,49.263997],[-123.148198,49.264107],[-123.148198,49.264107],[-123.148031,49.26407],[-123.148031,49.26407]]}},{"type":"Feature","properties":{"meters":2,"rate":2.0,"len_m":0,"dev_m":0.0,"bent":false},"geometry":{"type":"LineString","coordinates":[[-123.095641,49.284062],[-123.095641,49.284062]]}},{"type":"Feature","properties":{"meters":2,"rate":1.5,"len_m":20,"dev_m":0.0,"bent":false},"geometry":{"type":"LineString","coordinates":[[-123.101314,49.257849],[-123.101037,49.257848]]}},{"type":"Feature","properties":{"meters":2,"rate":2.0,"len_m":19,"dev_m":0.0,"bent":false},"geometry":{"type":"LineString","coordinates":[[-123.097358,49.279825],[-123.097138,49.279734]]}},{"type":"Feature","properties":{"meters":2,"rate":1.5,"len_m":16,"dev_m":0.0,"bent":false},"geometry":{"type":"LineString","coordinates":[[-123.090288,49.230933],[-123.090117,49.231028]]}},{"type":"Feature","properties":{"meters":2,"rate":2.0,"len_m":27,"dev_m":0.0,"bent":false},"geometry":{"type":"LineString","coordinates":[[-123.106732,49.269987],[-123.10639,49.269885]]}},{"type":"Feature","properties":{"meters":3,"rate":6.5,"len_m":12,"dev_m":0.0,"bent":false},"geometry":{"type":"LineString","coordinates":[[-123.113572,49.284111],[-123.113572,49.284111],[-123.113454,49.284189]]}},{"type":"Feature","properties":{"meters":2,"rate":2.0,"len_m":14,"dev_m":0.0,"bent":false},"geometry":{"type":"LineString","coordinates":[[-123.097828,49.279383],[-123.097759,49.279504]]}},{"type":"Feature","properties":{"meters":4,"rate":1.5,"len_m":72,"dev_m":9.8,"bent":false},"geometry":{"type":"LineString","coordinates":[[-123.090937,49.224207],[-123.090684,49.224209],[-123.090937,49.223941],[-123.09069,49.223912]]}},{"type":"Feature","properties":{"meters":2,"rate":2.0,"len_m":31,"dev_m":0.0,"bent":false},"geometry":{"type":"LineString","coordinates":[[-123.128636,49.276934],[-123.128329,49.277124]]}},{"type":"Feature","properties":{"meters":2,"rate":2.5,"len_m":0,"dev_m":0.0,"bent":false},"geometry":{"type":"LineString","coordinates":[[-123.155458,49.272524],[-123.155458,49.272524]]}},{"type":"Feature","properties":{"meters":2,"rate":1.5,"len_m":12,"dev_m":0.0,"bent":false},"geometry":{"type":"LineString","coordinates":[[-123.059842,49.280951],[-123.059698,49.280896]]}},{"type":"Feature","properties":{"meters":2,"rate":5.0,"len_m":0,"dev_m":0.0,"bent":false},"geometry":{"type":"LineString","coordinates":[[-123.111322,49.283554],[-123.111322,49.283554]]}},{"type":"Feature","properties":{"meters":5,"rate":2.0,"len_m":71,"dev_m":8.9,"bent":false},"geometry":{"type":"LineString","coordinates":[[-123.091003,49.282966],[-123.090914,49.283089],[-123.090746,49.283081],[-123.090408,49.282954],[-123.090349,49.283081]]}},{"type":"Feature","properties":{"meters":3,"rate":1.5,"len_m":46,"dev_m":8.9,"bent":false},"geometry":{"type":"LineString","coordinates":[[-123.128102,49.290427],[-123.127965,49.290254],[-123.127627,49.290288]]}},{"type":"Feature","properties":{"meters":3,"rate":3.5,"len_m":34,"dev_m":0.2,"bent":false},"geometry":{"type":"LineString","coordinates":[[-123.121823,49.274802],[-123.121669,49.274896],[-123.121486,49.275016]]}},{"type":"Feature","properties":{"meters":2,"rate":3.5,"len_m":25,"dev_m":0.0,"bent":false},"geometry":{"type":"LineString","coordinates":[[-123.144016,49.267905],[-123.14378,49.268067]]}},{"type":"Feature","properties":{"meters":2,"rate":1.5,"len_m":14,"dev_m":0.0,"bent":false},"geometry":{"type":"LineString","coordinates":[[-123.104461,49.281132],[-123.10446,49.281258]]}},{"type":"Feature","properties":{"meters":3,"rate":1.5,"len_m":29,"dev_m":5.5,"bent":false},"geometry":{"type":"LineString","coordinates":[[-123.090857,49.226382],[-123.090859,49.226285],[-123.090617,49.226325]]}},{"type":"Feature","properties":{"meters":4,"rate":2.5,"len_m":44,"dev_m":5.9,"bent":false},"geometry":{"type":"LineString","coordinates":[[-123.10729,49.279716],[-123.10729,49.279716],[-123.106906,49.279649],[-123.106836,49.27952]]}},{"type":"Feature","properties":{"meters":3,"rate":6.5,"len_m":23,"dev_m":0.0,"bent":false},"geometry":{"type":"LineString","coordinates":[[-123.113648,49.285037],[-123.113648,49.285037],[-123.113426,49.284889]]}},{"type":"Feature","properties":{"meters":4,"rate":2.0,"len_m":38,"dev_m":5.3,"bent":false},"geometry":{"type":"LineString","coordinates":[[-123.097258,49.280516],[-123.097085,49.280396],[-123.096817,49.280392],[-123.096817,49.280392]]}},{"type":"Feature","properties":{"meters":2,"rate":2.0,"len_m":13,"dev_m":0.0,"bent":false},"geometry":{"type":"LineString","coordinates":[[-123.111314,49.267562],[-123.111247,49.26745]]}},{"type":"Feature","properties":{"meters":2,"rate":2.0,"len_m":0,"dev_m":0.0,"bent":false},"geometry":{"type":"LineString","coordinates":[[-123.143624,49.265486],[-123.143624,49.265486]]}},{"type":"Feature","properties":{"meters":3,"rate":5.0,"len_m":45,"dev_m":6.4,"bent":false},"geometry":{"type":"LineString","coordinates":[[-123.125167,49.288598],[-123.124867,49.28874],[-123.124866,49.288903]]}},{"type":"Feature","properties":{"meters":16,"rate":1.5,"len_m":143,"dev_m":15.1,"bent":true},"geometry":{"type":"LineString","coordinates":[[-123.101112,49.263256],[-123.101112,49.263256],[-123.101107,49.263384],[-123.101107,49.263384],[-123.100779,49.263371],[-123.101101,49.2635],[-123.101101,49.2635],[-123.100776,49.263441],[-123.100776,49.263441],[-123.100772,49.26357],[-123.100772,49.26357],[-123.100764,49.26369],[-123.100764,49.26369],[-123.100761,49.263804],[-123.100761,49.263804],[-123.100756,49.263917]]}},{"type":"Feature","properties":{"meters":2,"rate":1.5,"len_m":16,"dev_m":0.0,"bent":false},"geometry":{"type":"LineString","coordinates":[[-123.128048,49.291397],[-123.128029,49.291543]]}},{"type":"Feature","properties":{"meters":17,"rate":5.5,"len_m":101,"dev_m":0.1,"bent":false},"geometry":{"type":"LineString","coordinates":[[-123.119111,49.263197],[-123.119111,49.263197],[-123.11893,49.263195],[-123.11893,49.263195],[-123.118752,49.263192],[-123.118752,49.263192],[-123.118582,49.26319],[-123.118582,49.26319],[-123.118413,49.263187],[-123.118413,49.263187],[-123.118243,49.263183],[-123.118243,49.263183],[-123.118066,49.26318],[-123.118066,49.26318],[-123.11789,49.263177],[-123.11789,49.263177],[-123.117715,49.263174]]}},{"type":"Feature","properties":{"meters":3,"rate":5.0,"len_m":45,"dev_m":3.4,"bent":false},"geometry":{"type":"LineString","coordinates":[[-123.122957,49.284874],[-123.122789,49.284768],[-123.122676,49.284525]]}},{"type":"Feature","properties":{"meters":2,"rate":1.5,"len_m":12,"dev_m":0.0,"bent":false},"geometry":{"type":"LineString","coordinates":[[-123.069434,49.270463],[-123.069347,49.270551]]}},{"type":"Feature","properties":{"meters":5,"rate":1.5,"len_m":87,"dev_m":12.8,"bent":false},"geometry":{"type":"LineString","coordinates":[[-123.091023,49.228344],[-123.090968,49.228233],[-123.090818,49.228003],[-123.090579,49.227904],[-123.090828,49.227739]]}},{"type":"Feature","properties":{"meters":5,"rate":5.5,"len_m":26,"dev_m":8.1,"bent":false},"geometry":{"type":"LineString","coordinates":[[-123.124265,49.263661],[-123.124099,49.263626],[-123.124099,49.263626],[-123.124094,49.263742],[-123.124094,49.263742]]}},{"type":"Feature","properties":{"meters":7,"rate":6.5,"len_m":47,"dev_m":13.2,"bent":false},"geometry":{"type":"LineString","coordinates":[[-123.115442,49.286222],[-123.115442,49.286222],[-123.115215,49.286289],[-123.115328,49.28615],[-123.115328,49.28615],[-123.115212,49.286077],[-123.115212,49.286077]]}},{"type":"Feature","properties":{"meters":2,"rate":2.0,"len_m":13,"dev_m":0.0,"bent":false},"geometry":{"type":"LineString","coordinates":[[-123.103823,49.268217],[-123.103781,49.268331]]}},{"type":"Feature","properties":{"meters":4,"rate":4.5,"len_m":19,"dev_m":2.4,"bent":false},"geometry":{"type":"LineString","coordinates":[[-123.139127,49.262582],[-123.139061,49.26258],[-123.139067,49.262704],[-123.139067,49.262704]]}},{"type":"Feature","properties":{"meters":3,"rate":3.5,"len_m":33,"dev_m":8.8,"bent":false},"geometry":{"type":"LineString","coordinates":[[-123.156961,49.234533],[-123.157029,49.23467],[-123.156789,49.234666]]}},{"type":"Feature","properties":{"meters":2,"rate":1.5,"len_m":28,"dev_m":0.0,"bent":false},"geometry":{"type":"LineString","coordinates":[[-123.129374,49.288866],[-123.129005,49.288803]]}},{"type":"Feature","properties":{"meters":2,"rate":1.5,"len_m":13,"dev_m":0.0,"bent":false},"geometry":{"type":"LineString","coordinates":[[-123.104979,49.263292],[-123.104797,49.263275]]}},{"type":"Feature","properties":{"meters":2,"rate":2.0,"len_m":15,"dev_m":0.0,"bent":false},"geometry":{"type":"LineString","coordinates":[[-123.09711,49.278131],[-123.096903,49.278101]]}},{"type":"Feature","properties":{"meters":2,"rate":3.5,"len_m":23,"dev_m":0.0,"bent":false},"geometry":{"type":"LineString","coordinates":[[-123.155236,49.267822],[-123.155061,49.267997]]}},{"type":"Feature","properties":{"meters":5,"rate":3.5,"len_m":70,"dev_m":7.7,"bent":false},"geometry":{"type":"LineString","coordinates":[[-123.157606,49.267854],[-123.157599,49.267974],[-123.157433,49.267886],[-123.15743,49.268026],[-123.157113,49.268116]]}},{"type":"Feature","properties":{"meters":2,"rate":1.5,"len_m":30,"dev_m":0.0,"bent":false},"geometry":{"type":"LineString","coordinates":[[-123.093143,49.271478],[-123.092755,49.271394]]}},{"type":"Feature","properties":{"meters":2,"rate":4.0,"len_m":14,"dev_m":0.0,"bent":false},"geometry":{"type":"LineString","coordinates":[[-123.10286,49.282284],[-123.102856,49.282409]]}},{"type":"Feature","properties":{"meters":7,"rate":5.5,"len_m":50,"dev_m":0.0,"bent":false},"geometry":{"type":"LineString","coordinates":[[-123.119829,49.262535],[-123.119829,49.262535],[-123.119824,49.262654],[-123.119824,49.262654],[-123.119816,49.262884],[-123.119812,49.262984],[-123.119812,49.262984]]}},{"type":"Feature","properties":{"meters":5,"rate":2.0,"len_m":91,"dev_m":14.4,"bent":true},"geometry":{"type":"LineString","coordinates":[[-123.070117,49.260516],[-123.069919,49.260636],[-123.07001,49.260417],[-123.069587,49.260412],[-123.069373,49.26041]]}},{"type":"Feature","properties":{"meters":3,"rate":2.0,"len_m":41,"dev_m":8.1,"bent":false},"geometry":{"type":"LineString","coordinates":[[-123.106703,49.264141],[-123.106867,49.264292],[-123.106697,49.264434]]}},{"type":"Feature","properties":{"meters":4,"rate":4.0,"len_m":27,"dev_m":6.5,"bent":false},"geometry":{"type":"LineString","coordinates":[[-123.10674,49.283275],[-123.106559,49.283223],[-123.106606,49.283113],[-123.106606,49.283113]]}},{"type":"Feature","properties":{"meters":2,"rate":1.5,"len_m":23,"dev_m":0.0,"bent":false},"geometry":{"type":"LineString","coordinates":[[-123.03357,49.232831],[-123.033379,49.232995]]}},{"type":"Feature","properties":{"meters":5,"rate":2.0,"len_m":77,"dev_m":9.4,"bent":false},"geometry":{"type":"LineString","coordinates":[[-123.069785,49.267286],[-123.069548,49.267292],[-123.069546,49.267499],[-123.069534,49.267623],[-123.069296,49.267751]]}},{"type":"Feature","properties":{"meters":2,"rate":1.5,"len_m":31,"dev_m":0.0,"bent":false},"geometry":{"type":"LineString","coordinates":[[-123.147571,49.276459],[-123.147259,49.276266]]}},{"type":"Feature","properties":{"meters":2,"rate":2.0,"len_m":0,"dev_m":0.0,"bent":false},"geometry":{"type":"LineString","coordinates":[[-123.135515,49.264516],[-123.135515,49.264516]]}},{"type":"Feature","properties":{"meters":9,"rate":2.0,"len_m":143,"dev_m":18.0,"bent":true},"geometry":{"type":"LineString","coordinates":[[-123.110844,49.267902],[-123.110667,49.268126],[-123.110487,49.268332],[-123.110385,49.26845],[-123.110493,49.268657],[-123.110493,49.268657],[-123.110585,49.268842],[-123.110222,49.26879],[-123.110222,49.26879]]}},{"type":"Feature","properties":{"meters":3,"rate":2.5,"len_m":30,"dev_m":7.6,"bent":false},"geometry":{"type":"LineString","coordinates":[[-123.115765,49.277763],[-123.115661,49.277656],[-123.115507,49.277761]]}},{"type":"Feature","properties":{"meters":2,"rate":2.0,"len_m":0,"dev_m":0.0,"bent":false},"geometry":{"type":"LineString","coordinates":[[-123.145659,49.26335],[-123.145659,49.26335]]}},{"type":"Feature","properties":{"meters":6,"rate":1.5,"len_m":122,"dev_m":21.1,"bent":true},"geometry":{"type":"LineString","coordinates":[[-123.035046,49.233873],[-123.035192,49.233658],[-123.035163,49.233473],[-123.034982,49.233437],[-123.034525,49.233597],[-123.034623,49.233397]]}},{"type":"Feature","properties":{"meters":4,"rate":2.5,"len_m":74,"dev_m":0.0,"bent":false},"geometry":{"type":"LineString","coordinates":[[-123.142899,49.268813],[-123.142557,49.268809],[-123.142225,49.268803],[-123.141878,49.268798]]}},{"type":"Feature","properties":{"meters":2,"rate":1.5,"len_m":29,"dev_m":0.0,"bent":false},"geometry":{"type":"LineString","coordinates":[[-123.1011,49.251516],[-123.10083,49.25171]]}},{"type":"Feature","properties":{"meters":2,"rate":3.5,"len_m":20,"dev_m":0.0,"bent":false},"geometry":{"type":"LineString","coordinates":[[-123.12069,49.273471],[-123.120619,49.273644]]}},{"type":"Feature","properties":{"meters":2,"rate":2.0,"len_m":21,"dev_m":0.0,"bent":false},"geometry":{"type":"LineString","coordinates":[[-123.122424,49.278267],[-123.122396,49.278456]]}},{"type":"Feature","properties":{"meters":2,"rate":2.0,"len_m":20,"dev_m":0.0,"bent":false},"geometry":{"type":"LineString","coordinates":[[-123.069948,49.260129],[-123.069934,49.259947]]}},{"type":"Feature","properties":{"meters":2,"rate":2.5,"len_m":13,"dev_m":0.0,"bent":false},"geometry":{"type":"LineString","coordinates":[[-123.115074,49.274358],[-123.11489,49.274375]]}},{"type":"Feature","properties":{"meters":8,"rate":2.0,"len_m":51,"dev_m":0.1,"bent":false},"geometry":{"type":"LineString","coordinates":[[-123.134633,49.264392],[-123.134633,49.264392],[-123.134472,49.264389],[-123.134259,49.264386],[-123.134259,49.264386],[-123.134095,49.264383],[-123.134095,49.264383],[-123.13393,49.264378]]}},{"type":"Feature","properties":{"meters":3,"rate":2.0,"len_m":35,"dev_m":8.6,"bent":false},"geometry":{"type":"LineString","coordinates":[[-123.109546,49.264414],[-123.109351,49.264303],[-123.10953,49.264218]]}},{"type":"Feature","properties":{"meters":2,"rate":3.5,"len_m":13,"dev_m":0.0,"bent":false},"geometry":{"type":"LineString","coordinates":[[-123.117542,49.276396],[-123.117418,49.276475]]}},{"type":"Feature","properties":{"meters":4,"rate":1.5,"len_m":12,"dev_m":0.0,"bent":false},"geometry":{"type":"LineString","coordinates":[[-123.099037,49.263073],[-123.099037,49.263073],[-123.098869,49.263083],[-123.098869,49.263083]]}},{"type":"Feature","properties":{"meters":2,"rate":1.5,"len_m":15,"dev_m":0.0,"bent":false},"geometry":{"type":"LineString","coordinates":[[-123.100989,49.282376],[-123.100926,49.282249]]}},{"type":"Feature","properties":{"meters":3,"rate":1.5,"len_m":49,"dev_m":2.1,"bent":false},"geometry":{"type":"LineString","coordinates":[[-123.100782,49.252704],[-123.100553,49.252929],[-123.100353,49.25304]]}},{"type":"Feature","properties":{"meters":2,"rate":1.5,"len_m":19,"dev_m":0.0,"bent":false},"geometry":{"type":"LineString","coordinates":[[-123.131606,49.288912],[-123.131598,49.289082]]}},{"type":"Feature","properties":{"meters":3,"rate":1.5,"len_m":44,"dev_m":2.7,"bent":false},"geometry":{"type":"LineString","coordinates":[[-123.15463,49.248195],[-123.154416,49.248446],[-123.154418,49.24855]]}},{"type":"Feature","properties":{"meters":4,"rate":2.5,"len_m":81,"dev_m":12.8,"bent":false},"geometry":{"type":"LineString","coordinates":[[-123.155106,49.27139],[-123.155342,49.271632],[-123.15508,49.271841],[-123.155072,49.27201]]}},{"type":"Feature","properties":{"meters":2,"rate":2.5,"len_m":17,"dev_m":0.0,"bent":false},"geometry":{"type":"LineString","coordinates":[[-123.165883,49.26841],[-123.165876,49.268256]]}},{"type":"Feature","properties":{"meters":2,"rate":2.0,"len_m":17,"dev_m":0.0,"bent":false},"geometry":{"type":"LineString","coordinates":[[-123.122822,49.279063],[-123.122591,49.279063]]}},{"type":"Feature","properties":{"meters":2,"rate":1.5,"len_m":22,"dev_m":0.0,"bent":false},"geometry":{"type":"LineString","coordinates":[[-123.203981,49.263673],[-123.203789,49.263824]]}},{"type":"Feature","properties":{"meters":3,"rate":5.0,"len_m":49,"dev_m":6.2,"bent":false},"geometry":{"type":"LineString","coordinates":[[-123.121738,49.288985],[-123.121316,49.288919],[-123.121127,49.289016]]}},{"type":"Feature","properties":{"meters":2,"rate":3.5,"len_m":18,"dev_m":0.0,"bent":false},"geometry":{"type":"LineString","coordinates":[[-123.123643,49.275093],[-123.123607,49.274936]]}},{"type":"Feature","properties":{"meters":2,"rate":5.0,"len_m":19,"dev_m":0.0,"bent":false},"geometry":{"type":"LineString","coordinates":[[-123.125533,49.286356],[-123.125269,49.286386]]}},{"type":"Feature","properties":{"meters":2,"rate":1.5,"len_m":22,"dev_m":0.0,"bent":false},"geometry":{"type":"LineString","coordinates":[[-123.13308,49.290035],[-123.133043,49.289839]]}},{"type":"Feature","properties":{"meters":2,"rate":4.5,"len_m":0,"dev_m":0.0,"bent":false},"geometry":{"type":"LineString","coordinates":[[-123.13763,49.259773],[-123.13763,49.259773]]}},{"type":"Feature","properties":{"meters":3,"rate":3.5,"len_m":42,"dev_m":10.9,"bent":false},"geometry":{"type":"LineString","coordinates":[[-123.155616,49.236087],[-123.155373,49.235983],[-123.15562,49.235895]]}},{"type":"Feature","properties":{"meters":4,"rate":1.5,"len_m":33,"dev_m":7.7,"bent":false},"geometry":{"type":"LineString","coordinates":[[-123.106913,49.263293],[-123.106728,49.263291],[-123.106728,49.263291],[-123.106719,49.26347]]}},{"type":"Feature","properties":{"meters":2,"rate":1.5,"len_m":20,"dev_m":0.0,"bent":false},"geometry":{"type":"LineString","coordinates":[[-123.101026,49.253356],[-123.100765,49.253293]]}},{"type":"Feature","properties":{"meters":2,"rate":1.5,"len_m":18,"dev_m":0.0,"bent":false},"geometry":{"type":"LineString","coordinates":[[-123.115722,49.258691],[-123.115522,49.258787]]}},{"type":"Feature","properties":{"meters":3,"rate":5.0,"len_m":31,"dev_m":0.0,"bent":false},"geometry":{"type":"LineString","coordinates":[[-123.122334,49.288738],[-123.122334,49.288738],[-123.122058,49.288528]]}},{"type":"Feature","properties":{"meters":2,"rate":2.5,"len_m":27,"dev_m":0.0,"bent":false},"geometry":{"type":"LineString","coordinates":[[-123.145101,49.268848],[-123.144723,49.268837]]}},{"type":"Feature","properties":{"meters":4,"rate":2.0,"len_m":58,"dev_m":8.8,"bent":false},"geometry":{"type":"LineString","coordinates":[[-123.104469,49.267436],[-123.104164,49.267311],[-123.103966,49.267427],[-123.103981,49.267313]]}},{"type":"Feature","properties":{"meters":2,"rate":2.0,"len_m":14,"dev_m":0.0,"bent":false},"geometry":{"type":"LineString","coordinates":[[-123.104736,49.268901],[-123.104568,49.268849]]}},{"type":"Feature","properties":{"meters":2,"rate":5.0,"len_m":13,"dev_m":0.0,"bent":false},"geometry":{"type":"LineString","coordinates":[[-123.12397,49.288104],[-123.1238,49.288061]]}},{"type":"Feature","properties":{"meters":5,"rate":5.5,"len_m":23,"dev_m":6.6,"bent":false},"geometry":{"type":"LineString","coordinates":[[-123.133808,49.263184],[-123.133805,49.263286],[-123.133805,49.263286],[-123.133644,49.263266],[-123.133644,49.263266]]}},{"type":"Feature","properties":{"meters":4,"rate":2.0,"len_m":13,"dev_m":0.0,"bent":false},"geometry":{"type":"LineString","coordinates":[[-123.142985,49.266204],[-123.142985,49.266204],[-123.14281,49.266201],[-123.14281,49.266201]]}},{"type":"Feature","properties":{"meters":3,"rate":2.0,"len_m":11,"dev_m":0.0,"bent":false},"geometry":{"type":"LineString","coordinates":[[-123.130503,49.277774],[-123.130503,49.277774],[-123.130396,49.277704]]}},{"type":"Feature","properties":{"meters":3,"rate":6.5,"len_m":47,"dev_m":8.4,"bent":false},"geometry":{"type":"LineString","coordinates":[[-123.120142,49.279772],[-123.120017,49.280032],[-123.119789,49.280007]]}},{"type":"Feature","properties":{"meters":12,"rate":5.5,"len_m":139,"dev_m":14.8,"bent":true},"geometry":{"type":"LineString","coordinates":[[-123.124599,49.26423],[-123.12425,49.264079],[-123.12425,49.264079],[-123.124082,49.264076],[-123.124082,49.264076],[-123.123831,49.264223],[-123.123831,49.264223],[-123.123832,49.26433],[-123.123832,49.26433],[-123.12364,49.26422],[-123.123335,49.264214],[-123.12307,49.264211]]}},{"type":"Feature","properties":{"meters":3,"rate":2.0,"len_m":55,"dev_m":9.7,"bent":false},"geometry":{"type":"LineString","coordinates":[[-123.102946,49.265685],[-123.10274,49.26591],[-123.102938,49.2661]]}},{"type":"Feature","properties":{"meters":3,"rate":2.0,"len_m":13,"dev_m":0.0,"bent":false},"geometry":{"type":"LineString","coordinates":[[-123.141827,49.267153],[-123.141652,49.26715],[-123.141652,49.26715]]}},{"type":"Feature","properties":{"meters":2,"rate":4.5,"len_m":21,"dev_m":0.0,"bent":false},"geometry":{"type":"LineString","coordinates":[[-123.138906,49.257648],[-123.138659,49.257549]]}},{"type":"Feature","properties":{"meters":2,"rate":5.0,"len_m":14,"dev_m":0.0,"bent":false},"geometry":{"type":"LineString","coordinates":[[-123.123769,49.287512],[-123.123661,49.287619]]}},{"type":"Feature","properties":{"meters":2,"rate":5.0,"len_m":21,"dev_m":0.0,"bent":false},"geometry":{"type":"LineString","coordinates":[[-123.12325,49.287175],[-123.122963,49.287166]]}},{"type":"Feature","properties":{"meters":2,"rate":5.5,"len_m":17,"dev_m":0.0,"bent":false},"geometry":{"type":"LineString","coordinates":[[-123.115856,49.264094],[-123.115689,49.264202]]}},{"type":"Feature","properties":{"meters":3,"rate":2.0,"len_m":37,"dev_m":7.8,"bent":false},"geometry":{"type":"LineString","coordinates":[[-123.121442,49.277638],[-123.121603,49.277721],[-123.121387,49.277862]]}},{"type":"Feature","properties":{"meters":3,"rate":5.0,"len_m":35,"dev_m":8.1,"bent":false},"geometry":{"type":"LineString","coordinates":[[-123.12215,49.284355],[-123.122214,49.284224],[-123.121943,49.284221]]}},{"type":"Feature","properties":{"meters":4,"rate":4.0,"len_m":41,"dev_m":4.0,"bent":false},"geometry":{"type":"LineString","coordinates":[[-123.103807,49.282315],[-123.103526,49.282299],[-123.103526,49.282299],[-123.103316,49.282419]]}},{"type":"Feature","properties":{"meters":3,"rate":2.0,"len_m":43,"dev_m":8.6,"bent":false},"geometry":{"type":"LineString","coordinates":[[-123.123802,49.279682],[-123.12357,49.279704],[-123.123493,49.279481]]}},{"type":"Feature","properties":{"meters":2,"rate":1.5,"len_m":25,"dev_m":0.0,"bent":false},"geometry":{"type":"LineString","coordinates":[[-123.109543,49.263347],[-123.109365,49.263541]]}},{"type":"Feature","properties":{"meters":2,"rate":3.5,"len_m":15,"dev_m":0.0,"bent":false},"geometry":{"type":"LineString","coordinates":[[-123.159229,49.232703],[-123.159202,49.232838]]}},{"type":"Feature","properties":{"meters":2,"rate":6.5,"len_m":28,"dev_m":0.0,"bent":false},"geometry":{"type":"LineString","coordinates":[[-123.115724,49.287432],[-123.115341,49.287461]]}},{"type":"Feature","properties":{"meters":2,"rate":1.5,"len_m":18,"dev_m":0.0,"bent":false},"geometry":{"type":"LineString","coordinates":[[-123.130118,49.291847],[-123.130071,49.292009]]}},{"type":"Feature","properties":{"meters":2,"rate":2.0,"len_m":25,"dev_m":0.0,"bent":false},"geometry":{"type":"LineString","coordinates":[[-123.096538,49.282165],[-123.09624,49.282282]]}},{"type":"Feature","properties":{"meters":2,"rate":6.5,"len_m":19,"dev_m":0.0,"bent":false},"geometry":{"type":"LineString","coordinates":[[-123.116529,49.282342],[-123.116517,49.282167]]}},{"type":"Feature","properties":{"meters":2,"rate":2.0,"len_m":12,"dev_m":0.0,"bent":false},"geometry":{"type":"LineString","coordinates":[[-123.105837,49.280383],[-123.105667,49.280388]]}},{"type":"Feature","properties":{"meters":2,"rate":1.5,"len_m":29,"dev_m":0.0,"bent":false},"geometry":{"type":"LineString","coordinates":[[-123.134063,49.290673],[-123.13366,49.290676]]}},{"type":"Feature","properties":{"meters":3,"rate":2.0,"len_m":40,"dev_m":7.1,"bent":false},"geometry":{"type":"LineString","coordinates":[[-123.132348,49.281214],[-123.132091,49.281051],[-123.132259,49.280986]]}},{"type":"Feature","properties":{"meters":2,"rate":5.0,"len_m":30,"dev_m":0.0,"bent":false},"geometry":{"type":"LineString","coordinates":[[-123.122942,49.288936],[-123.122556,49.289025]]}},{"type":"Feature","properties":{"meters":3,"rate":1.5,"len_m":14,"dev_m":0.0,"bent":false},"geometry":{"type":"LineString","coordinates":[[-123.091372,49.223634],[-123.09118,49.223633],[-123.09118,49.223633]]}},{"type":"Feature","properties":{"meters":3,"rate":3.5,"len_m":23,"dev_m":5.6,"bent":false},"geometry":{"type":"LineString","coordinates":[[-123.159967,49.267974],[-123.159804,49.267996],[-123.159808,49.267903]]}},{"type":"Feature","properties":{"meters":3,"rate":1.5,"len_m":38,"dev_m":6.2,"bent":false},"geometry":{"type":"LineString","coordinates":[[-123.102998,49.264327],[-123.102817,49.264282],[-123.102819,49.264067]]}},{"type":"Feature","properties":{"meters":2,"rate":1.5,"len_m":20,"dev_m":0.0,"bent":false},"geometry":{"type":"LineString","coordinates":[[-123.134563,49.290997],[-123.13455,49.290817]]}},{"type":"Feature","properties":{"meters":2,"rate":2.0,"len_m":13,"dev_m":0.0,"bent":false},"geometry":{"type":"LineString","coordinates":[[-123.106677,49.268882],[-123.106514,49.268834]]}},{"type":"Feature","properties":{"meters":2,"rate":3.5,"len_m":28,"dev_m":0.0,"bent":false},"geometry":{"type":"LineString","coordinates":[[-123.120312,49.274444],[-123.120176,49.274205]]}},{"type":"Feature","properties":{"meters":2,"rate":2.5,"len_m":15,"dev_m":0.0,"bent":false},"geometry":{"type":"LineString","coordinates":[[-123.115441,49.278433],[-123.115343,49.278552]]}},{"type":"Feature","properties":{"meters":2,"rate":4.5,"len_m":20,"dev_m":0.0,"bent":false},"geometry":{"type":"LineString","coordinates":[[-123.138811,49.26026],[-123.138553,49.260322]]}},{"type":"Feature","properties":{"meters":2,"rate":2.0,"len_m":22,"dev_m":0.0,"bent":false},"geometry":{"type":"LineString","coordinates":[[-123.1254,49.283384],[-123.125332,49.283194]]}},{"type":"Feature","properties":{"meters":2,"rate":1.5,"len_m":23,"dev_m":0.0,"bent":false},"geometry":{"type":"LineString","coordinates":[[-123.099763,49.281834],[-123.099494,49.281726]]}},{"type":"Feature","properties":{"meters":4,"rate":4.5,"len_m":12,"dev_m":0.0,"bent":false},"geometry":{"type":"LineString","coordinates":[[-123.139309,49.257958],[-123.139309,49.257958],[-123.139144,49.257956],[-123.139144,49.257956]]}},{"type":"Feature","properties":{"meters":2,"rate":1.5,"len_m":12,"dev_m":0.0,"bent":false},"geometry":{"type":"LineString","coordinates":[[-123.057918,49.280872],[-123.057755,49.280872]]}},{"type":"Feature","properties":{"meters":2,"rate":1.5,"len_m":23,"dev_m":0.0,"bent":false},"geometry":{"type":"LineString","coordinates":[[-123.206962,49.263873],[-123.206753,49.263718]]}},{"type":"Feature","properties":{"meters":3,"rate":3.5,"len_m":21,"dev_m":4.2,"bent":false},"geometry":{"type":"LineString","coordinates":[[-123.155208,49.268453],[-123.155044,49.268431],[-123.155044,49.268351]]}},{"type":"Feature","properties":{"meters":2,"rate":2.5,"len_m":27,"dev_m":0.0,"bent":false},"geometry":{"type":"LineString","coordinates":[[-123.123834,49.285171],[-123.123772,49.285414]]}},{"type":"Feature","properties":{"meters":2,"rate":1.5,"len_m":16,"dev_m":0.0,"bent":false},"geometry":{"type":"LineString","coordinates":[[-123.150256,49.273014],[-123.150153,49.272883]]}},{"type":"Feature","properties":{"meters":2,"rate":2.0,"len_m":18,"dev_m":0.0,"bent":false},"geometry":{"type":"LineString","coordinates":[[-123.13144,49.274387],[-123.131188,49.274396]]}},{"type":"Feature","properties":{"meters":3,"rate":2.0,"len_m":45,"dev_m":12.2,"bent":false},"geometry":{"type":"LineString","coordinates":[[-123.123929,49.282701],[-123.123649,49.282622],[-123.123867,49.282471]]}},{"type":"Feature","properties":{"meters":3,"rate":5.5,"len_m":13,"dev_m":0.0,"bent":false},"geometry":{"type":"LineString","coordinates":[[-123.119755,49.264432],[-123.119755,49.264432],[-123.119751,49.264549]]}},{"type":"Feature","properties":{"meters":3,"rate":1.5,"len_m":17,"dev_m":3.8,"bent":false},"geometry":{"type":"LineString","coordinates":[[-123.100896,49.257462],[-123.100902,49.257551],[-123.1008,49.25755]]}},{"type":"Feature","properties":{"meters":2,"rate":3.5,"len_m":31,"dev_m":0.0,"bent":false},"geometry":{"type":"LineString","coordinates":[[-123.158332,49.268304],[-123.157992,49.268132]]}},{"type":"Feature","properties":{"meters":2,"rate":1.5,"len_m":18,"dev_m":0.0,"bent":false},"geometry":{"type":"LineString","coordinates":[[-123.211837,49.275423],[-123.211821,49.275265]]}},{"type":"Feature","properties":{"meters":2,"rate":4.5,"len_m":0,"dev_m":0.0,"bent":false},"geometry":{"type":"LineString","coordinates":[[-123.139601,49.258973],[-123.139601,49.258973]]}},{"type":"Feature","properties":{"meters":2,"rate":2.0,"len_m":16,"dev_m":0.0,"bent":false},"geometry":{"type":"LineString","coordinates":[[-123.08726,49.281667],[-123.087046,49.281664]]}},{"type":"Feature","properties":{"meters":2,"rate":5.0,"len_m":16,"dev_m":0.0,"bent":false},"geometry":{"type":"LineString","coordinates":[[-123.122497,49.286689],[-123.122438,49.286826]]}},{"type":"Feature","properties":{"meters":5,"rate":2.0,"len_m":25,"dev_m":5.0,"bent":false},"geometry":{"type":"LineString","coordinates":[[-123.157758,49.263687],[-123.157594,49.263663],[-123.157594,49.263663],[-123.157598,49.263551],[-123.157598,49.263551]]}},{"type":"Feature","properties":{"meters":4,"rate":2.0,"len_m":36,"dev_m":9.2,"bent":false},"geometry":{"type":"LineString","coordinates":[[-123.102975,49.280386],[-123.102825,49.280506],[-123.102645,49.280379],[-123.102645,49.280379]]}},{"type":"Feature","properties":{"meters":2,"rate":6.5,"len_m":25,"dev_m":0.0,"bent":false},"geometry":{"type":"LineString","coordinates":[[-123.118404,49.28808],[-123.118291,49.28829]]}},{"type":"Feature","properties":{"meters":2,"rate":2.0,"len_m":11,"dev_m":0.0,"bent":false},"geometry":{"type":"LineString","coordinates":[[-123.104481,49.279523],[-123.104477,49.279622]]}},{"type":"Feature","properties":{"meters":3,"rate":2.0,"len_m":48,"dev_m":8.7,"bent":false},"geometry":{"type":"LineString","coordinates":[[-123.140068,49.286039],[-123.13974,49.285992],[-123.139668,49.285782]]}},{"type":"Feature","properties":{"meters":3,"rate":4.5,"len_m":11,"dev_m":0.0,"bent":false},"geometry":{"type":"LineString","coordinates":[[-123.138369,49.258029],[-123.138217,49.258027],[-123.138217,49.258027]]}},{"type":"Feature","properties":{"meters":2,"rate":2.0,"len_m":13,"dev_m":0.0,"bent":false},"geometry":{"type":"LineString","coordinates":[[-123.107225,49.268391],[-123.107223,49.268278]]}},{"type":"Feature","properties":{"meters":2,"rate":1.5,"len_m":30,"dev_m":0.0,"bent":false},"geometry":{"type":"LineString","coordinates":[[-123.059188,49.281246],[-123.058877,49.281075]]}},{"type":"Feature","properties":{"meters":2,"rate":2.0,"len_m":14,"dev_m":0.0,"bent":false},"geometry":{"type":"LineString","coordinates":[[-123.124882,49.283175],[-123.124751,49.283265]]}},{"type":"Feature","properties":{"meters":3,"rate":2.5,"len_m":40,"dev_m":8.5,"bent":false},"geometry":{"type":"LineString","coordinates":[[-123.141748,49.270543],[-123.141483,49.270675],[-123.141383,49.270544]]}},{"type":"Feature","properties":{"meters":2,"rate":2.0,"len_m":23,"dev_m":0.0,"bent":false},"geometry":{"type":"LineString","coordinates":[[-123.124174,49.277109],[-123.124128,49.27731]]}},{"type":"Feature","properties":{"meters":3,"rate":2.0,"len_m":14,"dev_m":0.0,"bent":false},"geometry":{"type":"LineString","coordinates":[[-123.104809,49.28048],[-123.104809,49.28048],[-123.104631,49.280446]]}},{"type":"Feature","properties":{"meters":2,"rate":2.0,"len_m":17,"dev_m":0.0,"bent":false},"geometry":{"type":"LineString","coordinates":[[-123.109518,49.268617],[-123.10934,49.268715]]}},{"type":"Feature","properties":{"meters":2,"rate":5.0,"len_m":29,"dev_m":0.0,"bent":false},"geometry":{"type":"LineString","coordinates":[[-123.127734,49.278615],[-123.127456,49.278801]]}},{"type":"Feature","properties":{"meters":2,"rate":2.0,"len_m":18,"dev_m":0.0,"bent":false},"geometry":{"type":"LineString","coordinates":[[-123.069909,49.261059],[-123.069671,49.261017]]}},{"type":"Feature","properties":{"meters":2,"rate":1.5,"len_m":13,"dev_m":0.0,"bent":false},"geometry":{"type":"LineString","coordinates":[[-123.100554,49.253937],[-123.100472,49.253828]]}},{"type":"Feature","properties":{"meters":2,"rate":5.5,"len_m":0,"dev_m":0.0,"bent":false},"geometry":{"type":"LineString","coordinates":[[-123.124117,49.26311],[-123.124117,49.26311]]}},{"type":"Feature","properties":{"meters":2,"rate":2.0,"len_m":30,"dev_m":0.0,"bent":false},"geometry":{"type":"LineString","coordinates":[[-123.125146,49.278624],[-123.124991,49.278375]]}},{"type":"Feature","properties":{"meters":2,"rate":5.0,"len_m":22,"dev_m":0.0,"bent":false},"geometry":{"type":"LineString","coordinates":[[-123.117836,49.287425],[-123.117705,49.287252]]}},{"type":"Feature","properties":{"meters":2,"rate":1.5,"len_m":22,"dev_m":0.0,"bent":false},"geometry":{"type":"LineString","coordinates":[[-123.101364,49.246319],[-123.101085,49.246399]]}},{"type":"Feature","properties":{"meters":2,"rate":5.0,"len_m":17,"dev_m":0.0,"bent":false},"geometry":{"type":"LineString","coordinates":[[-123.12517,49.279212],[-123.125152,49.279058]]}},{"type":"Feature","properties":{"meters":2,"rate":5.0,"len_m":16,"dev_m":0.0,"bent":false},"geometry":{"type":"LineString","coordinates":[[-123.122367,49.286327],[-123.12228,49.286196]]}},{"type":"Feature","properties":{"meters":2,"rate":3.5,"len_m":21,"dev_m":0.0,"bent":false},"geometry":{"type":"LineString","coordinates":[[-123.155559,49.237655],[-123.155293,49.237736]]}},{"type":"Feature","properties":{"meters":8,"rate":2.0,"len_m":179,"dev_m":20.3,"bent":true},"geometry":{"type":"LineString","coordinates":[[-123.130457,49.275095],[-123.130562,49.274832],[-123.130249,49.274637],[-123.130113,49.27472],[-123.1299,49.274863],[-123.130006,49.274473],[-123.129866,49.274569],[-123.129643,49.274714]]}},{"type":"Feature","properties":{"meters":2,"rate":1.5,"len_m":24,"dev_m":0.0,"bent":false},"geometry":{"type":"LineString","coordinates":[[-123.12839,49.288403],[-123.128332,49.288189]]}},{"type":"Feature","properties":{"meters":4,"rate":2.5,"len_m":13,"dev_m":0.0,"bent":false},"geometry":{"type":"LineString","coordinates":[[-123.143246,49.269947],[-123.143246,49.269947],[-123.143241,49.270066],[-123.143241,49.270066]]}},{"type":"Feature","properties":{"meters":2,"rate":2.0,"len_m":20,"dev_m":0.0,"bent":false},"geometry":{"type":"LineString","coordinates":[[-123.109572,49.265268],[-123.109312,49.265312]]}},{"type":"Feature","properties":{"meters":2,"rate":4.5,"len_m":27,"dev_m":0.0,"bent":false},"geometry":{"type":"LineString","coordinates":[[-123.138735,49.26236],[-123.138487,49.262176]]}},{"type":"Feature","properties":{"meters":2,"rate":2.0,"len_m":21,"dev_m":0.0,"bent":false},"geometry":{"type":"LineString","coordinates":[[-123.125474,49.281666],[-123.125233,49.28156]]}},{"type":"Feature","properties":{"meters":2,"rate":2.0,"len_m":24,"dev_m":0.0,"bent":false},"geometry":{"type":"LineString","coordinates":[[-123.104785,49.267776],[-123.104608,49.267957]]}},{"type":"Feature","properties":{"meters":3,"rate":5.0,"len_m":45,"dev_m":8.4,"bent":false},"geometry":{"type":"LineString","coordinates":[[-123.10938,49.283164],[-123.109206,49.283069],[-123.108948,49.283256]]}},{"type":"Feature","properties":{"meters":3,"rate":2.5,"len_m":58,"dev_m":4.4,"bent":false},"geometry":{"type":"LineString","coordinates":[[-123.114692,49.279573],[-123.114547,49.279813],[-123.11458,49.280073]]}},{"type":"Feature","properties":{"meters":4,"rate":3.5,"len_m":8,"dev_m":0.0,"bent":false},"geometry":{"type":"LineString","coordinates":[[-123.122565,49.275019],[-123.122565,49.275019],[-123.122485,49.27507],[-123.122485,49.27507]]}},{"type":"Feature","properties":{"meters":4,"rate":2.5,"len_m":75,"dev_m":8.3,"bent":false},"geometry":{"type":"LineString","coordinates":[[-123.147564,49.270635],[-123.147341,49.270751],[-123.147036,49.270626],[-123.146695,49.270742]]}},{"type":"Feature","properties":{"meters":2,"rate":2.0,"len_m":13,"dev_m":0.0,"bent":false},"geometry":{"type":"LineString","coordinates":[[-123.10867,49.266612],[-123.108659,49.266496]]}},{"type":"Feature","properties":{"meters":2,"rate":2.0,"len_m":25,"dev_m":0.0,"bent":false},"geometry":{"type":"LineString","coordinates":[[-123.114082,49.265687],[-123.113788,49.265808]]}},{"type":"Feature","properties":{"meters":2,"rate":2.0,"len_m":14,"dev_m":0.0,"bent":false},"geometry":{"type":"LineString","coordinates":[[-123.107423,49.267375],[-123.107329,49.267489]]}},{"type":"Feature","properties":{"meters":2,"rate":1.5,"len_m":23,"dev_m":0.0,"bent":false},"geometry":{"type":"LineString","coordinates":[[-123.101398,49.281457],[-123.101277,49.281266]]}},{"type":"Feature","properties":{"meters":3,"rate":2.0,"len_m":22,"dev_m":4.3,"bent":false},"geometry":{"type":"LineString","coordinates":[[-123.11027,49.266638],[-123.110141,49.266636],[-123.110103,49.266527]]}},{"type":"Feature","properties":{"meters":2,"rate":1.5,"len_m":18,"dev_m":0.0,"bent":false},"geometry":{"type":"LineString","coordinates":[[-123.126544,49.288313],[-123.126478,49.288466]]}},{"type":"Feature","properties":{"meters":2,"rate":1.5,"len_m":19,"dev_m":0.0,"bent":false},"geometry":{"type":"LineString","coordinates":[[-123.149048,49.273096],[-123.14891,49.272952]]}},{"type":"Feature","properties":{"meters":3,"rate":2.0,"len_m":30,"dev_m":4.1,"bent":false},"geometry":{"type":"LineString","coordinates":[[-123.128558,49.27963],[-123.1284,49.279465],[-123.128482,49.279411]]}},{"type":"Feature","properties":{"meters":4,"rate":3.5,"len_m":62,"dev_m":4.3,"bent":false},"geometry":{"type":"LineString","coordinates":[[-123.155804,49.235608],[-123.15579,49.235499],[-123.155645,49.23528],[-123.155413,49.235142]]}},{"type":"Feature","properties":{"meters":2,"rate":5.0,"len_m":19,"dev_m":0.0,"bent":false},"geometry":{"type":"LineString","coordinates":[[-123.111876,49.281595],[-123.11162,49.281611]]}},{"type":"Feature","properties":{"meters":2,"rate":3.5,"len_m":22,"dev_m":0.0,"bent":false},"geometry":{"type":"LineString","coordinates":[[-123.153803,49.268063],[-123.153637,49.268231]]}},{"type":"Feature","properties":{"meters":2,"rate":2.0,"len_m":15,"dev_m":0.0,"bent":false},"geometry":{"type":"LineString","coordinates":[[-123.130574,49.280884],[-123.130382,49.280841]]}},{"type":"Feature","properties":{"meters":3,"rate":2.0,"len_m":35,"dev_m":9.6,"bent":false},"geometry":{"type":"LineString","coordinates":[[-123.124793,49.275609],[-123.124555,49.275578],[-123.124614,49.275727]]}},{"type":"Feature","properties":{"meters":3,"rate":1.5,"len_m":31,"dev_m":5.8,"bent":false},"geometry":{"type":"LineString","coordinates":[[-123.1153,49.25457],[-123.11504,49.254599],[-123.11504,49.254706]]}},{"type":"Feature","properties":{"meters":2,"rate":2.0,"len_m":14,"dev_m":0.0,"bent":false},"geometry":{"type":"LineString","coordinates":[[-123.111015,49.264272],[-123.11084,49.264212]]}},{"type":"Feature","properties":{"meters":5,"rate":2.0,"len_m":26,"dev_m":0.1,"bent":false},"geometry":{"type":"LineString","coordinates":[[-123.107141,49.281098],[-123.106932,49.28106],[-123.106932,49.28106],[-123.1068,49.281033],[-123.1068,49.281033]]}},{"type":"Feature","properties":{"meters":2,"rate":2.0,"len_m":23,"dev_m":0.0,"bent":false},"geometry":{"type":"LineString","coordinates":[[-123.112224,49.265772],[-123.111961,49.265652]]}},{"type":"Feature","properties":{"meters":4,"rate":3.5,"len_m":13,"dev_m":0.0,"bent":false},"geometry":{"type":"LineString","coordinates":[[-123.143345,49.267337],[-123.143345,49.267337],[-123.14334,49.267458],[-123.14334,49.267458]]}},{"type":"Feature","properties":{"meters":2,"rate":3.5,"len_m":20,"dev_m":0.0,"bent":false},"geometry":{"type":"LineString","coordinates":[[-123.156509,49.232671],[-123.156295,49.232789]]}},{"type":"Feature","properties":{"meters":9,"rate":2.0,"len_m":55,"dev_m":5.5,"bent":false},"geometry":{"type":"LineString","coordinates":[[-123.143393,49.266077],[-123.143393,49.266077],[-123.143397,49.265966],[-123.143397,49.265966],[-123.143399,49.265858],[-123.14322,49.265746],[-123.14322,49.265746],[-123.143225,49.265629],[-123.143225,49.265629]]}},{"type":"Feature","properties":{"meters":3,"rate":2.0,"len_m":12,"dev_m":0.0,"bent":false},"geometry":{"type":"LineString","coordinates":[[-123.099608,49.27921],[-123.099608,49.27921],[-123.099603,49.279317]]}},{"type":"Feature","properties":{"meters":2,"rate":5.0,"len_m":14,"dev_m":0.0,"bent":false},"geometry":{"type":"LineString","coordinates":[[-123.123549,49.285532],[-123.12337,49.285475]]}},{"type":"Feature","properties":{"meters":2,"rate":2.5,"len_m":26,"dev_m":0.0,"bent":false},"geometry":{"type":"LineString","coordinates":[[-123.165347,49.268402],[-123.165083,49.268243]]}},{"type":"Feature","properties":{"meters":2,"rate":2.0,"len_m":20,"dev_m":0.0,"bent":false},"geometry":{"type":"LineString","coordinates":[[-123.105327,49.268355],[-123.105119,49.268238]]}},{"type":"Feature","properties":{"meters":2,"rate":2.0,"len_m":21,"dev_m":0.0,"bent":false},"geometry":{"type":"LineString","coordinates":[[-123.102866,49.26774],[-123.102657,49.26787]]}},{"type":"Feature","properties":{"meters":2,"rate":2.0,"len_m":26,"dev_m":0.0,"bent":false},"geometry":{"type":"LineString","coordinates":[[-123.105491,49.269156],[-123.105344,49.269368]]}},{"type":"Feature","properties":{"meters":4,"rate":4.5,"len_m":13,"dev_m":0.0,"bent":false},"geometry":{"type":"LineString","coordinates":[[-123.138333,49.259785],[-123.138333,49.259785],[-123.138155,49.259782],[-123.138155,49.259782]]}},{"type":"Feature","properties":{"meters":2,"rate":2.0,"len_m":22,"dev_m":0.0,"bent":false},"geometry":{"type":"LineString","coordinates":[[-123.108825,49.263784],[-123.108578,49.263895]]}},{"type":"Feature","properties":{"meters":3,"rate":3.5,"len_m":43,"dev_m":6.9,"bent":false},"geometry":{"type":"LineString","coordinates":[[-123.122993,49.275345],[-123.122713,49.275537],[-123.122869,49.275604]]}},{"type":"Feature","properties":{"meters":2,"rate":1.5,"len_m":12,"dev_m":0.0,"bent":false},"geometry":{"type":"LineString","coordinates":[[-123.090435,49.224472],[-123.090387,49.224577]]}},{"type":"Feature","properties":{"meters":2,"rate":2.0,"len_m":23,"dev_m":0.0,"bent":false},"geometry":{"type":"LineString","coordinates":[[-123.111907,49.266557],[-123.111641,49.266667]]}},{"type":"Feature","properties":{"meters":2,"rate":1.5,"len_m":19,"dev_m":0.0,"bent":false},"geometry":{"type":"LineString","coordinates":[[-123.101548,49.283288],[-123.101362,49.283165]]}},{"type":"Feature","properties":{"meters":4,"rate":1.5,"len_m":13,"dev_m":0.0,"bent":false},"geometry":{"type":"LineString","coordinates":[[-123.100021,49.26322],[-123.100021,49.26322],[-123.099933,49.26312],[-123.099933,49.26312]]}},{"type":"Feature","properties":{"meters":7,"rate":2.0,"len_m":37,"dev_m":0.0,"bent":false},"geometry":{"type":"LineString","coordinates":[[-123.146536,49.265529],[-123.146386,49.265527],[-123.146386,49.265527],[-123.146207,49.265524],[-123.146207,49.265524],[-123.146025,49.265521],[-123.146025,49.265521]]}},{"type":"Feature","properties":{"meters":3,"rate":2.0,"len_m":39,"dev_m":8.7,"bent":false},"geometry":{"type":"LineString","coordinates":[[-123.101924,49.280367],[-123.101674,49.280485],[-123.101544,49.280359]]}},{"type":"Feature","properties":{"meters":2,"rate":1.5,"len_m":17,"dev_m":0.0,"bent":false},"geometry":{"type":"LineString","coordinates":[[-123.127854,49.290911],[-123.127848,49.290755]]}},{"type":"Feature","properties":{"meters":2,"rate":2.5,"len_m":17,"dev_m":0.0,"bent":false},"geometry":{"type":"LineString","coordinates":[[-123.114539,49.277857],[-123.114503,49.278007]]}},{"type":"Feature","properties":{"meters":6,"rate":3.0,"len_m":96,"dev_m":8.7,"bent":false},"geometry":{"type":"LineString","coordinates":[[-123.069636,49.275107],[-123.069624,49.275387],[-123.06941,49.275527],[-123.069179,49.27571],[-123.069079,49.275715],[-123.069094,49.2758]]}},{"type":"Feature","properties":{"meters":2,"rate":1.5,"len_m":26,"dev_m":0.0,"bent":false},"geometry":{"type":"LineString","coordinates":[[-123.098184,49.272146],[-123.09793,49.271984]]}},{"type":"Feature","properties":{"meters":2,"rate":2.0,"len_m":20,"dev_m":0.0,"bent":false},"geometry":{"type":"LineString","coordinates":[[-123.108803,49.269227],[-123.108782,49.269403]]}},{"type":"Feature","properties":{"meters":2,"rate":2.0,"len_m":12,"dev_m":0.0,"bent":false},"geometry":{"type":"LineString","coordinates":[[-123.110348,49.269268],[-123.110208,49.26933]]}},{"type":"Feature","properties":{"meters":2,"rate":4.5,"len_m":25,"dev_m":0.0,"bent":false},"geometry":{"type":"LineString","coordinates":[[-123.138847,49.259347],[-123.138587,49.259496]]}},{"type":"Feature","properties":{"meters":3,"rate":5.0,"len_m":36,"dev_m":7.3,"bent":false},"geometry":{"type":"LineString","coordinates":[[-123.126434,49.286434],[-123.126249,49.2864],[-123.126188,49.286598]]}},{"type":"Feature","properties":{"meters":2,"rate":1.5,"len_m":21,"dev_m":0.0,"bent":false},"geometry":{"type":"LineString","coordinates":[[-123.090747,49.230454],[-123.090496,49.230553]]}},{"type":"Feature","properties":{"meters":4,"rate":5.5,"len_m":49,"dev_m":6.6,"bent":false},"geometry":{"type":"LineString","coordinates":[[-123.114032,49.263996],[-123.113882,49.263877],[-123.113652,49.263877],[-123.113522,49.263985]]}},{"type":"Feature","properties":{"meters":4,"rate":5.0,"len_m":55,"dev_m":8.6,"bent":false},"geometry":{"type":"LineString","coordinates":[[-123.124518,49.284882],[-123.124286,49.284868],[-123.124253,49.285064],[-123.124041,49.285029]]}},{"type":"Feature","properties":{"meters":2,"rate":1.5,"len_m":0,"dev_m":0.0,"bent":false},"geometry":{"type":"LineString","coordinates":[[-123.099867,49.265549],[-123.099867,49.265549]]}},{"type":"Feature","properties":{"meters":2,"rate":4.0,"len_m":25,"dev_m":0.0,"bent":false},"geometry":{"type":"LineString","coordinates":[[-123.107521,49.283132],[-123.107307,49.28296]]}},{"type":"Feature","properties":{"meters":2,"rate":2.0,"len_m":27,"dev_m":0.0,"bent":false},"geometry":{"type":"LineString","coordinates":[[-123.110905,49.267183],[-123.110707,49.266975]]}},{"type":"Feature","properties":{"meters":2,"rate":2.0,"len_m":18,"dev_m":0.0,"bent":false},"geometry":{"type":"LineString","coordinates":[[-123.108701,49.265593],[-123.10853,49.265711]]}},{"type":"Feature","properties":{"meters":2,"rate":2.0,"len_m":14,"dev_m":0.0,"bent":false},"geometry":{"type":"LineString","coordinates":[[-123.123226,49.277907],[-123.123098,49.277819]]}},{"type":"Feature","properties":{"meters":2,"rate":1.5,"len_m":32,"dev_m":0.0,"bent":false},"geometry":{"type":"LineString","coordinates":[[-123.132192,49.290678],[-123.131877,49.29048]]}},{"type":"Feature","properties":{"meters":2,"rate":2.0,"len_m":22,"dev_m":0.0,"bent":false},"geometry":{"type":"LineString","coordinates":[[-123.12002,49.278768],[-123.119722,49.278774]]}},{"type":"Feature","properties":{"meters":4,"rate":2.0,"len_m":42,"dev_m":7.9,"bent":false},"geometry":{"type":"LineString","coordinates":[[-123.106014,49.263836],[-123.106008,49.263733],[-123.105859,49.263837],[-123.105756,49.263728]]}},{"type":"Feature","properties":{"meters":2,"rate":2.0,"len_m":0,"dev_m":0.0,"bent":false},"geometry":{"type":"LineString","coordinates":[[-123.130936,49.280474],[-123.130936,49.280474]]}},{"type":"Feature","properties":{"meters":2,"rate":3.0,"len_m":12,"dev_m":0.0,"bent":false},"geometry":{"type":"LineString","coordinates":[[-123.140585,49.287791],[-123.140474,49.287711]]}},{"type":"Feature","properties":{"meters":2,"rate":5.0,"len_m":14,"dev_m":0.0,"bent":false},"geometry":{"type":"LineString","coordinates":[[-123.125969,49.279007],[-123.125781,49.279025]]}},{"type":"Feature","properties":{"meters":2,"rate":3.5,"len_m":28,"dev_m":0.0,"bent":false},"geometry":{"type":"LineString","coordinates":[[-123.119028,49.275252],[-123.118642,49.275245]]}},{"type":"Feature","properties":{"meters":2,"rate":1.5,"len_m":11,"dev_m":0.0,"bent":false},"geometry":{"type":"LineString","coordinates":[[-123.059841,49.281441],[-123.059693,49.281421]]}},{"type":"Feature","properties":{"meters":4,"rate":2.0,"len_m":37,"dev_m":7.2,"bent":false},"geometry":{"type":"LineString","coordinates":[[-123.103576,49.269108],[-123.103526,49.26934],[-123.103526,49.26934],[-123.103373,49.269325]]}},{"type":"Feature","properties":{"meters":2,"rate":6.5,"len_m":14,"dev_m":0.0,"bent":false},"geometry":{"type":"LineString","coordinates":[[-123.117618,49.280341],[-123.117495,49.280248]]}},{"type":"Feature","properties":{"meters":3,"rate":2.0,"len_m":45,"dev_m":2.6,"bent":false},"geometry":{"type":"LineString","coordinates":[[-123.125375,49.284151],[-123.125229,49.28442],[-123.125096,49.284507]]}},{"type":"Feature","properties":{"meters":2,"rate":2.0,"len_m":19,"dev_m":0.0,"bent":false},"geometry":{"type":"LineString","coordinates":[[-123.109517,49.266959],[-123.109335,49.267087]]}},{"type":"Feature","properties":{"meters":2,"rate":1.5,"len_m":14,"dev_m":0.0,"bent":false},"geometry":{"type":"LineString","coordinates":[[-123.129841,49.28961],[-123.129648,49.28959]]}},{"type":"Feature","properties":{"meters":2,"rate":2.0,"len_m":13,"dev_m":0.0,"bent":false},"geometry":{"type":"LineString","coordinates":[[-123.070128,49.267855],[-123.070094,49.267745]]}},{"type":"Feature","properties":{"meters":2,"rate":2.0,"len_m":24,"dev_m":0.0,"bent":false},"geometry":{"type":"LineString","coordinates":[[-123.140737,49.286641],[-123.140666,49.286427]]}},{"type":"Feature","properties":{"meters":2,"rate":2.0,"len_m":17,"dev_m":0.0,"bent":false},"geometry":{"type":"LineString","coordinates":[[-123.069796,49.266663],[-123.069569,49.266657]]}},{"type":"Feature","properties":{"meters":2,"rate":1.5,"len_m":0,"dev_m":0.0,"bent":false},"geometry":{"type":"LineString","coordinates":[[-123.101163,49.249357],[-123.101163,49.249357]]}},{"type":"Feature","properties":{"meters":3,"rate":1.5,"len_m":11,"dev_m":0.0,"bent":false},"geometry":{"type":"LineString","coordinates":[[-123.10054,49.251218],[-123.100505,49.251118],[-123.100505,49.251118]]}},{"type":"Feature","properties":{"meters":2,"rate":1.5,"len_m":27,"dev_m":0.0,"bent":false},"geometry":{"type":"LineString","coordinates":[[-123.100582,49.254733],[-123.10026,49.254848]]}},{"type":"Feature","properties":{"meters":2,"rate":3.25,"len_m":14,"dev_m":0.0,"bent":false},"geometry":{"type":"LineString","coordinates":[[-123.117996,49.279924],[-123.117802,49.27993]]}},{"type":"Feature","properties":{"meters":2,"rate":6.5,"len_m":28,"dev_m":0.0,"bent":false},"geometry":{"type":"LineString","coordinates":[[-123.119524,49.280357],[-123.11915,49.280428]]}},{"type":"Feature","properties":{"meters":2,"rate":1.5,"len_m":14,"dev_m":0.0,"bent":false},"geometry":{"type":"LineString","coordinates":[[-123.099235,49.282341],[-123.099036,49.282336]]}},{"type":"Feature","properties":{"meters":2,"rate":3.5,"len_m":27,"dev_m":0.0,"bent":false},"geometry":{"type":"LineString","coordinates":[[-123.121671,49.275619],[-123.121412,49.27579]]}},{"type":"Feature","properties":{"meters":2,"rate":6.5,"len_m":18,"dev_m":0.0,"bent":false},"geometry":{"type":"LineString","coordinates":[[-123.114499,49.286939],[-123.114271,49.287002]]}},{"type":"Feature","properties":{"meters":2,"rate":1.5,"len_m":20,"dev_m":0.0,"bent":false},"geometry":{"type":"LineString","coordinates":[[-123.080001,49.265294],[-123.080001,49.265115]]}},{"type":"Feature","properties":{"meters":2,"rate":2.5,"len_m":22,"dev_m":0.0,"bent":false},"geometry":{"type":"LineString","coordinates":[[-123.107132,49.27705],[-123.106932,49.277198]]}},{"type":"Feature","properties":{"meters":5,"rate":2.0,"len_m":77,"dev_m":9.1,"bent":false},"geometry":{"type":"LineString","coordinates":[[-123.106713,49.268],[-123.106539,49.267979],[-123.106538,49.2682],[-123.106194,49.268258],[-123.106112,49.268369]]}},{"type":"Feature","properties":{"meters":4,"rate":1.5,"len_m":56,"dev_m":6.3,"bent":false},"geometry":{"type":"LineString","coordinates":[[-123.097967,49.282191],[-123.097672,49.282106],[-123.097662,49.281988],[-123.097473,49.281868]]}},{"type":"Feature","properties":{"meters":2,"rate":2.0,"len_m":20,"dev_m":0.0,"bent":false},"geometry":{"type":"LineString","coordinates":[[-123.106093,49.27978],[-123.10587,49.279891]]}},{"type":"Feature","properties":{"meters":2,"rate":2.5,"len_m":14,"dev_m":0.0,"bent":false},"geometry":{"type":"LineString","coordinates":[[-123.11653,49.278516],[-123.116356,49.278471]]}},{"type":"Feature","properties":{"meters":2,"rate":1.5,"len_m":25,"dev_m":0.0,"bent":false},"geometry":{"type":"LineString","coordinates":[[-123.102369,49.280956],[-123.102183,49.280765]]}},{"type":"Feature","properties":{"meters":2,"rate":2.5,"len_m":17,"dev_m":0.0,"bent":false},"geometry":{"type":"LineString","coordinates":[[-123.107749,49.277924],[-123.107544,49.277843]]}},{"type":"Feature","properties":{"meters":2,"rate":5.0,"len_m":21,"dev_m":0.0,"bent":false},"geometry":{"type":"LineString","coordinates":[[-123.123407,49.285166],[-123.123376,49.284979]]}},{"type":"Feature","properties":{"meters":2,"rate":2.0,"len_m":24,"dev_m":0.0,"bent":false},"geometry":{"type":"LineString","coordinates":[[-123.126516,49.274468],[-123.126187,49.274501]]}},{"type":"Feature","properties":{"meters":2,"rate":1.5,"len_m":12,"dev_m":0.0,"bent":false},"geometry":{"type":"LineString","coordinates":[[-123.205735,49.275201],[-123.205582,49.275156]]}},{"type":"Feature","properties":{"meters":3,"rate":2.0,"len_m":17,"dev_m":0.0,"bent":false},"geometry":{"type":"LineString","coordinates":[[-123.148222,49.263473],[-123.148057,49.263365],[-123.148057,49.263365]]}},{"type":"Feature","properties":{"meters":2,"rate":2.0,"len_m":13,"dev_m":0.0,"bent":false},"geometry":{"type":"LineString","coordinates":[[-123.102961,49.265183],[-123.102784,49.265184]]}},{"type":"Feature","properties":{"meters":2,"rate":2.0,"len_m":16,"dev_m":0.0,"bent":false},"geometry":{"type":"LineString","coordinates":[[-123.122066,49.277411],[-123.121989,49.277276]]}},{"type":"Feature","properties":{"meters":3,"rate":1.5,"len_m":37,"dev_m":7.2,"bent":false},"geometry":{"type":"LineString","coordinates":[[-123.101411,49.245248],[-123.101133,49.245293],[-123.101135,49.245435]]}},{"type":"Feature","properties":{"meters":2,"rate":2.0,"len_m":25,"dev_m":0.0,"bent":false},"geometry":{"type":"LineString","coordinates":[[-123.128101,49.28682],[-123.128029,49.286597]]}},{"type":"Feature","properties":{"meters":2,"rate":2.5,"len_m":29,"dev_m":0.0,"bent":false},"geometry":{"type":"LineString","coordinates":[[-123.113101,49.280612],[-123.112999,49.280863]]}},{"type":"Feature","properties":{"meters":2,"rate":2.0,"len_m":15,"dev_m":0.0,"bent":false},"geometry":{"type":"LineString","coordinates":[[-123.125196,49.275341],[-123.125083,49.275226]]}},{"type":"Feature","properties":{"meters":2,"rate":3.5,"len_m":21,"dev_m":0.0,"bent":false},"geometry":{"type":"LineString","coordinates":[[-123.152907,49.233615],[-123.152619,49.233613]]}},{"type":"Feature","properties":{"meters":3,"rate":1.5,"len_m":41,"dev_m":1.8,"bent":false},"geometry":{"type":"LineString","coordinates":[[-123.101264,49.25366],[-123.101235,49.25375],[-123.100999,49.253979]]}},{"type":"Feature","properties":{"meters":3,"rate":5.5,"len_m":26,"dev_m":0.0,"bent":false},"geometry":{"type":"LineString","coordinates":[[-123.125309,49.261943],[-123.125303,49.262177],[-123.125303,49.262177]]}},{"type":"Feature","properties":{"meters":2,"rate":2.5,"len_m":13,"dev_m":0.0,"bent":false},"geometry":{"type":"LineString","coordinates":[[-123.117401,49.279217],[-123.117269,49.279139]]}},{"type":"Feature","properties":{"meters":2,"rate":3.0,"len_m":24,"dev_m":0.0,"bent":false},"geometry":{"type":"LineString","coordinates":[[-123.140865,49.288097],[-123.140565,49.288178]]}},{"type":"Feature","properties":{"meters":3,"rate":3.5,"len_m":50,"dev_m":8.8,"bent":false},"geometry":{"type":"LineString","coordinates":[[-123.122357,49.275934],[-123.121987,49.276012],[-123.121954,49.276209]]}},{"type":"Feature","properties":{"meters":2,"rate":1.5,"len_m":21,"dev_m":0.0,"bent":false},"geometry":{"type":"LineString","coordinates":[[-123.102188,49.267279],[-123.10196,49.267393]]}},{"type":"Feature","properties":{"meters":2,"rate":1.5,"len_m":24,"dev_m":0.0,"bent":false},"geometry":{"type":"LineString","coordinates":[[-123.058514,49.281246],[-123.05831,49.281075]]}},{"type":"Feature","properties":{"meters":2,"rate":2.0,"len_m":17,"dev_m":0.0,"bent":false},"geometry":{"type":"LineString","coordinates":[[-123.120594,49.278385],[-123.120364,49.27835]]}},{"type":"Feature","properties":{"meters":2,"rate":3.0,"len_m":21,"dev_m":0.0,"bent":false},"geometry":{"type":"LineString","coordinates":[[-123.138318,49.289819],[-123.138027,49.289837]]}},{"type":"Feature","properties":{"meters":2,"rate":2.0,"len_m":20,"dev_m":0.0,"bent":false},"geometry":{"type":"LineString","coordinates":[[-123.069897,49.261708],[-123.069684,49.261601]]}},{"type":"Feature","properties":{"meters":2,"rate":3.5,"len_m":22,"dev_m":0.0,"bent":false},"geometry":{"type":"LineString","coordinates":[[-123.153763,49.234474],[-123.15363,49.234651]]}},{"type":"Feature","properties":{"meters":2,"rate":2.5,"len_m":18,"dev_m":0.0,"bent":false},"geometry":{"type":"LineString","coordinates":[[-123.105084,49.279252],[-123.104872,49.279332]]}},{"type":"Feature","properties":{"meters":2,"rate":2.5,"len_m":10,"dev_m":0.0,"bent":false},"geometry":{"type":"LineString","coordinates":[[-123.16641,49.268636],[-123.166291,49.268592]]}},{"type":"Feature","properties":{"meters":2,"rate":2.0,"len_m":16,"dev_m":0.0,"bent":false},"geometry":{"type":"LineString","coordinates":[[-123.129345,49.281699],[-123.129294,49.28156]]}},{"type":"Feature","properties":{"meters":2,"rate":5.0,"len_m":20,"dev_m":0.0,"bent":false},"geometry":{"type":"LineString","coordinates":[[-123.124084,49.288673],[-123.124038,49.288495]]}},{"type":"Feature","properties":{"meters":2,"rate":0.75,"len_m":29,"dev_m":0.0,"bent":false},"geometry":{"type":"LineString","coordinates":[[-123.101272,49.259196],[-123.100884,49.259242]]}},{"type":"Feature","properties":{"meters":2,"rate":2.5,"len_m":24,"dev_m":0.0,"bent":false},"geometry":{"type":"LineString","coordinates":[[-123.113052,49.28133],[-123.112724,49.281356]]}},{"type":"Feature","properties":{"meters":2,"rate":1.5,"len_m":12,"dev_m":0.0,"bent":false},"geometry":{"type":"LineString","coordinates":[[-123.147792,49.27497],[-123.147625,49.274992]]}},{"type":"Feature","properties":{"meters":2,"rate":2.0,"len_m":30,"dev_m":0.0,"bent":false},"geometry":{"type":"LineString","coordinates":[[-123.129909,49.285012],[-123.12961,49.28482]]}},{"type":"Feature","properties":{"meters":2,"rate":3.5,"len_m":31,"dev_m":0.0,"bent":false},"geometry":{"type":"LineString","coordinates":[[-123.14171,49.267867],[-123.141286,49.267857]]}},{"type":"Feature","properties":{"meters":2,"rate":2.5,"len_m":12,"dev_m":0.0,"bent":false},"geometry":{"type":"LineString","coordinates":[[-123.11218,49.282664],[-123.112097,49.282573]]}},{"type":"Feature","properties":{"meters":2,"rate":2.0,"len_m":15,"dev_m":0.0,"bent":false},"geometry":{"type":"LineString","coordinates":[[-123.130699,49.279971],[-123.130593,49.280082]]}},{"type":"Feature","properties":{"meters":2,"rate":1.5,"len_m":24,"dev_m":0.0,"bent":false},"geometry":{"type":"LineString","coordinates":[[-123.101433,49.24478],[-123.101151,49.244886]]}},{"type":"Feature","properties":{"meters":2,"rate":2.0,"len_m":19,"dev_m":0.0,"bent":false},"geometry":{"type":"LineString","coordinates":[[-123.108623,49.267398],[-123.108432,49.267508]]}},{"type":"Feature","properties":{"meters":2,"rate":3.5,"len_m":18,"dev_m":0.0,"bent":false},"geometry":{"type":"LineString","coordinates":[[-123.119084,49.278108],[-123.118831,49.278102]]}},{"type":"Feature","properties":{"meters":2,"rate":2.0,"len_m":15,"dev_m":0.0,"bent":false},"geometry":{"type":"LineString","coordinates":[[-123.110248,49.263805],[-123.110144,49.263918]]}},{"type":"Feature","properties":{"meters":2,"rate":2.0,"len_m":16,"dev_m":0.0,"bent":false},"geometry":{"type":"LineString","coordinates":[[-123.123505,49.276458],[-123.123424,49.276325]]}},{"type":"Feature","properties":{"meters":2,"rate":1.5,"len_m":14,"dev_m":0.0,"bent":false},"geometry":{"type":"LineString","coordinates":[[-123.114718,49.254919],[-123.114608,49.25481]]}},{"type":"Feature","properties":{"meters":2,"rate":6.5,"len_m":0,"dev_m":0.0,"bent":false},"geometry":{"type":"LineString","coordinates":[[-123.112606,49.28493],[-123.112606,49.28493]]}},{"type":"Feature","properties":{"meters":2,"rate":4.0,"len_m":12,"dev_m":0.0,"bent":false},"geometry":{"type":"LineString","coordinates":[[-123.107937,49.284204],[-123.107906,49.284097]]}},{"type":"Feature","properties":{"meters":2,"rate":1.5,"len_m":22,"dev_m":0.0,"bent":false},"geometry":{"type":"LineString","coordinates":[[-123.101745,49.266372],[-123.101492,49.26648]]}},{"type":"Feature","properties":{"meters":3,"rate":2.0,"len_m":35,"dev_m":6.6,"bent":false},"geometry":{"type":"LineString","coordinates":[[-123.106235,49.267468],[-123.105988,49.267354],[-123.10591,49.267457]]}},{"type":"Feature","properties":{"meters":2,"rate":2.0,"len_m":25,"dev_m":0.0,"bent":false},"geometry":{"type":"LineString","coordinates":[[-123.106866,49.265091],[-123.106621,49.265248]]}},{"type":"Feature","properties":{"meters":2,"rate":2.5,"len_m":16,"dev_m":0.0,"bent":false},"geometry":{"type":"LineString","coordinates":[[-123.107724,49.27921],[-123.107508,49.279242]]}},{"type":"Feature","properties":{"meters":2,"rate":1.5,"len_m":20,"dev_m":0.0,"bent":false},"geometry":{"type":"LineString","coordinates":[[-123.09869,49.283109],[-123.098486,49.283234]]}},{"type":"Feature","properties":{"meters":2,"rate":3.0,"len_m":22,"dev_m":0.0,"bent":false},"geometry":{"type":"LineString","coordinates":[[-123.136562,49.292284],[-123.136347,49.292151]]}},{"type":"Feature","properties":{"meters":1,"rate":2.5,"single":true},"geometry":{"type":"Point","coordinates":[-123.115827,49.280264]}},{"type":"Feature","properties":{"meters":1,"rate":2.0,"single":true},"geometry":{"type":"Point","coordinates":[-123.126409,49.277183]}},{"type":"Feature","properties":{"meters":1,"rate":2.5,"single":true},"geometry":{"type":"Point","coordinates":[-123.142303,49.270552]}},{"type":"Feature","properties":{"meters":1,"rate":3.5,"single":true},"geometry":{"type":"Point","coordinates":[-123.148775,49.268155]}},{"type":"Feature","properties":{"meters":1,"rate":1.5,"single":true},"geometry":{"type":"Point","coordinates":[-123.097241,49.27218]}},{"type":"Feature","properties":{"meters":1,"rate":3.5,"single":true},"geometry":{"type":"Point","coordinates":[-123.123644,49.275405]}},{"type":"Feature","properties":{"meters":1,"rate":3.0,"single":true},"geometry":{"type":"Point","coordinates":[-123.13939,49.291202]}},{"type":"Feature","properties":{"meters":1,"rate":2.0,"single":true},"geometry":{"type":"Point","coordinates":[-123.097396,49.284352]}},{"type":"Feature","properties":{"meters":1,"rate":1.5,"single":true},"geometry":{"type":"Point","coordinates":[-123.100565,49.249305]}},{"type":"Feature","properties":{"meters":1,"rate":3.0,"single":true},"geometry":{"type":"Point","coordinates":[-123.141149,49.287479]}},{"type":"Feature","properties":{"meters":1,"rate":2.0,"single":true},"geometry":{"type":"Point","coordinates":[-123.132915,49.280165]}},{"type":"Feature","properties":{"meters":1,"rate":2.0,"single":true},"geometry":{"type":"Point","coordinates":[-123.110923,49.266024]}},{"type":"Feature","properties":{"meters":1,"rate":1.5,"single":true},"geometry":{"type":"Point","coordinates":[-123.148213,49.27441]}},{"type":"Feature","properties":{"meters":1,"rate":2.5,"single":true},"geometry":{"type":"Point","coordinates":[-123.11612,49.278882]}},{"type":"Feature","properties":{"meters":1,"rate":1.5,"single":true},"geometry":{"type":"Point","coordinates":[-123.098916,49.268302]}},{"type":"Feature","properties":{"meters":1,"rate":5.0,"single":true},"geometry":{"type":"Point","coordinates":[-123.119824,49.288661]}},{"type":"Feature","properties":{"meters":1,"rate":1.0,"single":true},"geometry":{"type":"Point","coordinates":[-123.104809,49.271568]}},{"type":"Feature","properties":{"meters":1,"rate":4.5,"single":true},"geometry":{"type":"Point","coordinates":[-123.138174,49.261663]}},{"type":"Feature","properties":{"meters":1,"rate":5.0,"single":true},"geometry":{"type":"Point","coordinates":[-123.124361,49.280199]}},{"type":"Feature","properties":{"meters":1,"rate":1.5,"single":true},"geometry":{"type":"Point","coordinates":[-123.094746,49.271746]}},{"type":"Feature","properties":{"meters":1,"rate":2.0,"single":true},"geometry":{"type":"Point","coordinates":[-123.107396,49.271505]}},{"type":"Feature","properties":{"meters":1,"rate":4.0,"single":true},"geometry":{"type":"Point","coordinates":[-123.102722,49.28319]}},{"type":"Feature","properties":{"meters":1,"rate":2.0,"single":true},"geometry":{"type":"Point","coordinates":[-123.109291,49.271305]}},{"type":"Feature","properties":{"meters":1,"rate":0.75,"single":true},"geometry":{"type":"Point","coordinates":[-123.090508,49.227312]}},{"type":"Feature","properties":{"meters":1,"rate":2.0,"single":true},"geometry":{"type":"Point","coordinates":[-123.127455,49.286228]}},{"type":"Feature","properties":{"meters":1,"rate":1.5,"single":true},"geometry":{"type":"Point","coordinates":[-123.146255,49.276534]}},{"type":"Feature","properties":{"meters":1,"rate":1.0,"single":true},"geometry":{"type":"Point","coordinates":[-123.109549,49.264616]}},{"type":"Feature","properties":{"meters":1,"rate":2.0,"single":true},"geometry":{"type":"Point","coordinates":[-123.097636,49.277695]}},{"type":"Feature","properties":{"meters":1,"rate":1.0,"single":true},"geometry":{"type":"Point","coordinates":[-123.145366,49.267099]}},{"type":"Feature","properties":{"meters":1,"rate":1.5,"single":true},"geometry":{"type":"Point","coordinates":[-123.104604,49.263698]}},{"type":"Feature","properties":{"meters":1,"rate":1.0,"single":true},"geometry":{"type":"Point","coordinates":[-123.12507,49.276679]}},{"type":"Feature","properties":{"meters":1,"rate":1.0,"single":true},"geometry":{"type":"Point","coordinates":[-123.112564,49.266567]}},{"type":"Feature","properties":{"meters":1,"rate":2.0,"single":true},"geometry":{"type":"Point","coordinates":[-123.112171,49.264862]}},{"type":"Feature","properties":{"meters":1,"rate":3.5,"single":true},"geometry":{"type":"Point","coordinates":[-123.155743,49.23738]}},{"type":"Feature","properties":{"meters":1,"rate":2.5,"single":true},"geometry":{"type":"Point","coordinates":[-123.114943,49.277045]}},{"type":"Feature","properties":{"meters":1,"rate":3.25,"single":true},"geometry":{"type":"Point","coordinates":[-123.113632,49.284072]}},{"type":"Feature","properties":{"meters":1,"rate":1.5,"single":true},"geometry":{"type":"Point","coordinates":[-123.088078,49.266388]}},{"type":"Feature","properties":{"meters":1,"rate":1.5,"single":true},"geometry":{"type":"Point","coordinates":[-123.214371,49.275803]}},{"type":"Feature","properties":{"meters":1,"rate":1.5,"single":true},"geometry":{"type":"Point","coordinates":[-123.102029,49.269082]}},{"type":"Feature","properties":{"meters":1,"rate":5.0,"single":true},"geometry":{"type":"Point","coordinates":[-123.120224,49.287752]}},{"type":"Feature","properties":{"meters":1,"rate":2.0,"single":true},"geometry":{"type":"Point","coordinates":[-123.101487,49.270259]}},{"type":"Feature","properties":{"meters":1,"rate":1.25,"single":true},"geometry":{"type":"Point","coordinates":[-123.104779,49.279194]}},{"type":"Feature","properties":{"meters":1,"rate":2.0,"single":true},"geometry":{"type":"Point","coordinates":[-123.108769,49.270192]}},{"type":"Feature","properties":{"meters":1,"rate":1.75,"single":true},"geometry":{"type":"Point","coordinates":[-123.125121,49.27412]}},{"type":"Feature","properties":{"meters":1,"rate":1.5,"single":true},"geometry":{"type":"Point","coordinates":[-123.207665,49.274686]}},{"type":"Feature","properties":{"meters":1,"rate":1.25,"single":true},"geometry":{"type":"Point","coordinates":[-123.107832,49.279804]}},{"type":"Feature","properties":{"meters":1,"rate":1.5,"single":true},"geometry":{"type":"Point","coordinates":[-123.115969,49.255404]}},{"type":"Feature","properties":{"meters":1,"rate":1.25,"single":true},"geometry":{"type":"Point","coordinates":[-123.114927,49.278072]}},{"type":"Feature","properties":{"meters":1,"rate":5.0,"single":true},"geometry":{"type":"Point","coordinates":[-123.122866,49.288337]}},{"type":"Feature","properties":{"meters":1,"rate":1.5,"single":true},"geometry":{"type":"Point","coordinates":[-123.146266,49.27598]}},{"type":"Feature","properties":{"meters":1,"rate":2.5,"single":true},"geometry":{"type":"Point","coordinates":[-123.112087,49.280714]}},{"type":"Feature","properties":{"meters":1,"rate":3.5,"single":true},"geometry":{"type":"Point","coordinates":[-123.153557,49.233623]}},{"type":"Feature","properties":{"meters":1,"rate":2.0,"single":true},"geometry":{"type":"Point","coordinates":[-123.133981,49.279467]}},{"type":"Feature","properties":{"meters":1,"rate":1.5,"single":true},"geometry":{"type":"Point","coordinates":[-123.149981,49.275507]}},{"type":"Feature","properties":{"meters":1,"rate":4.5,"single":true},"geometry":{"type":"Point","coordinates":[-123.139101,49.258966]}},{"type":"Feature","properties":{"meters":1,"rate":5.0,"single":true},"geometry":{"type":"Point","coordinates":[-123.122883,49.28599]}},{"type":"Feature","properties":{"meters":1,"rate":1.5,"single":true},"geometry":{"type":"Point","coordinates":[-123.153355,49.248157]}},{"type":"Feature","properties":{"meters":1,"rate":1.5,"single":true},"geometry":{"type":"Point","coordinates":[-123.036457,49.234587]}},{"type":"Feature","properties":{"meters":1,"rate":2.0,"single":true},"geometry":{"type":"Point","coordinates":[-123.09533,49.28453]}},{"type":"Feature","properties":{"meters":1,"rate":5.0,"single":true},"geometry":{"type":"Point","coordinates":[-123.123316,49.280272]}},{"type":"Feature","properties":{"meters":1,"rate":3.5,"single":true},"geometry":{"type":"Point","coordinates":[-123.118558,49.276833]}},{"type":"Feature","properties":{"meters":1,"rate":1.0,"single":true},"geometry":{"type":"Point","coordinates":[-123.109447,49.271439]}},{"type":"Feature","properties":{"meters":1,"rate":2.0,"single":true},"geometry":{"type":"Point","coordinates":[-123.133482,49.284729]}},{"type":"Feature","properties":{"meters":1,"rate":1.5,"single":true},"geometry":{"type":"Point","coordinates":[-123.202176,49.271115]}},{"type":"Feature","properties":{"meters":1,"rate":2.0,"single":true},"geometry":{"type":"Point","coordinates":[-123.104708,49.269903]}},{"type":"Feature","properties":{"meters":1,"rate":0.75,"single":true},"geometry":{"type":"Point","coordinates":[-123.035117,49.233529]}},{"type":"Feature","properties":{"meters":1,"rate":6.5,"single":true},"geometry":{"type":"Point","coordinates":[-123.1178,49.288685]}},{"type":"Feature","properties":{"meters":1,"rate":0.75,"single":true},"geometry":{"type":"Point","coordinates":[-123.095647,49.271818]}},{"type":"Feature","properties":{"meters":1,"rate":1.5,"single":true},"geometry":{"type":"Point","coordinates":[-123.20667,49.274845]}},{"type":"Feature","properties":{"meters":1,"rate":2.0,"single":true},"geometry":{"type":"Point","coordinates":[-123.100324,49.279555]}},{"type":"Feature","properties":{"meters":1,"rate":5.0,"single":true},"geometry":{"type":"Point","coordinates":[-123.124706,49.280435]}},{"type":"Feature","properties":{"meters":1,"rate":2.0,"single":true},"geometry":{"type":"Point","coordinates":[-123.108132,49.270188]}},{"type":"Feature","properties":{"meters":1,"rate":4.0,"single":true},"geometry":{"type":"Point","coordinates":[-123.106236,49.284045]}},{"type":"Feature","properties":{"meters":1,"rate":0.75,"single":true},"geometry":{"type":"Point","coordinates":[-123.101025,49.253585]}},{"type":"Feature","properties":{"meters":1,"rate":2.0,"single":true},"geometry":{"type":"Point","coordinates":[-123.127078,49.275605]}},{"type":"Feature","properties":{"meters":1,"rate":2.5,"single":true},"geometry":{"type":"Point","coordinates":[-123.117346,49.287045]}},{"type":"Feature","properties":{"meters":1,"rate":3.5,"single":true},"geometry":{"type":"Point","coordinates":[-123.158668,49.233307]}},{"type":"Feature","properties":{"meters":1,"rate":2.0,"single":true},"geometry":{"type":"Point","coordinates":[-123.104646,49.271183]}},{"type":"Feature","properties":{"meters":1,"rate":1.5,"single":true},"geometry":{"type":"Point","coordinates":[-123.148606,49.276929]}},{"type":"Feature","properties":{"meters":1,"rate":4.5,"single":true},"geometry":{"type":"Point","coordinates":[-123.138749,49.261931]}},{"type":"Feature","properties":{"meters":1,"rate":1.5,"single":true},"geometry":{"type":"Point","coordinates":[-123.096083,49.267613]}},{"type":"Feature","properties":{"meters":1,"rate":5.0,"single":true},"geometry":{"type":"Point","coordinates":[-123.118373,49.286366]}},{"type":"Feature","properties":{"meters":1,"rate":1.5,"single":true},"geometry":{"type":"Point","coordinates":[-123.110716,49.244523]}},{"type":"Feature","properties":{"meters":1,"rate":2.0,"single":true},"geometry":{"type":"Point","coordinates":[-123.112685,49.266061]}},{"type":"Feature","properties":{"meters":1,"rate":2.0,"single":true},"geometry":{"type":"Point","coordinates":[-123.096947,49.282296]}},{"type":"Feature","properties":{"meters":1,"rate":1.5,"single":true},"geometry":{"type":"Point","coordinates":[-123.150993,49.274475]}},{"type":"Feature","properties":{"meters":1,"rate":2.5,"single":true},"geometry":{"type":"Point","coordinates":[-123.141019,49.270376]}},{"type":"Feature","properties":{"meters":1,"rate":3.5,"single":true},"geometry":{"type":"Point","coordinates":[-123.118224,49.277235]}},{"type":"Feature","properties":{"meters":1,"rate":6.5,"single":true},"geometry":{"type":"Point","coordinates":[-123.118146,49.279817]}},{"type":"Feature","properties":{"meters":1,"rate":2.0,"single":true},"geometry":{"type":"Point","coordinates":[-123.11742,49.267994]}},{"type":"Feature","properties":{"meters":1,"rate":3.5,"single":true},"geometry":{"type":"Point","coordinates":[-123.124132,49.273168]}},{"type":"Feature","properties":{"meters":1,"rate":3.0,"single":true},"geometry":{"type":"Point","coordinates":[-123.140453,49.288501]}},{"type":"Feature","properties":{"meters":1,"rate":2.0,"single":true},"geometry":{"type":"Point","coordinates":[-123.086329,49.281154]}},{"type":"Feature","properties":{"meters":1,"rate":5.0,"single":true},"geometry":{"type":"Point","coordinates":[-123.122232,49.283809]}},{"type":"Feature","properties":{"meters":1,"rate":2.5,"single":true},"geometry":{"type":"Point","coordinates":[-123.122897,49.288907]}},{"type":"Feature","properties":{"meters":1,"rate":2.0,"single":true},"geometry":{"type":"Point","coordinates":[-123.099251,49.278628]}},{"type":"Feature","properties":{"meters":1,"rate":2.0,"single":true},"geometry":{"type":"Point","coordinates":[-123.12332,49.283535]}},{"type":"Feature","properties":{"meters":1,"rate":1.75,"single":true},"geometry":{"type":"Point","coordinates":[-123.158719,49.234567]}},{"type":"Feature","properties":{"meters":1,"rate":2.5,"single":true},"geometry":{"type":"Point","coordinates":[-123.11393,49.279654]}},{"type":"Feature","properties":{"meters":1,"rate":2.0,"single":true},"geometry":{"type":"Point","coordinates":[-123.092844,49.284033]}},{"type":"Feature","properties":{"meters":1,"rate":2.0,"single":true},"geometry":{"type":"Point","coordinates":[-123.111498,49.26485]}},{"type":"Feature","properties":{"meters":1,"rate":2.5,"single":true},"geometry":{"type":"Point","coordinates":[-123.147065,49.271648]}},{"type":"Feature","properties":{"meters":1,"rate":1.0,"single":true},"geometry":{"type":"Point","coordinates":[-123.12991,49.277188]}},{"type":"Feature","properties":{"meters":1,"rate":2.5,"single":true},"geometry":{"type":"Point","coordinates":[-123.10562,49.279447]}},{"type":"Feature","properties":{"meters":1,"rate":1.5,"single":true},"geometry":{"type":"Point","coordinates":[-123.034298,49.233022]}},{"type":"Feature","properties":{"meters":1,"rate":5.0,"single":true},"geometry":{"type":"Point","coordinates":[-123.126809,49.287187]}},{"type":"Feature","properties":{"meters":1,"rate":2.25,"single":true},"geometry":{"type":"Point","coordinates":[-123.13887,49.258814]}},{"type":"Feature","properties":{"meters":1,"rate":3.5,"single":true},"geometry":{"type":"Point","coordinates":[-123.120424,49.276444]}},{"type":"Feature","properties":{"meters":1,"rate":6.5,"single":true},"geometry":{"type":"Point","coordinates":[-123.117695,49.285435]}},{"type":"Feature","properties":{"meters":1,"rate":1.5,"single":true},"geometry":{"type":"Point","coordinates":[-123.090227,49.229128]}},{"type":"Feature","properties":{"meters":1,"rate":1.5,"single":true},"geometry":{"type":"Point","coordinates":[-123.099542,49.280674]}},{"type":"Feature","properties":{"meters":1,"rate":3.5,"single":true},"geometry":{"type":"Point","coordinates":[-123.159329,49.268315]}},{"type":"Feature","properties":{"meters":1,"rate":2.5,"single":true},"geometry":{"type":"Point","coordinates":[-123.142251,49.269685]}},{"type":"Feature","properties":{"meters":1,"rate":2.5,"single":true},"geometry":{"type":"Point","coordinates":[-123.113951,49.278787]}},{"type":"Feature","properties":{"meters":1,"rate":0.75,"single":true},"geometry":{"type":"Point","coordinates":[-123.101323,49.247126]}},{"type":"Feature","properties":{"meters":1,"rate":1.5,"single":true},"geometry":{"type":"Point","coordinates":[-123.203401,49.272094]}},{"type":"Feature","properties":{"meters":1,"rate":2.0,"single":true},"geometry":{"type":"Point","coordinates":[-123.133595,49.280614]}},{"type":"Feature","properties":{"meters":1,"rate":1.5,"single":true},"geometry":{"type":"Point","coordinates":[-123.111045,49.26333]}},{"type":"Feature","properties":{"meters":1,"rate":1.0,"single":true},"geometry":{"type":"Point","coordinates":[-123.143256,49.263586]}},{"type":"Feature","properties":{"meters":1,"rate":4.0,"single":true},"geometry":{"type":"Point","coordinates":[-123.102306,49.282023]}},{"type":"Feature","properties":{"meters":1,"rate":1.5,"single":true},"geometry":{"type":"Point","coordinates":[-123.096026,49.272277]}},{"type":"Feature","properties":{"meters":1,"rate":2.0,"single":true},"geometry":{"type":"Point","coordinates":[-123.102462,49.283185]}},{"type":"Feature","properties":{"meters":1,"rate":1.0,"single":true},"geometry":{"type":"Point","coordinates":[-123.105016,49.26563]}},{"type":"Feature","properties":{"meters":1,"rate":1.75,"single":true},"geometry":{"type":"Point","coordinates":[-123.157594,49.268062]}},{"type":"Feature","properties":{"meters":1,"rate":6.5,"single":true},"geometry":{"type":"Point","coordinates":[-123.123111,49.281852]}},{"type":"Feature","properties":{"meters":1,"rate":2.5,"single":true},"geometry":{"type":"Point","coordinates":[-123.171001,49.268181]}},{"type":"Feature","properties":{"meters":1,"rate":1.75,"single":true},"geometry":{"type":"Point","coordinates":[-123.121046,49.273699]}},{"type":"Feature","properties":{"meters":1,"rate":5.0,"single":true},"geometry":{"type":"Point","coordinates":[-123.123168,49.288634]}},{"type":"Feature","properties":{"meters":1,"rate":2.0,"single":true},"geometry":{"type":"Point","coordinates":[-123.098119,49.280418]}},{"type":"Feature","properties":{"meters":1,"rate":1.5,"single":true},"geometry":{"type":"Point","coordinates":[-123.105426,49.241073]}},{"type":"Feature","properties":{"meters":1,"rate":2.75,"single":true},"geometry":{"type":"Point","coordinates":[-123.131447,49.263332]}},{"type":"Feature","properties":{"meters":1,"rate":6.5,"single":true},"geometry":{"type":"Point","coordinates":[-123.121734,49.281316]}},{"type":"Feature","properties":{"meters":1,"rate":2.5,"single":true},"geometry":{"type":"Point","coordinates":[-123.116232,49.27619]}},{"type":"Feature","properties":{"meters":1,"rate":6.5,"single":true},"geometry":{"type":"Point","coordinates":[-123.117021,49.287966]}},{"type":"Feature","properties":{"meters":1,"rate":5.5,"single":true},"geometry":{"type":"Point","coordinates":[-123.125133,49.26423]}},{"type":"Feature","properties":{"meters":1,"rate":2.5,"single":true},"geometry":{"type":"Point","coordinates":[-123.122224,49.286508]}},{"type":"Feature","properties":{"meters":1,"rate":0.75,"single":true},"geometry":{"type":"Point","coordinates":[-123.034183,49.233406]}},{"type":"Feature","properties":{"meters":1,"rate":3.0,"single":true},"geometry":{"type":"Point","coordinates":[-123.069975,49.270468]}},{"type":"Feature","properties":{"meters":1,"rate":2.5,"single":true},"geometry":{"type":"Point","coordinates":[-123.108989,49.280811]}},{"type":"Feature","properties":{"meters":1,"rate":1.5,"single":true},"geometry":{"type":"Point","coordinates":[-123.150178,49.275952]}},{"type":"Feature","properties":{"meters":1,"rate":1.5,"single":true},"geometry":{"type":"Point","coordinates":[-123.098333,49.281398]}},{"type":"Feature","properties":{"meters":1,"rate":1.5,"single":true},"geometry":{"type":"Point","coordinates":[-123.100243,49.282361]}},{"type":"Feature","properties":{"meters":1,"rate":2.0,"single":true},"geometry":{"type":"Point","coordinates":[-123.121608,49.278424]}},{"type":"Feature","properties":{"meters":1,"rate":1.0,"single":true},"geometry":{"type":"Point","coordinates":[-123.097443,49.279508]}},{"type":"Feature","properties":{"meters":1,"rate":2.0,"single":true},"geometry":{"type":"Point","coordinates":[-123.100955,49.279443]}},{"type":"Feature","properties":{"meters":1,"rate":1.5,"single":true},"geometry":{"type":"Point","coordinates":[-123.20727,49.274542]}},{"type":"Feature","properties":{"meters":1,"rate":1.5,"single":true},"geometry":{"type":"Point","coordinates":[-123.098489,49.273356]}},{"type":"Feature","properties":{"meters":1,"rate":6.5,"single":true},"geometry":{"type":"Point","coordinates":[-123.114242,49.285635]}},{"type":"Feature","properties":{"meters":1,"rate":0.75,"single":true},"geometry":{"type":"Point","coordinates":[-123.099675,49.283978]}},{"type":"Feature","properties":{"meters":1,"rate":3.5,"single":true},"geometry":{"type":"Point","coordinates":[-123.118707,49.275656]}},{"type":"Feature","properties":{"meters":1,"rate":2.0,"single":true},"geometry":{"type":"Point","coordinates":[-123.140506,49.28615]}},{"type":"Feature","properties":{"meters":1,"rate":2.0,"single":true},"geometry":{"type":"Point","coordinates":[-123.103382,49.266391]}},{"type":"Feature","properties":{"meters":1,"rate":1.5,"single":true},"geometry":{"type":"Point","coordinates":[-123.100085,49.283262]}},{"type":"Feature","properties":{"meters":1,"rate":2.0,"single":true},"geometry":{"type":"Point","coordinates":[-123.131047,49.281056]}},{"type":"Feature","properties":{"meters":1,"rate":3.0,"single":true},"geometry":{"type":"Point","coordinates":[-123.138,49.288847]}},{"type":"Feature","properties":{"meters":1,"rate":1.5,"single":true},"geometry":{"type":"Point","coordinates":[-123.115276,49.255235]}},{"type":"Feature","properties":{"meters":1,"rate":2.0,"single":true},"geometry":{"type":"Point","coordinates":[-123.131865,49.286758]}},{"type":"Feature","properties":{"meters":1,"rate":3.5,"single":true},"geometry":{"type":"Point","coordinates":[-123.156435,49.268271]}},{"type":"Feature","properties":{"meters":1,"rate":2.0,"single":true},"geometry":{"type":"Point","coordinates":[-123.097516,49.280886]}},{"type":"Feature","properties":{"meters":1,"rate":5.0,"single":true},"geometry":{"type":"Point","coordinates":[-123.122626,49.285514]}},{"type":"Feature","properties":{"meters":1,"rate":1.5,"single":true},"geometry":{"type":"Point","coordinates":[-123.093871,49.271904]}},{"type":"Feature","properties":{"meters":1,"rate":2.0,"single":true},"geometry":{"type":"Point","coordinates":[-123.124246,49.278045]}},{"type":"Feature","properties":{"meters":1,"rate":1.5,"single":true},"geometry":{"type":"Point","coordinates":[-123.090456,49.232283]}},{"type":"Feature","properties":{"meters":1,"rate":3.0,"single":true},"geometry":{"type":"Point","coordinates":[-123.143419,49.29095]}},{"type":"Feature","properties":{"meters":1,"rate":1.75,"single":true},"geometry":{"type":"Point","coordinates":[-123.150283,49.268212]}},{"type":"Feature","properties":{"meters":1,"rate":2.5,"single":true},"geometry":{"type":"Point","coordinates":[-123.139616,49.268006]}},{"type":"Feature","properties":{"meters":1,"rate":2.5,"single":true},"geometry":{"type":"Point","coordinates":[-123.111767,49.278952]}},{"type":"Feature","properties":{"meters":1,"rate":2.0,"single":true},"geometry":{"type":"Point","coordinates":[-123.12465,49.281942]}},{"type":"Feature","properties":{"meters":1,"rate":3.5,"single":true},"geometry":{"type":"Point","coordinates":[-123.158656,49.2339]}},{"type":"Feature","properties":{"meters":1,"rate":5.0,"single":true},"geometry":{"type":"Point","coordinates":[-123.120457,49.284989]}},{"type":"Feature","properties":{"meters":1,"rate":1.5,"single":true},"geometry":{"type":"Point","coordinates":[-123.129018,49.291527]}},{"type":"Feature","properties":{"meters":1,"rate":2.5,"single":true},"geometry":{"type":"Point","coordinates":[-123.113912,49.281362]}},{"type":"Feature","properties":{"meters":1,"rate":1.5,"single":true},"geometry":{"type":"Point","coordinates":[-123.148432,49.276286]}},{"type":"Feature","properties":{"meters":1,"rate":2.0,"single":true},"geometry":{"type":"Point","coordinates":[-123.096457,49.284078]}},{"type":"Feature","properties":{"meters":1,"rate":1.5,"single":true},"geometry":{"type":"Point","coordinates":[-123.128188,49.287331]}},{"type":"Feature","properties":{"meters":1,"rate":2.0,"single":true},"geometry":{"type":"Point","coordinates":[-123.102423,49.279783]}},{"type":"Feature","properties":{"meters":1,"rate":1.5,"single":true},"geometry":{"type":"Point","coordinates":[-123.08618,49.270617]}},{"type":"Feature","properties":{"meters":1,"rate":1.5,"single":true},"geometry":{"type":"Point","coordinates":[-123.208674,49.274698]}},{"type":"Feature","properties":{"meters":1,"rate":5.0,"single":true},"geometry":{"type":"Point","coordinates":[-123.1248,49.287357]}},{"type":"Feature","properties":{"meters":1,"rate":1.5,"single":true},"geometry":{"type":"Point","coordinates":[-123.147606,49.275829]}},{"type":"Feature","properties":{"meters":1,"rate":2.25,"single":true},"geometry":{"type":"Point","coordinates":[-123.138494,49.261803]}},{"type":"Feature","properties":{"meters":1,"rate":2.0,"single":true},"geometry":{"type":"Point","coordinates":[-123.102411,49.282277]}},{"type":"Feature","properties":{"meters":1,"rate":2.0,"single":true},"geometry":{"type":"Point","coordinates":[-123.128431,49.282302]}},{"type":"Feature","properties":{"meters":1,"rate":1.0,"single":true},"geometry":{"type":"Point","coordinates":[-123.136252,49.264534]}},{"type":"Feature","properties":{"meters":1,"rate":2.0,"single":true},"geometry":{"type":"Point","coordinates":[-123.109282,49.283716]}},{"type":"Feature","properties":{"meters":1,"rate":5.0,"single":true},"geometry":{"type":"Point","coordinates":[-123.126572,49.278117]}},{"type":"Feature","properties":{"meters":1,"rate":2.0,"single":true},"geometry":{"type":"Point","coordinates":[-123.129714,49.278595]}},{"type":"Feature","properties":{"meters":1,"rate":1.5,"single":true},"geometry":{"type":"Point","coordinates":[-123.122528,49.246909]}},{"type":"Feature","properties":{"meters":1,"rate":1.5,"single":true},"geometry":{"type":"Point","coordinates":[-123.090715,49.267534]}},{"type":"Feature","properties":{"meters":1,"rate":2.5,"single":true},"geometry":{"type":"Point","coordinates":[-123.115403,49.275391]}},{"type":"Feature","properties":{"meters":1,"rate":1.0,"single":true},"geometry":{"type":"Point","coordinates":[-123.145901,49.26722]}},{"type":"Feature","properties":{"meters":1,"rate":3.25,"single":true},"geometry":{"type":"Point","coordinates":[-123.115226,49.285621]}},{"type":"Feature","properties":{"meters":1,"rate":5.5,"single":true},"geometry":{"type":"Point","coordinates":[-123.116418,49.26493]}},{"type":"Feature","properties":{"meters":1,"rate":4.5,"single":true},"geometry":{"type":"Point","coordinates":[-123.139571,49.262712]}},{"type":"Feature","properties":{"meters":1,"rate":2.0,"single":true},"geometry":{"type":"Point","coordinates":[-123.11265,49.26681]}},{"type":"Feature","properties":{"meters":1,"rate":2.5,"single":true},"geometry":{"type":"Point","coordinates":[-123.114186,49.277632]}},{"type":"Feature","properties":{"meters":1,"rate":5.0,"single":true},"geometry":{"type":"Point","coordinates":[-123.125303,49.280826]}},{"type":"Feature","properties":{"meters":1,"rate":1.75,"single":true},"geometry":{"type":"Point","coordinates":[-123.148154,49.268145]}},{"type":"Feature","properties":{"meters":1,"rate":3.25,"single":true},"geometry":{"type":"Point","coordinates":[-123.117189,49.284336]}},{"type":"Feature","properties":{"meters":1,"rate":3.5,"single":true},"geometry":{"type":"Point","coordinates":[-123.123918,49.274134]}},{"type":"Feature","properties":{"meters":1,"rate":1.5,"single":true},"geometry":{"type":"Point","coordinates":[-123.201219,49.26895]}},{"type":"Feature","properties":{"meters":1,"rate":2.0,"single":true},"geometry":{"type":"Point","coordinates":[-123.104809,49.267153]}},{"type":"Feature","properties":{"meters":1,"rate":1.5,"single":true},"geometry":{"type":"Point","coordinates":[-123.100853,49.250928]}},{"type":"Feature","properties":{"meters":1,"rate":2.0,"single":true},"geometry":{"type":"Point","coordinates":[-123.109761,49.269239]}},{"type":"Feature","properties":{"meters":1,"rate":5.0,"single":true},"geometry":{"type":"Point","coordinates":[-123.119741,49.285188]}},{"type":"Feature","properties":{"meters":1,"rate":1.5,"single":true},"geometry":{"type":"Point","coordinates":[-123.09183,49.266891]}},{"type":"Feature","properties":{"meters":1,"rate":1.5,"single":true},"geometry":{"type":"Point","coordinates":[-123.087664,49.266508]}},{"type":"Feature","properties":{"meters":1,"rate":4.0,"single":true},"geometry":{"type":"Point","coordinates":[-123.105056,49.282685]}},{"type":"Feature","properties":{"meters":1,"rate":3.0,"single":true},"geometry":{"type":"Point","coordinates":[-123.137272,49.291363]}},{"type":"Feature","properties":{"meters":1,"rate":1.5,"single":true},"geometry":{"type":"Point","coordinates":[-123.149365,49.275298]}},{"type":"Feature","properties":{"meters":1,"rate":1.5,"single":true},"geometry":{"type":"Point","coordinates":[-123.092278,49.271645]}},{"type":"Feature","properties":{"meters":1,"rate":2.0,"single":true},"geometry":{"type":"Point","coordinates":[-123.089467,49.280839]}},{"type":"Feature","properties":{"meters":1,"rate":5.0,"single":true},"geometry":{"type":"Point","coordinates":[-123.121293,49.28702]}},{"type":"Feature","properties":{"meters":1,"rate":2.5,"single":true},"geometry":{"type":"Point","coordinates":[-123.106405,49.278241]}},{"type":"Feature","properties":{"meters":1,"rate":5.0,"single":true},"geometry":{"type":"Point","coordinates":[-123.123641,49.28899]}},{"type":"Feature","properties":{"meters":1,"rate":0.75,"single":true},"geometry":{"type":"Point","coordinates":[-123.100828,49.262139]}},{"type":"Feature","properties":{"meters":1,"rate":1.5,"single":true},"geometry":{"type":"Point","coordinates":[-123.212406,49.27523]}},{"type":"Feature","properties":{"meters":1,"rate":1.0,"single":true},"geometry":{"type":"Point","coordinates":[-123.095447,49.284059]}},{"type":"Feature","properties":{"meters":1,"rate":2.0,"single":true},"geometry":{"type":"Point","coordinates":[-123.100809,49.280346]}},{"type":"Feature","properties":{"meters":1,"rate":1.5,"single":true},"geometry":{"type":"Point","coordinates":[-123.15148,49.272832]}},{"type":"Feature","properties":{"meters":1,"rate":5.0,"single":true},"geometry":{"type":"Point","coordinates":[-123.1256,49.286849]}},{"type":"Feature","properties":{"meters":1,"rate":2.5,"single":true},"geometry":{"type":"Point","coordinates":[-123.118404,49.274342]}},{"type":"Feature","properties":{"meters":1,"rate":1.5,"single":true},"geometry":{"type":"Point","coordinates":[-123.146314,49.27504]}},{"type":"Feature","properties":{"meters":1,"rate":6.5,"single":true},"geometry":{"type":"Point","coordinates":[-123.113546,49.286313]}},{"type":"Feature","properties":{"meters":1,"rate":1.5,"single":true},"geometry":{"type":"Point","coordinates":[-123.088945,49.271081]}},{"type":"Feature","properties":{"meters":1,"rate":1.5,"single":true},"geometry":{"type":"Point","coordinates":[-123.091465,49.268023]}},{"type":"Feature","properties":{"meters":1,"rate":1.25,"single":true},"geometry":{"type":"Point","coordinates":[-123.106375,49.279444]}},{"type":"Feature","properties":{"meters":1,"rate":1.0,"single":true},"geometry":{"type":"Point","coordinates":[-123.070027,49.266048]}},{"type":"Feature","properties":{"meters":1,"rate":2.0,"single":true},"geometry":{"type":"Point","coordinates":[-123.105744,49.264735]}},{"type":"Feature","properties":{"meters":1,"rate":1.25,"single":true},"geometry":{"type":"Point","coordinates":[-123.113421,49.281842]}},{"type":"Feature","properties":{"meters":1,"rate":5.0,"single":true},"geometry":{"type":"Point","coordinates":[-123.124536,49.285912]}},{"type":"Feature","properties":{"meters":1,"rate":1.5,"single":true},"geometry":{"type":"Point","coordinates":[-123.209857,49.263763]}},{"type":"Feature","properties":{"meters":1,"rate":2.0,"single":true},"geometry":{"type":"Point","coordinates":[-123.102814,49.268528]}},{"type":"Feature","properties":{"meters":1,"rate":3.5,"single":true},"geometry":{"type":"Point","coordinates":[-123.157594,49.233701]}},{"type":"Feature","properties":{"meters":1,"rate":5.0,"single":true},"geometry":{"type":"Point","coordinates":[-123.111039,49.283248]}},{"type":"Feature","properties":{"meters":1,"rate":2.0,"single":true},"geometry":{"type":"Point","coordinates":[-123.112814,49.267238]}},{"type":"Feature","properties":{"meters":1,"rate":2.5,"single":true},"geometry":{"type":"Point","coordinates":[-123.103106,49.276569]}},{"type":"Feature","properties":{"meters":1,"rate":1.5,"single":true},"geometry":{"type":"Point","coordinates":[-123.092747,49.266891]}},{"type":"Feature","properties":{"meters":1,"rate":0.75,"single":true},"geometry":{"type":"Point","coordinates":[-123.091005,49.267966]}},{"type":"Feature","properties":{"meters":1,"rate":1.75,"single":true},"geometry":{"type":"Point","coordinates":[-123.119847,49.277422]}},{"type":"Feature","properties":{"meters":1,"rate":5.0,"single":true},"geometry":{"type":"Point","coordinates":[-123.109541,49.282761]}},{"type":"Feature","properties":{"meters":1,"rate":5.0,"single":true},"geometry":{"type":"Point","coordinates":[-123.123567,49.286124]}},{"type":"Feature","properties":{"meters":1,"rate":3.5,"single":true},"geometry":{"type":"Point","coordinates":[-123.157028,49.231789]}},{"type":"Feature","properties":{"meters":1,"rate":0.75,"single":true},"geometry":{"type":"Point","coordinates":[-123.171121,49.264511]}},{"type":"Feature","properties":{"meters":1,"rate":0.75,"single":true},"geometry":{"type":"Point","coordinates":[-123.100811,49.252211]}},{"type":"Feature","properties":{"meters":1,"rate":2.5,"single":true},"geometry":{"type":"Point","coordinates":[-123.103768,49.276943]}},{"type":"Feature","properties":{"meters":1,"rate":6.5,"single":true},"geometry":{"type":"Point","coordinates":[-123.118664,49.288591]}},{"type":"Feature","properties":{"meters":1,"rate":1.5,"single":true},"geometry":{"type":"Point","coordinates":[-123.084164,49.265651]}},{"type":"Feature","properties":{"meters":1,"rate":2.5,"single":true},"geometry":{"type":"Point","coordinates":[-123.167028,49.268271]}},{"type":"Feature","properties":{"meters":1,"rate":1.0,"single":true},"geometry":{"type":"Point","coordinates":[-123.110968,49.267555]}},{"type":"Feature","properties":{"meters":1,"rate":6.5,"single":true},"geometry":{"type":"Point","coordinates":[-123.115266,49.281917]}},{"type":"Feature","properties":{"meters":1,"rate":1.0,"single":true},"geometry":{"type":"Point","coordinates":[-123.127307,49.277622]}},{"type":"Feature","properties":{"meters":1,"rate":2.0,"single":true},"geometry":{"type":"Point","coordinates":[-123.107758,49.264776]}},{"type":"Feature","properties":{"meters":1,"rate":2.0,"single":true},"geometry":{"type":"Point","coordinates":[-123.099843,49.280227]}},{"type":"Feature","properties":{"meters":1,"rate":0.75,"single":true},"geometry":{"type":"Point","coordinates":[-123.114987,49.255991]}},{"type":"Feature","properties":{"meters":1,"rate":2.5,"single":true},"geometry":{"type":"Point","coordinates":[-123.11463,49.280891]}},{"type":"Feature","properties":{"meters":1,"rate":5.0,"single":true},"geometry":{"type":"Point","coordinates":[-123.124289,49.281063]}},{"type":"Feature","properties":{"meters":1,"rate":2.0,"single":true},"geometry":{"type":"Point","coordinates":[-123.135376,49.28855]}},{"type":"Feature","properties":{"meters":1,"rate":1.5,"single":true},"geometry":{"type":"Point","coordinates":[-123.105659,49.281633]}},{"type":"Feature","properties":{"meters":1,"rate":2.0,"single":true},"geometry":{"type":"Point","coordinates":[-123.124834,49.276845]}},{"type":"Feature","properties":{"meters":1,"rate":1.5,"single":true},"geometry":{"type":"Point","coordinates":[-123.09483,49.272076]}},{"type":"Feature","properties":{"meters":1,"rate":2.5,"single":true},"geometry":{"type":"Point","coordinates":[-123.119563,49.288009]}},{"type":"Feature","properties":{"meters":1,"rate":3.5,"single":true},"geometry":{"type":"Point","coordinates":[-123.12124,49.27382]}},{"type":"Feature","properties":{"meters":1,"rate":4.0,"single":true},"geometry":{"type":"Point","coordinates":[-123.109042,49.284415]}},{"type":"Feature","properties":{"meters":1,"rate":2.0,"single":true},"geometry":{"type":"Point","coordinates":[-123.111404,49.26576]}},{"type":"Feature","properties":{"meters":1,"rate":2.0,"single":true},"geometry":{"type":"Point","coordinates":[-123.108319,49.271523]}},{"type":"Feature","properties":{"meters":1,"rate":4.0,"single":true},"geometry":{"type":"Point","coordinates":[-123.109743,49.284546]}},{"type":"Feature","properties":{"meters":1,"rate":2.5,"single":true},"geometry":{"type":"Point","coordinates":[-123.125347,49.288548]}},{"type":"Feature","properties":{"meters":1,"rate":2.0,"single":true},"geometry":{"type":"Point","coordinates":[-123.104673,49.270594]}},{"type":"Feature","properties":{"meters":1,"rate":1.5,"single":true},"geometry":{"type":"Point","coordinates":[-123.100939,49.283276]}},{"type":"Feature","properties":{"meters":1,"rate":1.5,"single":true},"geometry":{"type":"Point","coordinates":[-123.202141,49.270406]}},{"type":"Feature","properties":{"meters":1,"rate":2.5,"single":true},"geometry":{"type":"Point","coordinates":[-123.102796,49.277249]}},{"type":"Feature","properties":{"meters":1,"rate":6.5,"single":true},"geometry":{"type":"Point","coordinates":[-123.121267,49.281626]}},{"type":"Feature","properties":{"meters":1,"rate":3.0,"single":true},"geometry":{"type":"Point","coordinates":[-123.137371,49.290283]}},{"type":"Feature","properties":{"meters":1,"rate":2.5,"single":true},"geometry":{"type":"Point","coordinates":[-123.116558,49.279159]}},{"type":"Feature","properties":{"meters":1,"rate":1.5,"single":true},"geometry":{"type":"Point","coordinates":[-123.129676,49.291755]}},{"type":"Feature","properties":{"meters":1,"rate":2.5,"single":true},"geometry":{"type":"Point","coordinates":[-123.116921,49.275729]}},{"type":"Feature","properties":{"meters":1,"rate":1.75,"single":true},"geometry":{"type":"Point","coordinates":[-123.117064,49.27691]}},{"type":"Feature","properties":{"meters":1,"rate":2.0,"single":true},"geometry":{"type":"Point","coordinates":[-123.130776,49.275339]}},{"type":"Feature","properties":{"meters":1,"rate":0.75,"single":true},"geometry":{"type":"Point","coordinates":[-123.102363,49.28121]}},{"type":"Feature","properties":{"meters":1,"rate":1.5,"single":true},"geometry":{"type":"Point","coordinates":[-123.133899,49.291793]}},{"type":"Feature","properties":{"meters":1,"rate":2.0,"single":true},"geometry":{"type":"Point","coordinates":[-123.101856,49.270071]}},{"type":"Feature","properties":{"meters":1,"rate":1.5,"single":true},"geometry":{"type":"Point","coordinates":[-123.208464,49.263898]}},{"type":"Feature","properties":{"meters":1,"rate":1.5,"single":true},"geometry":{"type":"Point","coordinates":[-123.128096,49.289229]}},{"type":"Feature","properties":{"meters":1,"rate":1.5,"single":true},"geometry":{"type":"Point","coordinates":[-123.098466,49.273879]}},{"type":"Feature","properties":{"meters":1,"rate":2.0,"single":true},"geometry":{"type":"Point","coordinates":[-123.123275,49.282859]}},{"type":"Feature","properties":{"meters":1,"rate":1.25,"single":true},"geometry":{"type":"Point","coordinates":[-123.113742,49.281631]}},{"type":"Feature","properties":{"meters":1,"rate":3.5,"single":true},"geometry":{"type":"Point","coordinates":[-123.125258,49.274032]}},{"type":"Feature","properties":{"meters":1,"rate":3.5,"single":true},"geometry":{"type":"Point","coordinates":[-123.117791,49.277341]}},{"type":"Feature","properties":{"meters":1,"rate":5.0,"single":true},"geometry":{"type":"Point","coordinates":[-123.11145,49.282982]}},{"type":"Feature","properties":{"meters":1,"rate":1.75,"single":true},"geometry":{"type":"Point","coordinates":[-123.12034,49.277287]}},{"type":"Feature","properties":{"meters":1,"rate":1.5,"single":true},"geometry":{"type":"Point","coordinates":[-123.12796,49.289637]}},{"type":"Feature","properties":{"meters":1,"rate":1.5,"single":true},"geometry":{"type":"Point","coordinates":[-123.090042,49.270956]}},{"type":"Feature","properties":{"meters":1,"rate":3.5,"single":true},"geometry":{"type":"Point","coordinates":[-123.154975,49.232946]}},{"type":"Feature","properties":{"meters":1,"rate":5.0,"single":true},"geometry":{"type":"Point","coordinates":[-123.126048,49.287741]}},{"type":"Feature","properties":{"meters":1,"rate":2.5,"single":true},"geometry":{"type":"Point","coordinates":[-123.110457,49.279128]}},{"type":"Feature","properties":{"meters":1,"rate":2.0,"single":true},"geometry":{"type":"Point","coordinates":[-123.129085,49.277727]}},{"type":"Feature","properties":{"meters":1,"rate":2.5,"single":true},"geometry":{"type":"Point","coordinates":[-123.146001,49.269865]}},{"type":"Feature","properties":{"meters":1,"rate":3.5,"single":true},"geometry":{"type":"Point","coordinates":[-123.122367,49.273904]}},{"type":"Feature","properties":{"meters":1,"rate":2.0,"single":true},"geometry":{"type":"Point","coordinates":[-123.110359,49.26482]}},{"type":"Feature","properties":{"meters":1,"rate":5.5,"single":true},"geometry":{"type":"Point","coordinates":[-123.125322,49.261422]}},{"type":"Feature","properties":{"meters":1,"rate":1.25,"single":true},"geometry":{"type":"Point","coordinates":[-123.139728,49.268008]}},{"type":"Feature","properties":{"meters":1,"rate":5.0,"single":true},"geometry":{"type":"Point","coordinates":[-123.121529,49.288502]}},{"type":"Feature","properties":{"meters":1,"rate":3.5,"single":true},"geometry":{"type":"Point","coordinates":[-123.155578,49.237012]}},{"type":"Feature","properties":{"meters":1,"rate":2.0,"single":true},"geometry":{"type":"Point","coordinates":[-123.126692,49.27417]}},{"type":"Feature","properties":{"meters":1,"rate":2.75,"single":true},"geometry":{"type":"Point","coordinates":[-123.115856,49.264094]}},{"type":"Feature","properties":{"meters":1,"rate":0.75,"single":true},"geometry":{"type":"Point","coordinates":[-123.101434,49.258454]}},{"type":"Feature","properties":{"meters":1,"rate":2.0,"single":true},"geometry":{"type":"Point","coordinates":[-123.107909,49.26648]}},{"type":"Feature","properties":{"meters":1,"rate":2.5,"single":true},"geometry":{"type":"Point","coordinates":[-123.102227,49.278142]}},{"type":"Feature","properties":{"meters":1,"rate":0.75,"single":true},"geometry":{"type":"Point","coordinates":[-123.099745,49.282393]}},{"type":"Feature","properties":{"meters":1,"rate":0.75,"single":true},"geometry":{"type":"Point","coordinates":[-123.081606,49.265366]}},{"type":"Feature","properties":{"meters":1,"rate":1.5,"single":true},"geometry":{"type":"Point","coordinates":[-123.130922,49.288875]}},{"type":"Feature","properties":{"meters":1,"rate":5.0,"single":true},"geometry":{"type":"Point","coordinates":[-123.110273,49.282873]}},{"type":"Feature","properties":{"meters":1,"rate":1.5,"single":true},"geometry":{"type":"Point","coordinates":[-123.06025,49.281083]}},{"type":"Feature","properties":{"meters":1,"rate":3.0,"single":true},"geometry":{"type":"Point","coordinates":[-123.138331,49.289065]}},{"type":"Feature","properties":{"meters":1,"rate":3.0,"single":true},"geometry":{"type":"Point","coordinates":[-123.14266,49.289122]}},{"type":"Feature","properties":{"meters":1,"rate":1.5,"single":true},"geometry":{"type":"Point","coordinates":[-123.090437,49.223629]}},{"type":"Feature","properties":{"meters":1,"rate":2.0,"single":true},"geometry":{"type":"Point","coordinates":[-123.10994,49.268324]}},{"type":"Feature","properties":{"meters":1,"rate":5.0,"single":true},"geometry":{"type":"Point","coordinates":[-123.122356,49.288015]}},{"type":"Feature","properties":{"meters":1,"rate":1.0,"single":true},"geometry":{"type":"Point","coordinates":[-123.110841,49.264007]}},{"type":"Feature","properties":{"meters":1,"rate":2.0,"single":true},"geometry":{"type":"Point","coordinates":[-123.126097,49.285519]}},{"type":"Feature","properties":{"meters":1,"rate":2.0,"single":true},"geometry":{"type":"Point","coordinates":[-123.105967,49.271168]}},{"type":"Feature","properties":{"meters":1,"rate":1.75,"single":true},"geometry":{"type":"Point","coordinates":[-123.157416,49.268358]}},{"type":"Feature","properties":{"meters":1,"rate":0.75,"single":true},"geometry":{"type":"Point","coordinates":[-123.101102,49.251671]}},{"type":"Feature","properties":{"meters":1,"rate":1.5,"single":true},"geometry":{"type":"Point","coordinates":[-123.101472,49.248713]}},{"type":"Feature","properties":{"meters":1,"rate":2.5,"single":true},"geometry":{"type":"Point","coordinates":[-123.116564,49.279777]}},{"type":"Feature","properties":{"meters":1,"rate":2.75,"single":true},"geometry":{"type":"Point","coordinates":[-123.115755,49.265048]}},{"type":"Feature","properties":{"meters":1,"rate":1.5,"single":true},"geometry":{"type":"Point","coordinates":[-123.091148,49.271441]}},{"type":"Feature","properties":{"meters":1,"rate":1.25,"single":true},"geometry":{"type":"Point","coordinates":[-123.143458,49.268823]}},{"type":"Feature","properties":{"meters":1,"rate":1.5,"single":true},"geometry":{"type":"Point","coordinates":[-123.12915,49.2875]}},{"type":"Feature","properties":{"meters":1,"rate":1.5,"single":true},"geometry":{"type":"Point","coordinates":[-123.091083,49.270833]}},{"type":"Feature","properties":{"meters":1,"rate":1.5,"single":true},"geometry":{"type":"Point","coordinates":[-123.101356,49.256885]}},{"type":"Feature","properties":{"meters":1,"rate":2.0,"single":true},"geometry":{"type":"Point","coordinates":[-123.107852,49.269387]}},{"type":"Feature","properties":{"meters":1,"rate":1.5,"single":true},"geometry":{"type":"Point","coordinates":[-123.127504,49.288678]}},{"type":"Feature","properties":{"meters":1,"rate":3.5,"single":true},"geometry":{"type":"Point","coordinates":[-123.158784,49.268147]}},{"type":"Feature","properties":{"meters":1,"rate":2.0,"single":true},"geometry":{"type":"Point","coordinates":[-123.123927,49.277685]}},{"type":"Feature","properties":{"meters":1,"rate":6.5,"single":true},"geometry":{"type":"Point","coordinates":[-123.120137,49.282552]}},{"type":"Feature","properties":{"meters":1,"rate":2.0,"single":true},"geometry":{"type":"Point","coordinates":[-123.127896,49.280068]}},{"type":"Feature","properties":{"meters":1,"rate":2.0,"single":true},"geometry":{"type":"Point","coordinates":[-123.129603,49.279997]}},{"type":"Feature","properties":{"meters":1,"rate":0.75,"single":true},"geometry":{"type":"Point","coordinates":[-123.095205,49.271834]}},{"type":"Feature","properties":{"meters":1,"rate":6.5,"single":true},"geometry":{"type":"Point","coordinates":[-123.117484,49.287842]}},{"type":"Feature","properties":{"meters":1,"rate":1.0,"single":true},"geometry":{"type":"Point","coordinates":[-123.123353,49.277642]}},{"type":"Feature","properties":{"meters":1,"rate":6.5,"single":true},"geometry":{"type":"Point","coordinates":[-123.116139,49.286463]}},{"type":"Feature","properties":{"meters":1,"rate":1.5,"single":true},"geometry":{"type":"Point","coordinates":[-123.09966,49.26645]}},{"type":"Feature","properties":{"meters":1,"rate":3.5,"single":true},"geometry":{"type":"Point","coordinates":[-123.122746,49.273531]}},{"type":"Feature","properties":{"meters":1,"rate":1.5,"single":true},"geometry":{"type":"Point","coordinates":[-123.089745,49.270684]}},{"type":"Feature","properties":{"meters":1,"rate":2.5,"single":true},"geometry":{"type":"Point","coordinates":[-123.111141,49.278674]}},{"type":"Feature","properties":{"meters":1,"rate":3.5,"single":true},"geometry":{"type":"Point","coordinates":[-123.157563,49.26872]}},{"type":"Feature","properties":{"meters":1,"rate":2.0,"single":true},"geometry":{"type":"Point","coordinates":[-123.134552,49.282643]}},{"type":"Feature","properties":{"meters":1,"rate":2.0,"single":true},"geometry":{"type":"Point","coordinates":[-123.104537,49.282448]}},{"type":"Feature","properties":{"meters":1,"rate":5.0,"single":true},"geometry":{"type":"Point","coordinates":[-123.117492,49.286942]}},{"type":"Feature","properties":{"meters":1,"rate":1.5,"single":true},"geometry":{"type":"Point","coordinates":[-123.101916,49.265585]}},{"type":"Feature","properties":{"meters":1,"rate":2.0,"single":true},"geometry":{"type":"Point","coordinates":[-123.138319,49.284019]}},{"type":"Feature","properties":{"meters":1,"rate":0.75,"single":true},"geometry":{"type":"Point","coordinates":[-123.101097,49.266473]}},{"type":"Feature","properties":{"meters":1,"rate":2.5,"single":true},"geometry":{"type":"Point","coordinates":[-123.109176,49.276589]}},{"type":"Feature","properties":{"meters":1,"rate":1.5,"single":true},"geometry":{"type":"Point","coordinates":[-123.090075,49.234731]}},{"type":"Feature","properties":{"meters":1,"rate":2.0,"single":true},"geometry":{"type":"Point","coordinates":[-123.126311,49.280847]}},{"type":"Feature","properties":{"meters":1,"rate":0.75,"single":true},"geometry":{"type":"Point","coordinates":[-123.106732,49.263201]}},{"type":"Feature","properties":{"meters":1,"rate":1.5,"single":true},"geometry":{"type":"Point","coordinates":[-123.090413,49.234412]}},{"type":"Feature","properties":{"meters":1,"rate":5.0,"single":true},"geometry":{"type":"Point","coordinates":[-123.124965,49.285983]}},{"type":"Feature","properties":{"meters":1,"rate":1.5,"single":true},"geometry":{"type":"Point","coordinates":[-123.127218,49.287986]}},{"type":"Feature","properties":{"meters":1,"rate":1.75,"single":true},"geometry":{"type":"Point","coordinates":[-123.116236,49.27313]}},{"type":"Feature","properties":{"meters":1,"rate":3.5,"single":true},"geometry":{"type":"Point","coordinates":[-123.12208,49.275349]}},{"type":"Feature","properties":{"meters":1,"rate":2.0,"single":true},"geometry":{"type":"Point","coordinates":[-123.097936,49.281251]}},{"type":"Feature","properties":{"meters":1,"rate":5.0,"single":true},"geometry":{"type":"Point","coordinates":[-123.124497,49.279492]}},{"type":"Feature","properties":{"meters":1,"rate":1.5,"single":true},"geometry":{"type":"Point","coordinates":[-123.146579,49.27536]}},{"type":"Feature","properties":{"meters":1,"rate":1.5,"single":true},"geometry":{"type":"Point","coordinates":[-123.1016,49.282264]}},{"type":"Feature","properties":{"meters":1,"rate":2.5,"single":true},"geometry":{"type":"Point","coordinates":[-123.114401,49.281195]}},{"type":"Feature","properties":{"meters":1,"rate":0.75,"single":true},"geometry":{"type":"Point","coordinates":[-123.090814,49.22816]}},{"type":"Feature","properties":{"meters":1,"rate":2.5,"single":true},"geometry":{"type":"Point","coordinates":[-123.144587,49.269721]}},{"type":"Feature","properties":{"meters":1,"rate":1.0,"single":true},"geometry":{"type":"Point","coordinates":[-123.152863,49.26299]}},{"type":"Feature","properties":{"meters":1,"rate":3.25,"single":true},"geometry":{"type":"Point","coordinates":[-123.118037,49.288198]}},{"type":"Feature","properties":{"meters":1,"rate":3.0,"single":true},"geometry":{"type":"Point","coordinates":[-123.1369,49.2906]}},{"type":"Feature","properties":{"meters":1,"rate":2.0,"single":true},"geometry":{"type":"Point","coordinates":[-123.126205,49.283603]}},{"type":"Feature","properties":{"meters":1,"rate":1.5,"single":true},"geometry":{"type":"Point","coordinates":[-123.069148,49.274815]}},{"type":"Feature","properties":{"meters":1,"rate":1.5,"single":true},"geometry":{"type":"Point","coordinates":[-123.116129,49.255713]}},{"type":"Feature","properties":{"meters":1,"rate":1.5,"single":true},"geometry":{"type":"Point","coordinates":[-123.114524,49.256963]}},{"type":"Feature","properties":{"meters":1,"rate":2.0,"single":true},"geometry":{"type":"Point","coordinates":[-123.138534,49.285384]}},{"type":"Feature","properties":{"meters":1,"rate":1.5,"single":true},"geometry":{"type":"Point","coordinates":[-123.089688,49.27026]}},{"type":"Feature","properties":{"meters":1,"rate":2.5,"single":true},"geometry":{"type":"Point","coordinates":[-123.11373,49.275207]}},{"type":"Feature","properties":{"meters":1,"rate":5.0,"single":true},"geometry":{"type":"Point","coordinates":[-123.121731,49.287987]}},{"type":"Feature","properties":{"meters":1,"rate":6.5,"single":true},"geometry":{"type":"Point","coordinates":[-123.112725,49.283598]}},{"type":"Feature","properties":{"meters":1,"rate":0.75,"single":true},"geometry":{"type":"Point","coordinates":[-123.101041,49.25764]}},{"type":"Feature","properties":{"meters":1,"rate":1.5,"single":true},"geometry":{"type":"Point","coordinates":[-123.132577,49.289353]}},{"type":"Feature","properties":{"meters":1,"rate":5.0,"single":true},"geometry":{"type":"Point","coordinates":[-123.108137,49.282084]}},{"type":"Feature","properties":{"meters":1,"rate":3.25,"single":true},"geometry":{"type":"Point","coordinates":[-123.113156,49.284716]}},{"type":"Feature","properties":{"meters":1,"rate":1.5,"single":true},"geometry":{"type":"Point","coordinates":[-123.110856,49.263635]}},{"type":"Feature","properties":{"meters":1,"rate":1.5,"single":true},"geometry":{"type":"Point","coordinates":[-123.13074,49.289745]}},{"type":"Feature","properties":{"meters":1,"rate":6.5,"single":true},"geometry":{"type":"Point","coordinates":[-123.11686,49.284539]}},{"type":"Feature","properties":{"meters":1,"rate":3.5,"single":true},"geometry":{"type":"Point","coordinates":[-123.140922,49.268545]}},{"type":"Feature","properties":{"meters":1,"rate":2.5,"single":true},"geometry":{"type":"Point","coordinates":[-123.146285,49.270615]}},{"type":"Feature","properties":{"meters":1,"rate":1.5,"single":true},"geometry":{"type":"Point","coordinates":[-123.100509,49.283149]}},{"type":"Feature","properties":{"meters":1,"rate":1.5,"single":true},"geometry":{"type":"Point","coordinates":[-123.101079,49.25228]}},{"type":"Feature","properties":{"meters":1,"rate":2.0,"single":true},"geometry":{"type":"Point","coordinates":[-123.10361,49.280521]}},{"type":"Feature","properties":{"meters":1,"rate":1.5,"single":true},"geometry":{"type":"Point","coordinates":[-123.100729,49.25427]}},{"type":"Feature","properties":{"meters":1,"rate":2.0,"single":true},"geometry":{"type":"Point","coordinates":[-123.137,49.265265]}},{"type":"Feature","properties":{"meters":1,"rate":3.0,"single":true},"geometry":{"type":"Point","coordinates":[-123.137864,49.288208]}},{"type":"Feature","properties":{"meters":1,"rate":2.0,"single":true},"geometry":{"type":"Point","coordinates":[-123.127797,49.282722]}},{"type":"Feature","properties":{"meters":1,"rate":5.0,"single":true},"geometry":{"type":"Point","coordinates":[-123.121739,49.286739]}},{"type":"Feature","properties":{"meters":1,"rate":3.5,"single":true},"geometry":{"type":"Point","coordinates":[-123.119384,49.274771]}},{"type":"Feature","properties":{"meters":1,"rate":1.5,"single":true},"geometry":{"type":"Point","coordinates":[-123.151476,49.273142]}},{"type":"Feature","properties":{"meters":1,"rate":2.0,"single":true},"geometry":{"type":"Point","coordinates":[-123.1072,49.269202]}},{"type":"Feature","properties":{"meters":1,"rate":2.5,"single":true},"geometry":{"type":"Point","coordinates":[-123.110776,49.280103]}},{"type":"Feature","properties":{"meters":1,"rate":1.0,"single":true},"geometry":{"type":"Point","coordinates":[-123.128232,49.282433]}},{"type":"Feature","properties":{"meters":1,"rate":3.5,"single":true},"geometry":{"type":"Point","coordinates":[-123.125457,49.273686]}},{"type":"Feature","properties":{"meters":1,"rate":2.5,"single":true},"geometry":{"type":"Point","coordinates":[-123.118409,49.274643]}},{"type":"Feature","properties":{"meters":1,"rate":1.5,"single":true},"geometry":{"type":"Point","coordinates":[-123.149979,49.276423]}},{"type":"Feature","properties":{"meters":1,"rate":3.5,"single":true},"geometry":{"type":"Point","coordinates":[-123.123814,49.275684]}},{"type":"Feature","properties":{"meters":1,"rate":1.0,"single":true},"geometry":{"type":"Point","coordinates":[-123.069361,49.264143]}},{"type":"Feature","properties":{"meters":1,"rate":2.5,"single":true},"geometry":{"type":"Point","coordinates":[-123.110679,49.28348]}},{"type":"Feature","properties":{"meters":1,"rate":1.5,"single":true},"geometry":{"type":"Point","coordinates":[-123.081925,49.265223]}},{"type":"Feature","properties":{"meters":1,"rate":5.0,"single":true},"geometry":{"type":"Point","coordinates":[-123.120332,49.285413]}},{"type":"Feature","properties":{"meters":1,"rate":2.0,"single":true},"geometry":{"type":"Point","coordinates":[-123.122821,49.276723]}},{"type":"Feature","properties":{"meters":1,"rate":3.5,"single":true},"geometry":{"type":"Point","coordinates":[-123.147436,49.267962]}},{"type":"Feature","properties":{"meters":1,"rate":3.5,"single":true},"geometry":{"type":"Point","coordinates":[-123.120426,49.277671]}},{"type":"Feature","properties":{"meters":1,"rate":1.5,"single":true},"geometry":{"type":"Point","coordinates":[-123.101268,49.283872]}},{"type":"Feature","properties":{"meters":1,"rate":2.5,"single":true},"geometry":{"type":"Point","coordinates":[-123.121358,49.288326]}},{"type":"Feature","properties":{"meters":1,"rate":1.5,"single":true},"geometry":{"type":"Point","coordinates":[-123.10197,49.281282]}},{"type":"Feature","properties":{"meters":1,"rate":1.5,"single":true},"geometry":{"type":"Point","coordinates":[-123.2058,49.274406]}},{"type":"Feature","properties":{"meters":1,"rate":1.5,"single":true},"geometry":{"type":"Point","coordinates":[-123.101307,49.254561]}},{"type":"Feature","properties":{"meters":1,"rate":2.5,"single":true},"geometry":{"type":"Point","coordinates":[-123.143839,49.268829]}},{"type":"Feature","properties":{"meters":1,"rate":4.5,"single":true},"geometry":{"type":"Point","coordinates":[-123.138047,49.262667]}},{"type":"Feature","properties":{"meters":1,"rate":2.0,"single":true},"geometry":{"type":"Point","coordinates":[-123.151093,49.262777]}},{"type":"Feature","properties":{"meters":1,"rate":3.5,"single":true},"geometry":{"type":"Point","coordinates":[-123.120252,49.272809]}},{"type":"Feature","properties":{"meters":1,"rate":3.0,"single":true},"geometry":{"type":"Point","coordinates":[-123.141343,49.292436]}},{"type":"Feature","properties":{"meters":1,"rate":2.5,"single":true},"geometry":{"type":"Point","coordinates":[-123.164612,49.268151]}},{"type":"Feature","properties":{"meters":1,"rate":5.5,"single":true},"geometry":{"type":"Point","coordinates":[-123.119345,49.264983]}},{"type":"Feature","properties":{"meters":1,"rate":2.5,"single":true},"geometry":{"type":"Point","coordinates":[-123.126758,49.286081]}},{"type":"Feature","properties":{"meters":1,"rate":2.0,"single":true},"geometry":{"type":"Point","coordinates":[-123.134592,49.282938]}},{"type":"Feature","properties":{"meters":1,"rate":1.0,"single":true},"geometry":{"type":"Point","coordinates":[-123.097631,49.284288]}},{"type":"Feature","properties":{"meters":1,"rate":2.0,"single":true},"geometry":{"type":"Point","coordinates":[-123.126032,49.275878]}},{"type":"Feature","properties":{"meters":1,"rate":5.5,"single":true},"geometry":{"type":"Point","coordinates":[-123.112785,49.263742]}},{"type":"Feature","properties":{"meters":1,"rate":3.5,"single":true},"geometry":{"type":"Point","coordinates":[-123.151163,49.268022]}},{"type":"Feature","properties":{"meters":1,"rate":2.0,"single":true},"geometry":{"type":"Point","coordinates":[-123.131251,49.285877]}},{"type":"Feature","properties":{"meters":1,"rate":2.5,"single":true},"geometry":{"type":"Point","coordinates":[-123.145073,49.270587]}},{"type":"Feature","properties":{"meters":1,"rate":0.75,"single":true},"geometry":{"type":"Point","coordinates":[-123.166575,49.263885]}},{"type":"Feature","properties":{"meters":1,"rate":3.5,"single":true},"geometry":{"type":"Point","coordinates":[-123.121974,49.273736]}},{"type":"Feature","properties":{"meters":1,"rate":1.5,"single":true},"geometry":{"type":"Point","coordinates":[-123.132785,49.293169]}},{"type":"Feature","properties":{"meters":1,"rate":1.5,"single":true},"geometry":{"type":"Point","coordinates":[-123.095692,49.271713]}},{"type":"Feature","properties":{"meters":1,"rate":2.0,"single":true},"geometry":{"type":"Point","coordinates":[-123.097573,49.280286]}},{"type":"Feature","properties":{"meters":1,"rate":2.0,"single":true},"geometry":{"type":"Point","coordinates":[-123.104936,49.264344]}},{"type":"Feature","properties":{"meters":1,"rate":1.5,"single":true},"geometry":{"type":"Point","coordinates":[-123.213463,49.275321]}},{"type":"Feature","properties":{"meters":1,"rate":3.5,"single":true},"geometry":{"type":"Point","coordinates":[-123.145486,49.267457]}},{"type":"Feature","properties":{"meters":1,"rate":1.5,"single":true},"geometry":{"type":"Point","coordinates":[-123.101278,49.258859]}},{"type":"Feature","properties":{"meters":1,"rate":2.0,"single":true},"geometry":{"type":"Point","coordinates":[-123.104378,49.265629]}},{"type":"Feature","properties":{"meters":1,"rate":2.0,"single":true},"geometry":{"type":"Point","coordinates":[-123.137511,49.281602]}},{"type":"Feature","properties":{"meters":1,"rate":1.5,"single":true},"geometry":{"type":"Point","coordinates":[-123.21113,49.274856]}},{"type":"Feature","properties":{"meters":1,"rate":6.5,"single":true},"geometry":{"type":"Point","coordinates":[-123.114787,49.28205]}},{"type":"Feature","properties":{"meters":1,"rate":2.75,"single":true},"geometry":{"type":"Point","coordinates":[-123.11736,49.263176]}},{"type":"Feature","properties":{"meters":1,"rate":4.0,"single":true},"geometry":{"type":"Point","coordinates":[-123.102294,49.282738]}},{"type":"Feature","properties":{"meters":1,"rate":0.75,"single":true},"geometry":{"type":"Point","coordinates":[-123.129269,49.291394]}},{"type":"Feature","properties":{"meters":1,"rate":1.5,"single":true},"geometry":{"type":"Point","coordinates":[-123.108176,49.242308]}},{"type":"Feature","properties":{"meters":1,"rate":1.0,"single":true},"geometry":{"type":"Point","coordinates":[-123.069238,49.266401]}},{"type":"Feature","properties":{"meters":1,"rate":5.0,"single":true},"geometry":{"type":"Point","coordinates":[-123.124951,49.288279]}},{"type":"Feature","properties":{"meters":1,"rate":2.0,"single":true},"geometry":{"type":"Point","coordinates":[-123.125416,49.276541]}},{"type":"Feature","properties":{"meters":1,"rate":2.5,"single":true},"geometry":{"type":"Point","coordinates":[-123.103859,49.277809]}},{"type":"Feature","properties":{"meters":1,"rate":1.5,"single":true},"geometry":{"type":"Point","coordinates":[-123.115936,49.254832]}},{"type":"Feature","properties":{"meters":1,"rate":2.0,"single":true},"geometry":{"type":"Point","coordinates":[-123.138907,49.287213]}},{"type":"Feature","properties":{"meters":1,"rate":3.5,"single":true},"geometry":{"type":"Point","coordinates":[-123.154314,49.268242]}},{"type":"Feature","properties":{"meters":1,"rate":5.0,"single":true},"geometry":{"type":"Point","coordinates":[-123.124486,49.288153]}},{"type":"Feature","properties":{"meters":1,"rate":2.0,"single":true},"geometry":{"type":"Point","coordinates":[-123.129885,49.27887]}},{"type":"Feature","properties":{"meters":1,"rate":2.0,"single":true},"geometry":{"type":"Point","coordinates":[-123.109307,49.270668]}},{"type":"Feature","properties":{"meters":1,"rate":2.5,"single":true},"geometry":{"type":"Point","coordinates":[-123.120977,49.285974]}},{"type":"Feature","properties":{"meters":1,"rate":1.75,"single":true},"geometry":{"type":"Point","coordinates":[-123.161518,49.234734]}},{"type":"Feature","properties":{"meters":1,"rate":1.5,"single":true},"geometry":{"type":"Point","coordinates":[-123.105284,49.2441]}},{"type":"Feature","properties":{"meters":1,"rate":1.5,"single":true},"geometry":{"type":"Point","coordinates":[-123.110278,49.244153]}},{"type":"Feature","properties":{"meters":1,"rate":0.75,"single":true},"geometry":{"type":"Point","coordinates":[-123.090702,49.223718]}},{"type":"Feature","properties":{"meters":1,"rate":2.5,"single":true},"geometry":{"type":"Point","coordinates":[-123.14598,49.268963]}},{"type":"Feature","properties":{"meters":1,"rate":1.5,"single":true},"geometry":{"type":"Point","coordinates":[-123.152283,49.274761]}},{"type":"Feature","properties":{"meters":1,"rate":1.5,"single":true},"geometry":{"type":"Point","coordinates":[-123.093933,49.210604]}},{"type":"Feature","properties":{"meters":1,"rate":2.5,"single":true},"geometry":{"type":"Point","coordinates":[-123.10833,49.276878]}},{"type":"Feature","properties":{"meters":1,"rate":2.5,"single":true},"geometry":{"type":"Point","coordinates":[-123.116276,49.277253]}},{"type":"Feature","properties":{"meters":1,"rate":1.0,"single":true},"geometry":{"type":"Point","coordinates":[-123.127156,49.283155]}},{"type":"Feature","properties":{"meters":1,"rate":1.5,"single":true},"geometry":{"type":"Point","coordinates":[-123.100403,49.267247]}},{"type":"Feature","properties":{"meters":1,"rate":2.0,"single":true},"geometry":{"type":"Point","coordinates":[-123.13695,49.286998]}},{"type":"Feature","properties":{"meters":1,"rate":3.5,"single":true},"geometry":{"type":"Point","coordinates":[-123.144633,49.268083]}},{"type":"Feature","properties":{"meters":1,"rate":2.0,"single":true},"geometry":{"type":"Point","coordinates":[-123.109485,49.271007]}},{"type":"Feature","properties":{"meters":1,"rate":2.0,"single":true},"geometry":{"type":"Point","coordinates":[-123.103569,49.27011]}},{"type":"Feature","properties":{"meters":1,"rate":1.5,"single":true},"geometry":{"type":"Point","coordinates":[-123.115689,49.250002]}},{"type":"Feature","properties":{"meters":1,"rate":2.5,"single":true},"geometry":{"type":"Point","coordinates":[-123.122508,49.280805]}},{"type":"Feature","properties":{"meters":1,"rate":1.25,"single":true},"geometry":{"type":"Point","coordinates":[-123.16657,49.268424]}},{"type":"Feature","properties":{"meters":1,"rate":2.0,"single":true},"geometry":{"type":"Point","coordinates":[-123.13993,49.286323]}},{"type":"Feature","properties":{"meters":1,"rate":0.75,"single":true},"geometry":{"type":"Point","coordinates":[-123.100739,49.254003]}},{"type":"Feature","properties":{"meters":1,"rate":2.0,"single":true},"geometry":{"type":"Point","coordinates":[-123.105993,49.270624]}},{"type":"Feature","properties":{"meters":1,"rate":2.0,"single":true},"geometry":{"type":"Point","coordinates":[-123.102822,49.271265]}},{"type":"Feature","properties":{"meters":1,"rate":2.0,"single":true},"geometry":{"type":"Point","coordinates":[-123.09659,49.284534]}},{"type":"Feature","properties":{"meters":1,"rate":2.5,"single":true},"geometry":{"type":"Point","coordinates":[-123.166448,49.268047]}},{"type":"Feature","properties":{"meters":1,"rate":2.0,"single":true},"geometry":{"type":"Point","coordinates":[-123.126779,49.283404]}},{"type":"Feature","properties":{"meters":1,"rate":0.75,"single":true},"geometry":{"type":"Point","coordinates":[-123.090933,49.224372]}},{"type":"Feature","properties":{"meters":1,"rate":2.0,"single":true},"geometry":{"type":"Point","coordinates":[-123.091721,49.284017]}},{"type":"Feature","properties":{"meters":1,"rate":2.0,"single":true},"geometry":{"type":"Point","coordinates":[-123.102961,49.270092]}},{"type":"Feature","properties":{"meters":1,"rate":3.5,"single":true},"geometry":{"type":"Point","coordinates":[-123.118417,49.273557]}},{"type":"Feature","properties":{"meters":1,"rate":2.0,"single":true},"geometry":{"type":"Point","coordinates":[-123.106825,49.270612]}},{"type":"Feature","properties":{"meters":1,"rate":1.5,"single":true},"geometry":{"type":"Point","coordinates":[-123.086448,49.270354]}},{"type":"Feature","properties":{"meters":1,"rate":2.5,"single":true},"geometry":{"type":"Point","coordinates":[-123.15543,49.270885]}},{"type":"Feature","properties":{"meters":1,"rate":2.0,"single":true},"geometry":{"type":"Point","coordinates":[-123.109651,49.264806]}},{"type":"Feature","properties":{"meters":1,"rate":1.75,"single":true},"geometry":{"type":"Point","coordinates":[-123.12242,49.276867]}},{"type":"Feature","properties":{"meters":1,"rate":2.0,"single":true},"geometry":{"type":"Point","coordinates":[-123.095765,49.284717]}},{"type":"Feature","properties":{"meters":1,"rate":2.5,"single":true},"geometry":{"type":"Point","coordinates":[-123.122323,49.288606]}},{"type":"Feature","properties":{"meters":1,"rate":2.5,"single":true},"geometry":{"type":"Point","coordinates":[-123.115598,49.274744]}},{"type":"Feature","properties":{"meters":1,"rate":1.25,"single":true},"geometry":{"type":"Point","coordinates":[-123.115005,49.274299]}},{"type":"Feature","properties":{"meters":1,"rate":3.5,"single":true},"geometry":{"type":"Point","coordinates":[-123.154337,49.233634]}},{"type":"Feature","properties":{"meters":1,"rate":3.5,"single":true},"geometry":{"type":"Point","coordinates":[-123.15799,49.231805]}},{"type":"Feature","properties":{"meters":1,"rate":5.0,"single":true},"geometry":{"type":"Point","coordinates":[-123.118817,49.287136]}},{"type":"Feature","properties":{"meters":1,"rate":6.5,"single":true},"geometry":{"type":"Point","coordinates":[-123.114279,49.282564]}},{"type":"Feature","properties":{"meters":1,"rate":5.0,"single":true},"geometry":{"type":"Point","coordinates":[-123.110056,49.2839]}},{"type":"Feature","properties":{"meters":1,"rate":1.5,"single":true},"geometry":{"type":"Point","coordinates":[-123.090417,49.233965]}},{"type":"Feature","properties":{"meters":1,"rate":2.0,"single":true},"geometry":{"type":"Point","coordinates":[-123.108676,49.264789]}},{"type":"Feature","properties":{"meters":1,"rate":2.0,"single":true},"geometry":{"type":"Point","coordinates":[-123.102069,49.283363]}},{"type":"Feature","properties":{"meters":1,"rate":1.0,"single":true},"geometry":{"type":"Point","coordinates":[-123.133641,49.281873]}},{"type":"Feature","properties":{"meters":1,"rate":2.0,"single":true},"geometry":{"type":"Point","coordinates":[-123.117545,49.268319]}},{"type":"Feature","properties":{"meters":1,"rate":1.5,"single":true},"geometry":{"type":"Point","coordinates":[-123.101567,49.256621]}},{"type":"Feature","properties":{"meters":1,"rate":5.0,"single":true},"geometry":{"type":"Point","coordinates":[-123.126055,49.279723]}},{"type":"Feature","properties":{"meters":1,"rate":1.5,"single":true},"geometry":{"type":"Point","coordinates":[-123.205234,49.272608]}},{"type":"Feature","properties":{"meters":1,"rate":0.75,"single":true},"geometry":{"type":"Point","coordinates":[-123.18611,49.263562]}},{"type":"Feature","properties":{"meters":1,"rate":2.0,"single":true},"geometry":{"type":"Point","coordinates":[-123.134209,49.276426]}},{"type":"Feature","properties":{"meters":1,"rate":2.5,"single":true},"geometry":{"type":"Point","coordinates":[-123.141608,49.269675]}},{"type":"Feature","properties":{"meters":1,"rate":6.5,"single":true},"geometry":{"type":"Point","coordinates":[-123.118316,49.2803]}},{"type":"Feature","properties":{"meters":1,"rate":1.5,"single":true},"geometry":{"type":"Point","coordinates":[-123.154589,49.248856]}},{"type":"Feature","properties":{"meters":1,"rate":2.0,"single":true},"geometry":{"type":"Point","coordinates":[-123.107241,49.270166]}},{"type":"Feature","properties":{"meters":1,"rate":2.0,"single":true},"geometry":{"type":"Point","coordinates":[-123.151807,49.262784]}},{"type":"Feature","properties":{"meters":1,"rate":1.75,"single":true},"geometry":{"type":"Point","coordinates":[-123.119731,49.276909]}},{"type":"Feature","properties":{"meters":1,"rate":3.25,"single":true},"geometry":{"type":"Point","coordinates":[-123.116864,49.281935]}},{"type":"Feature","properties":{"meters":1,"rate":1.5,"single":true},"geometry":{"type":"Point","coordinates":[-123.069224,49.27135]}},{"type":"Feature","properties":{"meters":1,"rate":5.0,"single":true},"geometry":{"type":"Point","coordinates":[-123.120627,49.28872]}},{"type":"Feature","properties":{"meters":1,"rate":2.5,"single":true},"geometry":{"type":"Point","coordinates":[-123.107513,49.280624]}},{"type":"Feature","properties":{"meters":1,"rate":0.75,"single":true},"geometry":{"type":"Point","coordinates":[-123.100864,49.250385]}},{"type":"Feature","properties":{"meters":1,"rate":1.5,"single":true},"geometry":{"type":"Point","coordinates":[-123.131706,49.292101]}},{"type":"Feature","properties":{"meters":1,"rate":1.5,"single":true},"geometry":{"type":"Point","coordinates":[-123.087922,49.270599]}},{"type":"Feature","properties":{"meters":1,"rate":2.5,"single":true},"geometry":{"type":"Point","coordinates":[-123.140908,49.269012]}},{"type":"Feature","properties":{"meters":1,"rate":2.5,"single":true},"geometry":{"type":"Point","coordinates":[-123.102224,49.278628]}},{"type":"Feature","properties":{"meters":1,"rate":1.5,"single":true},"geometry":{"type":"Point","coordinates":[-123.147272,49.276723]}},{"type":"Feature","properties":{"meters":1,"rate":1.5,"single":true},"geometry":{"type":"Point","coordinates":[-123.209467,49.274551]}},{"type":"Feature","properties":{"meters":1,"rate":2.0,"single":true},"geometry":{"type":"Point","coordinates":[-123.12501,49.276286]}},{"type":"Feature","properties":{"meters":1,"rate":6.5,"single":true},"geometry":{"type":"Point","coordinates":[-123.112159,49.283769]}},{"type":"Feature","properties":{"meters":1,"rate":2.0,"single":true},"geometry":{"type":"Point","coordinates":[-123.113356,49.267215]}},{"type":"Feature","properties":{"meters":1,"rate":2.0,"single":true},"geometry":{"type":"Point","coordinates":[-123.11186,49.26848]}},{"type":"Feature","properties":{"meters":1,"rate":2.5,"single":true},"geometry":{"type":"Point","coordinates":[-123.10957,49.280403]}},{"type":"Feature","properties":{"meters":1,"rate":4.5,"single":true},"geometry":{"type":"Point","coordinates":[-123.138782,49.261169]}},{"type":"Feature","properties":{"meters":1,"rate":1.0,"single":true},"geometry":{"type":"Point","coordinates":[-123.109458,49.271118]}},{"type":"Feature","properties":{"meters":1,"rate":2.0,"single":true},"geometry":{"type":"Point","coordinates":[-123.108924,49.27164]}},{"type":"Feature","properties":{"meters":1,"rate":0.75,"single":true},"geometry":{"type":"Point","coordinates":[-123.1715,49.264046]}},{"type":"Feature","properties":{"meters":1,"rate":2.0,"single":true},"geometry":{"type":"Point","coordinates":[-123.137927,49.289573]}},{"type":"Feature","properties":{"meters":1,"rate":1.5,"single":true},"geometry":{"type":"Point","coordinates":[-123.096393,49.272032]}},{"type":"Feature","properties":{"meters":1,"rate":2.5,"single":true},"geometry":{"type":"Point","coordinates":[-123.146395,49.27116]}},{"type":"Feature","properties":{"meters":1,"rate":5.0,"single":true},"geometry":{"type":"Point","coordinates":[-123.107018,49.282633]}},{"type":"Feature","properties":{"meters":1,"rate":2.5,"single":true},"geometry":{"type":"Point","coordinates":[-123.113735,49.277844]}},{"type":"Feature","properties":{"meters":1,"rate":6.5,"single":true},"geometry":{"type":"Point","coordinates":[-123.11382,49.281842]}},{"type":"Feature","properties":{"meters":1,"rate":2.0,"single":true},"geometry":{"type":"Point","coordinates":[-123.111008,49.264582]}},{"type":"Feature","properties":{"meters":1,"rate":5.5,"single":true},"geometry":{"type":"Point","coordinates":[-123.125344,49.260902]}},{"type":"Feature","properties":{"meters":1,"rate":2.0,"single":true},"geometry":{"type":"Point","coordinates":[-123.137681,49.282883]}},{"type":"Feature","properties":{"meters":1,"rate":1.5,"single":true},"geometry":{"type":"Point","coordinates":[-123.055881,49.281229]}},{"type":"Feature","properties":{"meters":1,"rate":2.0,"single":true},"geometry":{"type":"Point","coordinates":[-123.094198,49.282118]}},{"type":"Feature","properties":{"meters":1,"rate":1.5,"single":true},"geometry":{"type":"Point","coordinates":[-123.101722,49.254665]}},{"type":"Feature","properties":{"meters":1,"rate":2.0,"single":true},"geometry":{"type":"Point","coordinates":[-123.139023,49.28507]}},{"type":"Feature","properties":{"meters":1,"rate":6.5,"single":true},"geometry":{"type":"Point","coordinates":[-123.119089,49.279188]}},{"type":"Feature","properties":{"meters":1,"rate":2.0,"single":true},"geometry":{"type":"Point","coordinates":[-123.125096,49.282722]}},{"type":"Feature","properties":{"meters":1,"rate":1.5,"single":true},"geometry":{"type":"Point","coordinates":[-123.210517,49.274467]}},{"type":"Feature","properties":{"meters":1,"rate":2.0,"single":true},"geometry":{"type":"Point","coordinates":[-123.098519,49.277711]}},{"type":"Feature","properties":{"meters":1,"rate":4.0,"single":true},"geometry":{"type":"Point","coordinates":[-123.105122,49.283696]}},{"type":"Feature","properties":{"meters":1,"rate":5.0,"single":true},"geometry":{"type":"Point","coordinates":[-123.1246,49.287637]}},{"type":"Feature","properties":{"meters":1,"rate":2.0,"single":true},"geometry":{"type":"Point","coordinates":[-123.130714,49.274487]}},{"type":"Feature","properties":{"meters":1,"rate":5.0,"single":true},"geometry":{"type":"Point","coordinates":[-123.106948,49.282332]}},{"type":"Feature","properties":{"meters":1,"rate":2.0,"single":true},"geometry":{"type":"Point","coordinates":[-123.133317,49.275776]}},{"type":"Feature","properties":{"meters":1,"rate":2.0,"single":true},"geometry":{"type":"Point","coordinates":[-123.138152,49.286176]}},{"type":"Feature","properties":{"meters":1,"rate":6.5,"single":true},"geometry":{"type":"Point","coordinates":[-123.111515,49.284206]}},{"type":"Feature","properties":{"meters":1,"rate":5.5,"single":true},"geometry":{"type":"Point","coordinates":[-123.116608,49.264219]}},{"type":"Feature","properties":{"meters":1,"rate":3.5,"single":true},"geometry":{"type":"Point","coordinates":[-123.142403,49.267879]}},{"type":"Feature","properties":{"meters":1,"rate":2.5,"single":true},"geometry":{"type":"Point","coordinates":[-123.143967,49.269707]}},{"type":"Feature","properties":{"meters":1,"rate":5.0,"single":true},"geometry":{"type":"Point","coordinates":[-123.122519,49.289323]}},{"type":"Feature","properties":{"meters":1,"rate":5.0,"single":true},"geometry":{"type":"Point","coordinates":[-123.122059,49.285158]}},{"type":"Feature","properties":{"meters":1,"rate":2.0,"single":true},"geometry":{"type":"Point","coordinates":[-123.121644,49.278953]}},{"type":"Feature","properties":{"meters":1,"rate":1.25,"single":true},"geometry":{"type":"Point","coordinates":[-123.166189,49.268254]}},{"type":"Feature","properties":{"meters":1,"rate":5.0,"single":true},"geometry":{"type":"Point","coordinates":[-123.12137,49.287721]}},{"type":"Feature","properties":{"meters":1,"rate":3.5,"single":true},"geometry":{"type":"Point","coordinates":[-123.120664,49.277059]}},{"type":"Feature","properties":{"meters":1,"rate":2.75,"single":true},"geometry":{"type":"Point","coordinates":[-123.11277,49.264053]}},{"type":"Feature","properties":{"meters":1,"rate":3.0,"single":true},"geometry":{"type":"Point","coordinates":[-123.139776,49.291432]}},{"type":"Feature","properties":{"meters":1,"rate":1.5,"single":true},"geometry":{"type":"Point","coordinates":[-123.037213,49.234919]}},{"type":"Feature","properties":{"meters":1,"rate":1.5,"single":true},"geometry":{"type":"Point","coordinates":[-123.202194,49.269655]}},{"type":"Feature","properties":{"meters":1,"rate":1.5,"single":true},"geometry":{"type":"Point","coordinates":[-123.149319,49.276188]}},{"type":"Feature","properties":{"meters":1,"rate":6.5,"single":true},"geometry":{"type":"Point","coordinates":[-123.1187,49.284788]}},{"type":"Feature","properties":{"meters":1,"rate":3.5,"single":true},"geometry":{"type":"Point","coordinates":[-123.125856,49.273498]}},{"type":"Feature","properties":{"meters":1,"rate":1.5,"single":true},"geometry":{"type":"Point","coordinates":[-123.07002,49.273008]}},{"type":"Feature","properties":{"meters":1,"rate":3.5,"single":true},"geometry":{"type":"Point","coordinates":[-123.123273,49.273665]}},{"type":"Feature","properties":{"meters":1,"rate":2.0,"single":true},"geometry":{"type":"Point","coordinates":[-123.131275,49.275014]}},{"type":"Feature","properties":{"meters":1,"rate":2.0,"single":true},"geometry":{"type":"Point","coordinates":[-123.095282,49.281828]}},{"type":"Feature","properties":{"meters":1,"rate":6.5,"single":true},"geometry":{"type":"Point","coordinates":[-123.119439,49.284282]}},{"type":"Feature","properties":{"meters":1,"rate":1.5,"single":true},"geometry":{"type":"Point","coordinates":[-123.150212,49.27515]}},{"type":"Feature","properties":{"meters":1,"rate":1.0,"single":true},"geometry":{"type":"Point","coordinates":[-123.106671,49.269108]}},{"type":"Feature","properties":{"meters":1,"rate":2.5,"single":true},"geometry":{"type":"Point","coordinates":[-123.109473,49.278397]}},{"type":"Feature","properties":{"meters":1,"rate":3.5,"single":true},"geometry":{"type":"Point","coordinates":[-123.156083,49.268098]}},{"type":"Feature","properties":{"meters":1,"rate":0.75,"single":true},"geometry":{"type":"Point","coordinates":[-123.093023,49.272113]}},{"type":"Feature","properties":{"meters":1,"rate":1.0,"single":true},"geometry":{"type":"Point","coordinates":[-123.121904,49.278775]}},{"type":"Feature","properties":{"meters":1,"rate":2.5,"single":true},"geometry":{"type":"Point","coordinates":[-123.140713,49.269386]}},{"type":"Feature","properties":{"meters":1,"rate":5.0,"single":true},"geometry":{"type":"Point","coordinates":[-123.111158,49.282078]}},{"type":"Feature","properties":{"meters":1,"rate":3.5,"single":true},"geometry":{"type":"Point","coordinates":[-123.158706,49.232263]}},{"type":"Feature","properties":{"meters":1,"rate":1.5,"single":true},"geometry":{"type":"Point","coordinates":[-123.099735,49.282556]}},{"type":"Feature","properties":{"meters":1,"rate":2.0,"single":true},"geometry":{"type":"Point","coordinates":[-123.135756,49.279229]}},{"type":"Feature","properties":{"meters":1,"rate":1.5,"single":true},"geometry":{"type":"Point","coordinates":[-123.149574,49.274427]}},{"type":"Feature","properties":{"meters":1,"rate":1.5,"single":true},"geometry":{"type":"Point","coordinates":[-123.115609,49.256856]}},{"type":"Feature","properties":{"meters":1,"rate":3.25,"single":true},"geometry":{"type":"Point","coordinates":[-123.119489,49.280204]}},{"type":"Feature","properties":{"meters":1,"rate":1.5,"single":true},"geometry":{"type":"Point","coordinates":[-123.11758,49.259803]}},{"type":"Feature","properties":{"meters":1,"rate":2.0,"single":true},"geometry":{"type":"Point","coordinates":[-123.11271,49.265352]}},{"type":"Feature","properties":{"meters":1,"rate":0.75,"single":true},"geometry":{"type":"Point","coordinates":[-123.101162,49.249403]}},{"type":"Feature","properties":{"meters":1,"rate":2.0,"single":true},"geometry":{"type":"Point","coordinates":[-123.134914,49.27867]}},{"type":"Feature","properties":{"meters":1,"rate":1.5,"single":true},"geometry":{"type":"Point","coordinates":[-123.08998,49.271248]}},{"type":"Feature","properties":{"meters":1,"rate":3.0,"single":true},"geometry":{"type":"Point","coordinates":[-123.1363,49.291006]}},{"type":"Feature","properties":{"meters":1,"rate":1.5,"single":true},"geometry":{"type":"Point","coordinates":[-123.101508,49.265466]}},{"type":"Feature","properties":{"meters":1,"rate":1.5,"single":true},"geometry":{"type":"Point","coordinates":[-123.132318,49.29267]}},{"type":"Feature","properties":{"meters":1,"rate":3.5,"single":true},"geometry":{"type":"Point","coordinates":[-123.120238,49.277173]}},{"type":"Feature","properties":{"meters":1,"rate":3.5,"single":true},"geometry":{"type":"Point","coordinates":[-123.150648,49.268015]}},{"type":"Feature","properties":{"meters":1,"rate":0.75,"single":true},"geometry":{"type":"Point","coordinates":[-123.090728,49.231123]}},{"type":"Feature","properties":{"meters":1,"rate":1.5,"single":true},"geometry":{"type":"Point","coordinates":[-123.206127,49.263997]}},{"type":"Feature","properties":{"meters":1,"rate":1.25,"single":true},"geometry":{"type":"Point","coordinates":[-123.117127,49.279393]}},{"type":"Feature","properties":{"meters":1,"rate":1.5,"single":true},"geometry":{"type":"Point","coordinates":[-123.147766,49.275507]}},{"type":"Feature","properties":{"meters":1,"rate":2.5,"single":true},"geometry":{"type":"Point","coordinates":[-123.154904,49.272422]}},{"type":"Feature","properties":{"meters":1,"rate":2.0,"single":true},"geometry":{"type":"Point","coordinates":[-123.132363,49.278282]}},{"type":"Feature","properties":{"meters":1,"rate":2.5,"single":true},"geometry":{"type":"Point","coordinates":[-123.104843,49.278002]}},{"type":"Feature","properties":{"meters":1,"rate":2.0,"single":true},"geometry":{"type":"Point","coordinates":[-123.102892,49.266971]}},{"type":"Feature","properties":{"meters":1,"rate":2.0,"single":true},"geometry":{"type":"Point","coordinates":[-123.129944,49.281126]}},{"type":"Feature","properties":{"meters":1,"rate":0.75,"single":true},"geometry":{"type":"Point","coordinates":[-123.033418,49.232623]}},{"type":"Feature","properties":{"meters":1,"rate":1.5,"single":true},"geometry":{"type":"Point","coordinates":[-123.069819,49.272088]}},{"type":"Feature","properties":{"meters":1,"rate":1.5,"single":true},"geometry":{"type":"Point","coordinates":[-123.091344,49.27117]}},{"type":"Feature","properties":{"meters":1,"rate":5.0,"single":true},"geometry":{"type":"Point","coordinates":[-123.12693,49.279149]}},{"type":"Feature","properties":{"meters":1,"rate":3.5,"single":true},"geometry":{"type":"Point","coordinates":[-123.123398,49.274477]}},{"type":"Feature","properties":{"meters":1,"rate":5.5,"single":true},"geometry":{"type":"Point","coordinates":[-123.112758,49.26444]}},{"type":"Feature","properties":{"meters":1,"rate":2.0,"single":true},"geometry":{"type":"Point","coordinates":[-123.084,49.281112]}},{"type":"Feature","properties":{"meters":1,"rate":0.75,"single":true},"geometry":{"type":"Point","coordinates":[-123.15016,49.272672]}},{"type":"Feature","properties":{"meters":1,"rate":2.0,"single":true},"geometry":{"type":"Point","coordinates":[-123.110763,49.265028]}}]}